ISO-10303-21;
HEADER;
FILE_DESCRIPTION (( 'STEP AP214' ),
    '1' );
FILE_NAME ('MAX5484EUD+.STEP',
    '2025-07-22T14:26:33',
    ( '' ),
    ( '' ),
    'SwSTEP 2.0',
    'SolidWorks 2020',
    '' );
FILE_SCHEMA (( 'AUTOMOTIVE_DESIGN' ));
ENDSEC;

DATA;
#1 = EDGE_CURVE ( 'NONE', #7178, #4764, #1710, .T. ) ;
#2 = ORIENTED_EDGE ( 'NONE', *, *, #400, .F. ) ;
#3 = DIRECTION ( 'NONE',  ( -1.000000000000000000, -1.117966558110372181E-15, 0.000000000000000000 ) ) ;
#4 = ADVANCED_FACE ( 'NONE', ( #5298 ), #3003, .F. ) ;
#5 = DIRECTION ( 'NONE',  ( -1.000000000000000000, -5.926311581346190705E-15, 0.000000000000000000 ) ) ;
#6 = CARTESIAN_POINT ( 'NONE',  ( 2.200000000000000178, 0.6975000000000000089, -2.500000000000000000 ) ) ;
#7 = ORIENTED_EDGE ( 'NONE', *, *, #1441, .F. ) ;
#8 = ORIENTED_EDGE ( 'NONE', *, *, #5844, .F. ) ;
#9 = ORIENTED_EDGE ( 'NONE', *, *, #5560, .T. ) ;
#10 = DIRECTION ( 'NONE',  ( 0.000000000000000000, 0.1736481776669305532, 0.9848077530122080203 ) ) ;
#11 = ORIENTED_EDGE ( 'NONE', *, *, #750, .F. ) ;
#12 = DIRECTION ( 'NONE',  ( 0.000000000000000000, 0.000000000000000000, -1.000000000000000000 ) ) ;
#13 = CYLINDRICAL_SURFACE ( 'NONE', #3221, 0.1296982034251575044 ) ;
#14 = EDGE_CURVE ( 'NONE', #1028, #286, #2924, .T. ) ;
#15 = EDGE_LOOP ( 'NONE', ( #5267, #3655, #2491, #4780 ) ) ;
#16 = DIRECTION ( 'NONE',  ( 0.000000000000000000, 0.000000000000000000, -1.000000000000000000 ) ) ;
#17 = CARTESIAN_POINT ( 'NONE',  ( 2.600000000000000089, 0.2500000000000000000, 0.1224999999999999978 ) ) ;
#18 = EDGE_LOOP ( 'NONE', ( #6788, #2986, #4209, #4179, #3042, #5555, #5529, #6547, #5612, #2453, #6594, #5037 ) ) ;
#19 = CARTESIAN_POINT ( 'NONE',  ( -2.742797124186769686, 0.2751789857617045199, 1.827499999999999902 ) ) ;
#20 =( LENGTH_UNIT ( ) NAMED_UNIT ( * ) SI_UNIT ( .MILLI., .METRE. ) );
#21 = CIRCLE ( 'NONE', #4893, 0.1000000000000001721 ) ;
#22 = EDGE_CURVE ( 'NONE', #4248, #1109, #5853, .T. ) ;
#23 = DIRECTION ( 'NONE',  ( 0.9848077530122083534, 0.1736481776669290544, 0.000000000000000000 ) ) ;
#24 = CARTESIAN_POINT ( 'NONE',  ( -2.437831373677284752, 0.4228017965748430140, 1.827499999999999902 ) ) ;
#25 = LINE ( 'NONE', #1751, #4630 ) ;
#26 = VECTOR ( 'NONE', #1908, 1000.000000000000000 ) ;
#27 = VERTEX_POINT ( 'NONE', #1854 ) ;
#28 = ORIENTED_EDGE ( 'NONE', *, *, #1570, .T. ) ;
#29 = LINE ( 'NONE', #4805, #6350 ) ;
#30 = CARTESIAN_POINT ( 'NONE',  ( 2.565559169962134956, 0.4453236532462965247, -0.5274999999999999689 ) ) ;
#31 = EDGE_LOOP ( 'NONE', ( #937, #1508, #6030, #3408 ) ) ;
#32 = CARTESIAN_POINT ( 'NONE',  ( 2.437831373677284752, 0.4228017965748430140, 1.422499999999999876 ) ) ;
#33 = PLANE ( 'NONE',  #446 ) ;
#34 = VECTOR ( 'NONE', #3425, 1000.000000000000114 ) ;
#35 = ORIENTED_EDGE ( 'NONE', *, *, #6704, .F. ) ;
#36 = ORIENTED_EDGE ( 'NONE', *, *, #473, .F. ) ;
#37 =( GEOMETRIC_REPRESENTATION_CONTEXT ( 3 ) GLOBAL_UNCERTAINTY_ASSIGNED_CONTEXT ( ( #6428 ) ) GLOBAL_UNIT_ASSIGNED_CONTEXT ( ( #4502, #4378, #5614 ) ) REPRESENTATION_CONTEXT ( 'NONE', 'WORKASPACE' ) );
#38 = VECTOR ( 'NONE', #5570, 1000.000000000000000 ) ;
#39 = CARTESIAN_POINT ( 'NONE',  ( -2.437831373677284752, 0.4228017965748430140, -0.7724999999999999645 ) ) ;
#40 = ORIENTED_EDGE ( 'NONE', *, *, #205, .T. ) ;
#41 = DIRECTION ( 'NONE',  ( 0.000000000000000000, 0.000000000000000000, -1.000000000000000000 ) ) ;
#42 = CARTESIAN_POINT ( 'NONE',  ( -2.200000000000000178, 0.6975000000000000089, -1.827499999999999902 ) ) ;
#43 = AXIS2_PLACEMENT_3D ( 'NONE', #3662, #6083, #231 ) ;
#44 = EDGE_CURVE ( 'NONE', #4745, #3415, #2315, .T. ) ;
#45 = VECTOR ( 'NONE', #6094, 1000.000000000000000 ) ;
#46 = EDGE_CURVE ( 'NONE', #4491, #3274, #6348, .T. ) ;
#47 = ORIENTED_EDGE ( 'NONE', *, *, #4839, .T. ) ;
#48 = ORIENTED_EDGE ( 'NONE', *, *, #1596, .T. ) ;
#49 = EDGE_CURVE ( 'NONE', #2508, #1692, #1816, .T. ) ;
#50 = ORIENTED_EDGE ( 'NONE', *, *, #2016, .F. ) ;
#51 = FACE_OUTER_BOUND ( 'NONE', #4868, .T. ) ;
#52 = DIRECTION ( 'NONE',  ( 0.000000000000000000, 1.000000000000000000, 0.000000000000000000 ) ) ;
#53 = ORIENTED_EDGE ( 'NONE', *, *, #22, .T. ) ;
#54 = CARTESIAN_POINT ( 'NONE',  ( -2.565559169962134956, 0.4453236532462965247, 0.7724999999999999645 ) ) ;
#55 = CARTESIAN_POINT ( 'NONE',  ( 2.861477631149734968, 0.1683185773129355078, 0.7724999999999999645 ) ) ;
#56 = CIRCLE ( 'NONE', #3959, 0.2746982034251567728 ) ;
#57 = LINE ( 'NONE', #4032, #92 ) ;
#58 = CARTESIAN_POINT ( 'NONE',  ( 2.708356294148904997, 0.4705026390080009890, -0.5274999999999999689 ) ) ;
#59 = EDGE_CURVE ( 'NONE', #1049, #1616, #4612, .T. ) ;
#60 = ORIENTED_EDGE ( 'NONE', *, *, #6047, .T. ) ;
#61 = EDGE_CURVE ( 'NONE', #4544, #3239, #2280, .T. ) ;
#62 = ORIENTED_EDGE ( 'NONE', *, *, #3215, .T. ) ;
#63 = EDGE_CURVE ( 'NONE', #1944, #5965, #5211, .T. ) ;
#64 = FACE_OUTER_BOUND ( 'NONE', #105, .T. ) ;
#65 = ORIENTED_EDGE ( 'NONE', *, *, #7070, .F. ) ;
#66 = LINE ( 'NONE', #1286, #7404 ) ;
#67 = LINE ( 'NONE', #2500, #368 ) ;
#68 = CARTESIAN_POINT ( 'NONE',  ( -3.189885311307104843, 9.629649721936179265E-32, 0.1224999999999999978 ) ) ;
#69 = LINE ( 'NONE', #5256, #5100 ) ;
#70 = DIRECTION ( 'NONE',  ( 0.000000000000000000, 0.000000000000000000, -1.000000000000000000 ) ) ;
#71 =( LENGTH_UNIT ( ) NAMED_UNIT ( * ) SI_UNIT ( .MILLI., .METRE. ) );
#72 = CARTESIAN_POINT ( 'NONE',  ( -2.437831373677284752, 0.4228017965748430140, 0.1224999999999999978 ) ) ;
#73 = FACE_OUTER_BOUND ( 'NONE', #4616, .T. ) ;
#74 = VERTEX_POINT ( 'NONE', #4375 ) ;
#75 = EDGE_LOOP ( 'NONE', ( #407, #3862, #3686 ) ) ;
#76 = ADVANCED_FACE ( 'NONE', ( #6073 ), #743, .T. ) ;
#77 =( NAMED_UNIT ( * ) SI_UNIT ( $, .STERADIAN. ) SOLID_ANGLE_UNIT ( ) );
#78 = DIRECTION ( 'NONE',  ( -1.000000000000000000, 0.000000000000000000, 1.971276677246369793E-16 ) ) ;
#79 = CIRCLE ( 'NONE', #1414, 0.1296982034251579208 ) ;
#80 = DIRECTION ( 'NONE',  ( 1.000000000000000000, 0.000000000000000000, 0.000000000000000000 ) ) ;
#81 = PLANE ( 'NONE',  #7429 ) ;
#82 = ORIENTED_EDGE ( 'NONE', *, *, #6429, .T. ) ;
#83 = CIRCLE ( 'NONE', #7001, 0.1000000000000000472 ) ;
#84 = EDGE_LOOP ( 'NONE', ( #3220, #5737, #5676, #2942 ) ) ;
#85 = DIRECTION ( 'NONE',  ( 0.000000000000000000, 0.000000000000000000, 1.000000000000000000 ) ) ;
#86 = CARTESIAN_POINT ( 'NONE',  ( -2.600000000000000089, 0.2500000000000000000, 1.422499999999999876 ) ) ;
#87 = ORIENTED_EDGE ( 'NONE', *, *, #649, .T. ) ;
#88 = DIRECTION ( 'NONE',  ( 0.000000000000000000, 0.000000000000000000, -1.000000000000000000 ) ) ;
#89 = ORIENTED_EDGE ( 'NONE', *, *, #5960, .F. ) ;
#90 = PLANE ( 'NONE',  #5409 ) ;
#91 = ADVANCED_FACE ( 'NONE', ( #3078 ), #6614, .F. ) ;
#92 = VECTOR ( 'NONE', #4104, 1000.000000000000000 ) ;
#93 = EDGE_LOOP ( 'NONE', ( #1188, #5991, #4372, #7512 ) ) ;
#94 = LINE ( 'NONE', #1350, #2709 ) ;
#95 = EDGE_CURVE ( 'NONE', #2343, #4332, #5692, .T. ) ;
#96 = CARTESIAN_POINT ( 'NONE',  ( 2.870524920471619890, 0.2977008424331585301, 1.422499999999999876 ) ) ;
#97 = ORIENTED_EDGE ( 'NONE', *, *, #5644, .T. ) ;
#98 = SURFACE_STYLE_USAGE ( .BOTH. , #5325 ) ;
#99 = ORIENTED_EDGE ( 'NONE', *, *, #5427, .T. ) ;
#100 = DIRECTION ( 'NONE',  ( 0.000000000000000000, 0.000000000000000000, -1.000000000000000000 ) ) ;
#101 = PLANE ( 'NONE',  #2572 ) ;
#102 = DIRECTION ( 'NONE',  ( 0.000000000000000000, 0.000000000000000000, -1.000000000000000000 ) ) ;
#103 = LINE ( 'NONE', #4762, #2554 ) ;
#104 = PRODUCT_DEFINITION_SHAPE ( 'NONE', 'NONE',  #1511 ) ;
#105 = EDGE_LOOP ( 'NONE', ( #1967, #3607, #6689, #2531 ) ) ;
#106 = EDGE_CURVE ( 'NONE', #2805, #390, #782, .T. ) ;
#107 = EDGE_CURVE ( 'NONE', #131, #1158, #2616, .T. ) ;
#108 = CYLINDRICAL_SURFACE ( 'NONE', #6100, 0.09999999999999982514 ) ;
#109 = LINE ( 'NONE', #4235, #6486 ) ;
#110 = DIRECTION ( 'NONE',  ( -1.000000000000000000, 2.279350608210075138E-15, 0.000000000000000000 ) ) ;
#111 = ORIENTED_EDGE ( 'NONE', *, *, #5371, .F. ) ;
#112 = EDGE_CURVE ( 'NONE', #5486, #1028, #3273, .T. ) ;
#113 = CYLINDRICAL_SURFACE ( 'NONE', #5674, 0.1296982034251575044 ) ;
#114 = ADVANCED_FACE ( 'NONE', ( #7170 ), #1433, .F. ) ;
#115 = CLOSED_SHELL ( 'NONE', ( #5474, #463, #3111, #2673, #1026, #1556, #5962, #4402, #153, #5772, #162, #3845, #3423, #7069 ) ) ;
#116 = VERTEX_POINT ( 'NONE', #1470 ) ;
#117 = AXIS2_PLACEMENT_3D ( 'NONE', #6870, #1670, #5731 ) ;
#118 = PRESENTATION_STYLE_ASSIGNMENT (( #2401 ) ) ;
#119 = FACE_OUTER_BOUND ( 'NONE', #4173, .T. ) ;
#120 = CIRCLE ( 'NONE', #6314, 0.2746982034251563842 ) ;
#121 = EDGE_CURVE ( 'NONE', #5290, #806, #6109, .T. ) ;
#122 = VERTEX_POINT ( 'NONE', #4804 ) ;
#123 = DIRECTION ( 'NONE',  ( 0.000000000000000000, 0.000000000000000000, -1.000000000000000000 ) ) ;
#124 = CARTESIAN_POINT ( 'NONE',  ( 2.851362942456834748, 0.02367179002526179771, 0.1224999999999999978 ) ) ;
#125 = VECTOR ( 'NONE', #6246, 1000.000000000000000 ) ;
#126 = AXIS2_PLACEMENT_3D ( 'NONE', #96, #5843, #2874 ) ;
#127 = ORIENTED_EDGE ( 'NONE', *, *, #7502, .F. ) ;
#128 = VERTEX_POINT ( 'NONE', #220 ) ;
#129 = DIRECTION ( 'NONE',  ( -0.1736481776669329125, -0.9848077530122075762, 0.000000000000000000 ) ) ;
#130 = LINE ( 'NONE', #6490, #3372 ) ;
#131 = VERTEX_POINT ( 'NONE', #4410 ) ;
#132 = CARTESIAN_POINT ( 'NONE',  ( 2.437831373677284752, 0.4228017965748430140, 0.7724999999999999645 ) ) ;
#133 = EDGE_LOOP ( 'NONE', ( #5697, #3757, #4204, #1585 ) ) ;
#134 = DIRECTION ( 'NONE',  ( 0.9975640502598247528, 0.06975647374411807211, 0.000000000000000000 ) ) ;
#135 = ORIENTED_EDGE ( 'NONE', *, *, #1073, .T. ) ;
#136 = CARTESIAN_POINT ( 'NONE',  ( 2.200000000000000178, 0.6974999999999970113, -2.400502642445350610 ) ) ;
#137 = LINE ( 'NONE', #552, #4760 ) ;
#138 = ORIENTED_EDGE ( 'NONE', *, *, #5222, .F. ) ;
#139 = CARTESIAN_POINT ( 'NONE',  ( 2.200000000000000178, 0.6975000000000000089, -1.827499999999999902 ) ) ;
#140 = ORIENTED_EDGE ( 'NONE', *, *, #3308, .T. ) ;
#141 = CARTESIAN_POINT ( 'NONE',  ( -2.199988631206595269, 0.5524355243686569494, 2.401507855905375077 ) ) ;
#142 = DIRECTION ( 'NONE',  ( 0.000000000000000000, 1.000000000000000000, 0.000000000000000000 ) ) ;
#143 = DIRECTION ( 'NONE',  ( -1.000000000000000000, 0.000000000000000000, 0.000000000000000000 ) ) ;
#144 = PRODUCT_DEFINITION_FORMATION_WITH_SPECIFIED_SOURCE ( 'ANY', '', #3018, .NOT_KNOWN. ) ;
#145 = VECTOR ( 'NONE', #4694, 1000.000000000000000 ) ;
#146 = CARTESIAN_POINT ( 'NONE',  ( 2.437831373677284752, 0.4228017965748430140, 0.5274999999999999689 ) ) ;
#147 = DIRECTION ( 'NONE',  ( 0.000000000000000000, 1.000000000000000000, 0.000000000000000000 ) ) ;
#148 = EDGE_CURVE ( 'NONE', #3925, #875, #7164, .T. ) ;
#149 = DIRECTION ( 'NONE',  ( -0.1736481776669290544, 0.9848077530122083534, 0.000000000000000000 ) ) ;
#150 = EDGE_CURVE ( 'NONE', #5798, #769, #6797, .T. ) ;
#151 = CARTESIAN_POINT ( 'NONE',  ( 2.200000000000000178, 0.5524999999999999911, -1.827499999999999902 ) ) ;
#152 = AXIS2_PLACEMENT_3D ( 'NONE', #5379, #203, #1799 ) ;
#153 = ADVANCED_FACE ( 'NONE', ( #4866 ), #6066, .F. ) ;
#154 = LINE ( 'NONE', #1437, #4638 ) ;
#155 = CARTESIAN_POINT ( 'NONE',  ( -2.437831373677284752, 0.4228017965748430140, -0.5274999999999999689 ) ) ;
#156 = ORIENTED_EDGE ( 'NONE', *, *, #5040, .T. ) ;
#157 = ORIENTED_EDGE ( 'NONE', *, *, #4921, .F. ) ;
#158 = VECTOR ( 'NONE', #5893, 1000.000000000000000 ) ;
#159 = AXIS2_PLACEMENT_3D ( 'NONE', #576, #3978, #5755 ) ;
#160 = VECTOR ( 'NONE', #6322, 1000.000000000000000 ) ;
#161 = EDGE_CURVE ( 'NONE', #3236, #1044, #4964, .T. ) ;
#162 = ADVANCED_FACE ( 'NONE', ( #5535 ), #284, .T. ) ;
#163 = CARTESIAN_POINT ( 'NONE',  ( 2.200000000000000178, 0.5524999999999999911, 0.7724999999999999645 ) ) ;
#164 = AXIS2_PLACEMENT_3D ( 'NONE', #4986, #4431, #6738 ) ;
#165 = DIRECTION ( 'NONE',  ( 1.000000000000000000, 4.558701216420150868E-16, 0.000000000000000000 ) ) ;
#166 = LINE ( 'NONE', #4818, #3424 ) ;
#167 = AXIS2_PLACEMENT_3D ( 'NONE', #3637, #245, #7193 ) ;
#168 = AXIS2_PLACEMENT_3D ( 'NONE', #2158, #3227, #6185 ) ;
#169 = ADVANCED_FACE ( 'NONE', ( #2497 ), #3115, .F. ) ;
#170 = ORIENTED_EDGE ( 'NONE', *, *, #3370, .F. ) ;
#171 = AXIS2_PLACEMENT_3D ( 'NONE', #2273, #1666, #7469 ) ;
#172 = ORIENTED_EDGE ( 'NONE', *, *, #2201, .T. ) ;
#173 = CARTESIAN_POINT ( 'NONE',  ( 2.045118427147115003, 0.2500000000000000000, 2.345118427147114826 ) ) ;
#174 = CARTESIAN_POINT ( 'NONE',  ( -2.565559169962134956, 0.4453236532462965247, -0.5274999999999999689 ) ) ;
#175 = VERTEX_POINT ( 'NONE', #1355 ) ;
#176 = CARTESIAN_POINT ( 'NONE',  ( 2.143599202448335017, 0.2326351822333074804, -2.345118427147114826 ) ) ;
#177 = ORIENTED_EDGE ( 'NONE', *, *, #3142, .F. ) ;
#178 = FACE_OUTER_BOUND ( 'NONE', #6979, .T. ) ;
#179 =( GEOMETRIC_REPRESENTATION_CONTEXT ( 3 ) GLOBAL_UNCERTAINTY_ASSIGNED_CONTEXT ( ( #1605 ) ) GLOBAL_UNIT_ASSIGNED_CONTEXT ( ( #20, #6867, #4692 ) ) REPRESENTATION_CONTEXT ( 'NONE', 'WORKASPACE' ) );
#180 = AXIS2_PLACEMENT_3D ( 'NONE', #1068, #2267, #4024 ) ;
#181 = ORIENTED_EDGE ( 'NONE', *, *, #4279, .T. ) ;
#182 = CARTESIAN_POINT ( 'NONE',  ( -2.870524920471619890, 0.2977008424331585301, -1.177499999999999991 ) ) ;
#183 = ORIENTED_EDGE ( 'NONE', *, *, #7039, .T. ) ;
#184 = LINE ( 'NONE', #1920, #5103 ) ;
#185 = EDGE_CURVE ( 'NONE', #3421, #5008, #1446, .T. ) ;
#186 = ORIENTED_EDGE ( 'NONE', *, *, #6537, .F. ) ;
#187 = ORIENTED_EDGE ( 'NONE', *, *, #4952, .F. ) ;
#188 = CARTESIAN_POINT ( 'NONE',  ( 3.200000000000000178, 0.1446467872876731897, -0.5274999999999999689 ) ) ;
#189 = AXIS2_PLACEMENT_3D ( 'NONE', #3371, #1773, #6936 ) ;
#190 = CARTESIAN_POINT ( 'NONE',  ( 3.189885311307104843, 9.629649721936179265E-32, -0.7724999999999999645 ) ) ;
#191 = DIRECTION ( 'NONE',  ( 0.000000000000000000, 0.000000000000000000, -1.000000000000000000 ) ) ;
#192 = CARTESIAN_POINT ( 'NONE',  ( 2.437831373677284752, 0.4228017965748430140, 1.422499999999999876 ) ) ;
#193 = CARTESIAN_POINT ( 'NONE',  ( 2.100000000000000089, 0.6975000000000000089, 2.500000000000000000 ) ) ;
#194 = CARTESIAN_POINT ( 'NONE',  ( -2.200000000000000178, 0.6975000000000000089, -1.422499999999999876 ) ) ;
#195 = DIRECTION ( 'NONE',  ( 0.000000000000000000, 0.000000000000000000, 1.000000000000000000 ) ) ;
#196 = CARTESIAN_POINT ( 'NONE',  ( 2.200000000000000178, 0.6975000000000000089, 0.5274999999999999689 ) ) ;
#197 = EDGE_CURVE ( 'NONE', #970, #4493, #3758, .T. ) ;
#198 = VERTEX_POINT ( 'NONE', #4834 ) ;
#199 = DIRECTION ( 'NONE',  ( 0.000000000000000000, 0.000000000000000000, -1.000000000000000000 ) ) ;
#200 = FACE_OUTER_BOUND ( 'NONE', #2371, .T. ) ;
#201 = VERTEX_POINT ( 'NONE', #188 ) ;
#202 = CARTESIAN_POINT ( 'NONE',  ( 2.200000000000000178, 0.5524999999999999911, -2.500000000000000000 ) ) ;
#203 = DIRECTION ( 'NONE',  ( 0.000000000000000000, 0.000000000000000000, 1.000000000000000000 ) ) ;
#204 = ADVANCED_FACE ( 'NONE', ( #7131 ), #1393, .F. ) ;
#205 = EDGE_CURVE ( 'NONE', #5182, #3552, #2610, .T. ) ;
#206 = ORIENTED_EDGE ( 'NONE', *, *, #3971, .T. ) ;
#207 = SPHERICAL_SURFACE ( 'NONE', #5951, 0.1000000000000000056 ) ;
#208 = CIRCLE ( 'NONE', #1172, 0.2746982034251563842 ) ;
#209 = FACE_OUTER_BOUND ( 'NONE', #4826, .T. ) ;
#210 = EDGE_LOOP ( 'NONE', ( #6064, #1949, #4856, #6823 ) ) ;
#211 = CARTESIAN_POINT ( 'NONE',  ( -2.437831373677284752, 0.6975000000000000089, -0.1224999999999999978 ) ) ;
#212 = ORIENTED_EDGE ( 'NONE', *, *, #6186, .F. ) ;
#213 = LINE ( 'NONE', #2492, #6123 ) ;
#214 = ORIENTED_EDGE ( 'NONE', *, *, #6849, .F. ) ;
#215 = DIRECTION ( 'NONE',  ( -1.000000000000000000, -5.926311581346190705E-15, 0.000000000000000000 ) ) ;
#216 = ORIENTED_EDGE ( 'NONE', *, *, #7058, .F. ) ;
#217 = CARTESIAN_POINT ( 'NONE',  ( -2.742797124186769686, 0.2751789857617045199, -1.177499999999999991 ) ) ;
#218 = VECTOR ( 'NONE', #1838, 1000.000000000000000 ) ;
#219 = AXIS2_PLACEMENT_3D ( 'NONE', #3859, #939, #6591 ) ;
#220 = CARTESIAN_POINT ( 'NONE',  ( -2.861477631149734968, 0.1683185773129349805, -1.827499999999999902 ) ) ;
#221 = FILL_AREA_STYLE_COLOUR ( '', #6237 ) ;
#222 = ORIENTED_EDGE ( 'NONE', *, *, #2314, .T. ) ;
#223 = LINE ( 'NONE', #1358, #3664 ) ;
#224 = CARTESIAN_POINT ( 'NONE',  ( 2.437831373677284752, 0.4228017965748430140, 0.1224999999999999978 ) ) ;
#225 = DIRECTION ( 'NONE',  ( -1.971276677246369793E-16, 0.000000000000000000, -1.000000000000000000 ) ) ;
#226 = DIRECTION ( 'NONE',  ( 0.1710878697460359588, 0.9702875252478136980, -0.1710878697460359588 ) ) ;
#227 =( NAMED_UNIT ( * ) SI_UNIT ( $, .STERADIAN. ) SOLID_ANGLE_UNIT ( ) );
#228 = CARTESIAN_POINT ( 'NONE',  ( 2.742797124186769686, 0.2751789857617050195, 1.177499999999999991 ) ) ;
#229 = CARTESIAN_POINT ( 'NONE',  ( -2.200000000000000178, 0.6975000000000000089, 0.7724999999999999645 ) ) ;
#230 = DIRECTION ( 'NONE',  ( -0.1710878697460355147, -0.9702875252478140311, -0.1710878697460355147 ) ) ;
#231 = DIRECTION ( 'NONE',  ( 1.000000000000000000, 0.000000000000000000, 0.000000000000000000 ) ) ;
#232 = ORIENTED_EDGE ( 'NONE', *, *, #5747, .T. ) ;
#233 = LINE ( 'NONE', #1940, #5273 ) ;
#234 = ORIENTED_EDGE ( 'NONE', *, *, #790, .F. ) ;
#235 = DIRECTION ( 'NONE',  ( 0.000000000000000000, 0.000000000000000000, -1.000000000000000000 ) ) ;
#236 = ORIENTED_EDGE ( 'NONE', *, *, #1978, .T. ) ;
#237 = AXIS2_PLACEMENT_3D ( 'NONE', #313, #4263, #7227 ) ;
#238 = ADVANCED_FACE ( 'NONE', ( #7263 ), #3071, .F. ) ;
#239 = DIRECTION ( 'NONE',  ( -1.000000000000000000, -5.926311581346190705E-15, 0.000000000000000000 ) ) ;
#240 = CARTESIAN_POINT ( 'NONE',  ( 2.861477631149730083, 0.1683185773129355078, -0.7724999999999999645 ) ) ;
#241 = EDGE_CURVE ( 'NONE', #4068, #5484, #6573, .T. ) ;
#242 = ORIENTED_EDGE ( 'NONE', *, *, #7485, .F. ) ;
#243 = DIRECTION ( 'NONE',  ( 0.000000000000000000, 0.000000000000000000, 1.000000000000000000 ) ) ;
#244 = ORIENTED_EDGE ( 'NONE', *, *, #4304, .F. ) ;
#245 = DIRECTION ( 'NONE',  ( 0.000000000000000000, 0.000000000000000000, 1.000000000000000000 ) ) ;
#246 = CIRCLE ( 'NONE', #7272, 0.1296982034251575044 ) ;
#247 = DIRECTION ( 'NONE',  ( 1.000000000000000000, 0.000000000000000000, 0.000000000000000000 ) ) ;
#248 = ORIENTED_EDGE ( 'NONE', *, *, #6907, .T. ) ;
#249 = CARTESIAN_POINT ( 'NONE',  ( -2.851362942456834748, 0.02367179002526179771, 1.422499999999999876 ) ) ;
#250 = ADVANCED_FACE ( 'NONE', ( #876 ), #4369, .F. ) ;
#251 = FACE_OUTER_BOUND ( 'NONE', #6627, .T. ) ;
#252 = DIRECTION ( 'NONE',  ( 0.000000000000000000, 0.000000000000000000, -1.000000000000000000 ) ) ;
#253 = UNCERTAINTY_MEASURE_WITH_UNIT (LENGTH_MEASURE( 1.000000000000000082E-05 ), #5786, 'distance_accuracy_value', 'NONE');
#254 = VERTEX_POINT ( 'NONE', #3146 ) ;
#255 = SURFACE_SIDE_STYLE ('',( #6542 ) ) ;
#256 = VECTOR ( 'NONE', #6801, 1000.000000000000000 ) ;
#257 = CARTESIAN_POINT ( 'NONE',  ( 2.200000000000000178, 0.5524999999999999911, -1.177499999999999991 ) ) ;
#258 = ORIENTED_EDGE ( 'NONE', *, *, #2741, .F. ) ;
#259 = DIRECTION ( 'NONE',  ( 0.000000000000000000, -0.1736481776669305532, 0.9848077530122080203 ) ) ;
#260 = PLANE ( 'NONE',  #7253 ) ;
#261 = CARTESIAN_POINT ( 'NONE',  ( -1.486702623836771986, 1.000000000000000000, -1.838720136967914920 ) ) ;
#262 = CARTESIAN_POINT ( 'NONE',  ( -2.851362942456834748, 0.02367179002526179771, 1.177499999999999991 ) ) ;
#263 = VECTOR ( 'NONE', #768, 1000.000000000000114 ) ;
#264 = VECTOR ( 'NONE', #3730, 1000.000000000000114 ) ;
#265 = CARTESIAN_POINT ( 'NONE',  ( -2.861477631149734968, 0.1683185773129349805, 1.422499999999999876 ) ) ;
#266 = VECTOR ( 'NONE', #7283, 1000.000000000000000 ) ;
#267 = ORIENTED_EDGE ( 'NONE', *, *, #7475, .T. ) ;
#268 = AXIS2_PLACEMENT_3D ( 'NONE', #3923, #1561, #3262 ) ;
#269 = AXIS2_PLACEMENT_3D ( 'NONE', #3711, #235, #2561 ) ;
#270 = DIRECTION ( 'NONE',  ( 0.000000000000000000, 0.000000000000000000, 1.000000000000000000 ) ) ;
#271 = CARTESIAN_POINT ( 'NONE',  ( -2.437831373677284752, 0.4228017965748430140, -0.5274999999999999689 ) ) ;
#272 = AXIS2_PLACEMENT_3D ( 'NONE', #1906, #4245, #1336 ) ;
#273 = DIRECTION ( 'NONE',  ( 0.000000000000000000, -1.000000000000000000, 0.000000000000000000 ) ) ;
#274 = VERTEX_POINT ( 'NONE', #6671 ) ;
#275 = DIRECTION ( 'NONE',  ( 0.000000000000000000, -0.1736481776669305532, -0.9848077530122080203 ) ) ;
#276 = VERTEX_POINT ( 'NONE', #3795 ) ;
#277 = CARTESIAN_POINT ( 'NONE',  ( -2.851362942456834748, 0.02367179002526179771, -0.5274999999999999689 ) ) ;
#278 = EDGE_CURVE ( 'NONE', #1421, #1619, #6799, .T. ) ;
#279 = DIRECTION ( 'NONE',  ( 0.1736481776669290544, 0.9848077530122083534, 0.000000000000000000 ) ) ;
#280 = VECTOR ( 'NONE', #592, 1000.000000000000114 ) ;
#281 = EDGE_CURVE ( 'NONE', #6391, #7050, #1548, .T. ) ;
#282 = ORIENTED_EDGE ( 'NONE', *, *, #1683, .T. ) ;
#283 = ORIENTED_EDGE ( 'NONE', *, *, #836, .F. ) ;
#284 = CYLINDRICAL_SURFACE ( 'NONE', #6668, 0.2746982034251567728 ) ;
#285 =( LENGTH_UNIT ( ) NAMED_UNIT ( * ) SI_UNIT ( .MILLI., .METRE. ) );
#286 = VERTEX_POINT ( 'NONE', #3836 ) ;
#287 = DIRECTION ( 'NONE',  ( 0.1736481776669290544, -0.9848077530122083534, 0.000000000000000000 ) ) ;
#288 = FACE_OUTER_BOUND ( 'NONE', #5051, .T. ) ;
#289 = DIRECTION ( 'NONE',  ( -1.000000000000000000, 0.000000000000000000, 0.000000000000000000 ) ) ;
#290 = VECTOR ( 'NONE', #410, 1000.000000000000000 ) ;
#291 = ADVANCED_FACE ( 'NONE', ( #914 ), #2226, .F. ) ;
#292 = EDGE_CURVE ( 'NONE', #875, #4491, #7390, .T. ) ;
#293 = VECTOR ( 'NONE', #6258, 1000.000000000000000 ) ;
#294 = FILL_AREA_STYLE_COLOUR ( '', #391 ) ;
#295 = DIRECTION ( 'NONE',  ( 1.000000000000000000, 0.000000000000000000, 0.000000000000000000 ) ) ;
#296 = CARTESIAN_POINT ( 'NONE',  ( -2.200000000000000178, 0.6975000000000000089, 2.399999999999999911 ) ) ;
#297 = DIRECTION ( 'NONE',  ( 0.000000000000000000, 0.000000000000000000, -1.000000000000000000 ) ) ;
#298 = FACE_OUTER_BOUND ( 'NONE', #15, .T. ) ;
#299 = AXIS2_PLACEMENT_3D ( 'NONE', #6376, #6415, #5805 ) ;
#300 = CARTESIAN_POINT ( 'NONE',  ( 3.200000000000000178, 0.1446467872876731897, -1.177499999999999991 ) ) ;
#301 = DIRECTION ( 'NONE',  ( 0.06975647374411987622, 0.9975640502598246417, 0.000000000000000000 ) ) ;
#302 = ADVANCED_FACE ( 'NONE', ( #2266 ), #6178, .T. ) ;
#303 = DIRECTION ( 'NONE',  ( 0.000000000000000000, 0.000000000000000000, -1.000000000000000000 ) ) ;
#304 = DIRECTION ( 'NONE',  ( 0.000000000000000000, 0.000000000000000000, -1.000000000000000000 ) ) ;
#305 = DIRECTION ( 'NONE',  ( 0.000000000000000000, 0.000000000000000000, -1.000000000000000000 ) ) ;
#306 = ORIENTED_EDGE ( 'NONE', *, *, #6274, .F. ) ;
#307 = CARTESIAN_POINT ( 'NONE',  ( 2.565559169962134956, 0.4453236532462965247, -2.072500000000000231 ) ) ;
#308 = ORIENTED_EDGE ( 'NONE', *, *, #44, .T. ) ;
#309 = DIRECTION ( 'NONE',  ( 0.000000000000000000, 0.000000000000000000, -1.000000000000000000 ) ) ;
#310 = ORIENTED_EDGE ( 'NONE', *, *, #2857, .F. ) ;
#311 = DIRECTION ( 'NONE',  ( 0.000000000000000000, 0.000000000000000000, -1.000000000000000000 ) ) ;
#312 = ORIENTED_EDGE ( 'NONE', *, *, #2476, .F. ) ;
#313 = CARTESIAN_POINT ( 'NONE',  ( -2.565559169962134956, 0.4453236532462965247, 2.072500000000000231 ) ) ;
#314 = ORIENTED_EDGE ( 'NONE', *, *, #4991, .T. ) ;
#315 = EDGE_CURVE ( 'NONE', #5266, #6137, #4600, .T. ) ;
#316 = CARTESIAN_POINT ( 'NONE',  ( -2.851362942456834748, 0.02367179002526179771, -1.177499999999999991 ) ) ;
#317 = EDGE_CURVE ( 'NONE', #5846, #6818, #5678, .T. ) ;
#318 = CARTESIAN_POINT ( 'NONE',  ( 2.870524920471619890, 0.2977008424331585301, -1.422499999999999876 ) ) ;
#319 = AXIS2_PLACEMENT_3D ( 'NONE', #5172, #3922, #4536 ) ;
#320 = VECTOR ( 'NONE', #5557, 1000.000000000000114 ) ;
#321 = VERTEX_POINT ( 'NONE', #1657 ) ;
#322 = CARTESIAN_POINT ( 'NONE',  ( 2.708356294148904997, 0.4705026390080009890, -0.7724999999999999645 ) ) ;
#323 = DIRECTION ( 'NONE',  ( 0.000000000000000000, 0.000000000000000000, -1.000000000000000000 ) ) ;
#324 = DIRECTION ( 'NONE',  ( 0.000000000000000000, 0.1736481776669305532, 0.9848077530122080203 ) ) ;
#325 = LINE ( 'NONE', #891, #5483 ) ;
#326 = EDGE_CURVE ( 'NONE', #6600, #7261, #1938, .T. ) ;
#327 = LINE ( 'NONE', #4976, #7266 ) ;
#328 = EDGE_CURVE ( 'NONE', #2780, #4691, #3400, .T. ) ;
#329 = CARTESIAN_POINT ( 'NONE',  ( -2.101507855905375255, 0.6975644756313429395, -2.499988631206595091 ) ) ;
#330 = VERTEX_POINT ( 'NONE', #3365 ) ;
#331 = DIRECTION ( 'NONE',  ( 0.000000000000000000, 0.000000000000000000, 1.000000000000000000 ) ) ;
#332 = CARTESIAN_POINT ( 'NONE',  ( -3.189885311307104843, 9.629649721936179265E-32, 1.422499999999999876 ) ) ;
#333 = ORIENTED_EDGE ( 'NONE', *, *, #3040, .F. ) ;
#334 = ORIENTED_EDGE ( 'NONE', *, *, #5137, .F. ) ;
#335 = EDGE_CURVE ( 'NONE', #4763, #2343, #7305, .T. ) ;
#336 = DIRECTION ( 'NONE',  ( -1.000000000000000000, 2.279350608210075138E-15, 0.000000000000000000 ) ) ;
#337 = DIRECTION ( 'NONE',  ( 0.000000000000000000, 0.000000000000000000, -1.000000000000000000 ) ) ;
#338 = ORIENTED_EDGE ( 'NONE', *, *, #3225, .T. ) ;
#339 = ORIENTED_EDGE ( 'NONE', *, *, #6935, .T. ) ;
#340 = ADVANCED_FACE ( 'NONE', ( #4456 ), #6754, .T. ) ;
#341 = DIRECTION ( 'NONE',  ( -0.9975640502598246417, 0.06975647374411907131, 0.000000000000000000 ) ) ;
#342 = DIRECTION ( 'NONE',  ( -1.000000000000000000, 0.000000000000000000, 0.000000000000000000 ) ) ;
#343 = VECTOR ( 'NONE', #2084, 1000.000000000000000 ) ;
#344 = ORIENTED_EDGE ( 'NONE', *, *, #5183, .F. ) ;
#345 = FACE_OUTER_BOUND ( 'NONE', #3266, .T. ) ;
#346 = DIRECTION ( 'NONE',  ( 0.000000000000000000, 0.000000000000000000, -1.000000000000000000 ) ) ;
#347 = EDGE_LOOP ( 'NONE', ( #3771, #1542, #2288, #35, #5242, #187, #661, #7145, #4744, #2832, #3100, #7 ) ) ;
#348 = FACE_OUTER_BOUND ( 'NONE', #2484, .T. ) ;
#349 = VECTOR ( 'NONE', #1247, 1000.000000000000000 ) ;
#350 = ORIENTED_EDGE ( 'NONE', *, *, #5293, .F. ) ;
#351 = ORIENTED_EDGE ( 'NONE', *, *, #6992, .F. ) ;
#352 = CARTESIAN_POINT ( 'NONE',  ( -2.200000000000000178, 0.6975000000000000089, 0.7724999999999999645 ) ) ;
#353 = DIRECTION ( 'NONE',  ( 0.000000000000000000, -1.000000000000000000, 0.000000000000000000 ) ) ;
#354 = ORIENTED_EDGE ( 'NONE', *, *, #4896, .T. ) ;
#355 = AXIS2_PLACEMENT_3D ( 'NONE', #3964, #6346, #5174 ) ;
#356 = CARTESIAN_POINT ( 'NONE',  ( -3.189885311307104843, 9.629649721936179265E-32, 2.072500000000000231 ) ) ;
#357 = DIRECTION ( 'NONE',  ( -1.000000000000000000, 0.000000000000000000, 0.000000000000000000 ) ) ;
#358 = CIRCLE ( 'NONE', #3158, 0.1296982034251575044 ) ;
#359 = VECTOR ( 'NONE', #5753, 1000.000000000000000 ) ;
#360 = AXIS2_PLACEMENT_3D ( 'NONE', #6786, #5156, #7416 ) ;
#361 = DIRECTION ( 'NONE',  ( 0.000000000000000000, 0.000000000000000000, -1.000000000000000000 ) ) ;
#362 = CARTESIAN_POINT ( 'NONE',  ( 2.437831373677284752, 0.6975000000000000089, -1.827499999999999902 ) ) ;
#363 = FACE_OUTER_BOUND ( 'NONE', #4363, .T. ) ;
#364 = DIRECTION ( 'NONE',  ( -1.000000000000000000, 0.000000000000000000, 2.602085213965209656E-16 ) ) ;
#365 = CARTESIAN_POINT ( 'NONE',  ( 2.437831373677284752, 0.4228017965748430140, -1.177499999999999991 ) ) ;
#366 = ORIENTED_EDGE ( 'NONE', *, *, #7399, .F. ) ;
#367 = ORIENTED_EDGE ( 'NONE', *, *, #672, .T. ) ;
#368 = VECTOR ( 'NONE', #142, 1000.000000000000000 ) ;
#369 = EDGE_CURVE ( 'NONE', #3178, #715, #1583, .T. ) ;
#370 = EDGE_CURVE ( 'NONE', #4933, #3525, #6218, .T. ) ;
#371 = CYLINDRICAL_SURFACE ( 'NONE', #3926, 0.2500000000000000000 ) ;
#372 = ORIENTED_EDGE ( 'NONE', *, *, #7075, .T. ) ;
#373 = VERTEX_POINT ( 'NONE', #5645 ) ;
#374 = FACE_OUTER_BOUND ( 'NONE', #4330, .T. ) ;
#375 = EDGE_CURVE ( 'NONE', #1309, #3925, #358, .T. ) ;
#376 = FACE_OUTER_BOUND ( 'NONE', #6043, .T. ) ;
#377 = ORIENTED_EDGE ( 'NONE', *, *, #6849, .T. ) ;
#378 = AXIS2_PLACEMENT_3D ( 'NONE', #6257, #6375, #2340 ) ;
#379 = DIRECTION ( 'NONE',  ( 4.558701216420150868E-16, 1.000000000000000000, 0.000000000000000000 ) ) ;
#380 = DIRECTION ( 'NONE',  ( 0.000000000000000000, 0.000000000000000000, -1.000000000000000000 ) ) ;
#381 = AXIS2_PLACEMENT_3D ( 'NONE', #5214, #447, #7510 ) ;
#382 = VERTEX_POINT ( 'NONE', #2830 ) ;
#383 = CYLINDRICAL_SURFACE ( 'NONE', #5642, 0.1000000000000001721 ) ;
#384 = EDGE_LOOP ( 'NONE', ( #1090, #6550, #1909, #1131 ) ) ;
#385 = DIRECTION ( 'NONE',  ( 0.000000000000000000, 0.000000000000000000, 1.000000000000000000 ) ) ;
#386 = VERTEX_POINT ( 'NONE', #3950 ) ;
#387 = VECTOR ( 'NONE', #2020, 1000.000000000000000 ) ;
#388 = DIRECTION ( 'NONE',  ( 0.000000000000000000, 0.000000000000000000, 1.000000000000000000 ) ) ;
#389 = EDGE_CURVE ( 'NONE', #4579, #116, #6291, .T. ) ;
#390 = VERTEX_POINT ( 'NONE', #4566 ) ;
#391 = COLOUR_RGB ( '',0.7921568627450980005, 0.8196078431372548767, 0.9333333333333333481 ) ;
#392 = AXIS2_PLACEMENT_3D ( 'NONE', #650, #3665, #3055 ) ;
#393 = VERTEX_POINT ( 'NONE', #3985 ) ;
#394 = DIRECTION ( 'NONE',  ( 0.000000000000000000, 0.000000000000000000, -1.000000000000000000 ) ) ;
#395 = CARTESIAN_POINT ( 'NONE',  ( -2.437831373677284752, 0.4228017965748430140, 1.422499999999999876 ) ) ;
#396 = ORIENTED_EDGE ( 'NONE', *, *, #6795, .F. ) ;
#397 = DIRECTION ( 'NONE',  ( 0.000000000000000000, 0.000000000000000000, -1.000000000000000000 ) ) ;
#398 = CARTESIAN_POINT ( 'NONE',  ( -3.200000000000000178, 0.1446467872876731897, 2.072500000000000231 ) ) ;
#399 = VECTOR ( 'NONE', #5251, 1000.000000000000000 ) ;
#400 = EDGE_CURVE ( 'NONE', #1510, #3676, #1067, .T. ) ;
#401 = FACE_OUTER_BOUND ( 'NONE', #2395, .T. ) ;
#402 = CIRCLE ( 'NONE', #1503, 0.2746982034251567728 ) ;
#403 = PRESENTATION_STYLE_ASSIGNMENT (( #4534 ) ) ;
#404 = LINE ( 'NONE', #6682, #4233 ) ;
#405 = DIRECTION ( 'NONE',  ( 0.06975647374411987622, 0.9975640502598246417, 0.000000000000000000 ) ) ;
#406 = CARTESIAN_POINT ( 'NONE',  ( 3.200000000000000178, 0.1446467872876731897, 2.072500000000000231 ) ) ;
#407 = ORIENTED_EDGE ( 'NONE', *, *, #1277, .T. ) ;
#408 = AXIS2_PLACEMENT_3D ( 'NONE', #2896, #4771, #1902 ) ;
#409 = DIRECTION ( 'NONE',  ( 0.000000000000000000, 1.000000000000000000, 0.000000000000000000 ) ) ;
#410 = DIRECTION ( 'NONE',  ( 1.000000000000000000, -4.558701216420150868E-16, 0.000000000000000000 ) ) ;
#411 = ORIENTED_EDGE ( 'NONE', *, *, #5650, .F. ) ;
#412 = ORIENTED_EDGE ( 'NONE', *, *, #4153, .F. ) ;
#413 = AXIS2_PLACEMENT_3D ( 'NONE', #4752, #1842, #7156 ) ;
#414 = EDGE_CURVE ( 'NONE', #906, #3236, #120, .T. ) ;
#415 = EDGE_CURVE ( 'NONE', #1741, #2600, #4099, .T. ) ;
#416 = CARTESIAN_POINT ( 'NONE',  ( 2.565559169962134956, 0.4453236532462965247, 0.7724999999999999645 ) ) ;
#417 = ORIENTED_EDGE ( 'NONE', *, *, #5934, .F. ) ;
#418 = CARTESIAN_POINT ( 'NONE',  ( -2.200000000000000178, 0.6975000000000000089, 0.7724999999999999645 ) ) ;
#419 = ORIENTED_EDGE ( 'NONE', *, *, #1221, .F. ) ;
#420 = DIRECTION ( 'NONE',  ( 0.000000000000000000, -1.000000000000000000, 0.000000000000000000 ) ) ;
#421 = CARTESIAN_POINT ( 'NONE',  ( -2.708356294148904997, 0.4705026390080009890, 2.072500000000000231 ) ) ;
#422 = ORIENTED_EDGE ( 'NONE', *, *, #2529, .T. ) ;
#423 = LINE ( 'NONE', #3356, #653 ) ;
#424 = ADVANCED_FACE ( 'NONE', ( #2335 ), #7005, .T. ) ;
#425 = EDGE_CURVE ( 'NONE', #620, #1028, #2408, .T. ) ;
#426 = LINE ( 'NONE', #277, #5338 ) ;
#427 = ORIENTED_EDGE ( 'NONE', *, *, #4500, .F. ) ;
#428 = LINE ( 'NONE', #497, #6075 ) ;
#429 = EDGE_LOOP ( 'NONE', ( #3326, #3642, #4518, #6864 ) ) ;
#430 =( BOUNDED_CURVE ( )  B_SPLINE_CURVE ( 3, ( #3062, #2525, #5283, #7008 ),
 .UNSPECIFIED., .F., .T. ) 
 B_SPLINE_CURVE_WITH_KNOTS ( ( 4, 4 ),
 ( 3.141592653589795336, 3.156671784086254817 ),
 .UNSPECIFIED. ) 
 CURVE ( )  GEOMETRIC_REPRESENTATION_ITEM ( )  RATIONAL_B_SPLINE_CURVE ( ( 1.000000000000000000, 0.9999810517417160316, 0.9999810517417160316, 1.000000000000000000 ) ) 
 REPRESENTATION_ITEM ( '' )  );
#431 = CARTESIAN_POINT ( 'NONE',  ( 2.437831373677284752, 0.4228017965748430140, 0.1224999999999999978 ) ) ;
#432 = CYLINDRICAL_SURFACE ( 'NONE', #1515, 0.1296982034251575044 ) ;
#433 = ORIENTED_EDGE ( 'NONE', *, *, #792, .T. ) ;
#434 = CARTESIAN_POINT ( 'NONE',  ( -2.870524920471619890, 0.2977008424331585301, -0.7724999999999999645 ) ) ;
#435 = EDGE_CURVE ( 'NONE', #1109, #5216, #1818, .T. ) ;
#436 = LINE ( 'NONE', #2120, #2976 ) ;
#437 = DIRECTION ( 'NONE',  ( 0.1710878697460359588, 0.9702875252478136980, 0.1710878697460359588 ) ) ;
#438 = EDGE_CURVE ( 'NONE', #5188, #2113, #6930, .T. ) ;
#439 = CARTESIAN_POINT ( 'NONE',  ( -2.200000000000000178, 0.5524999999999999911, -1.827499999999999902 ) ) ;
#440 = AXIS2_PLACEMENT_3D ( 'NONE', #39, #4739, #609 ) ;
#441 = PLANE ( 'NONE',  #6085 ) ;
#442 = DIRECTION ( 'NONE',  ( 0.06975647374411987622, 0.9975640502598246417, 0.000000000000000000 ) ) ;
#443 = ORIENTED_EDGE ( 'NONE', *, *, #5541, .T. ) ;
#444 = ORIENTED_EDGE ( 'NONE', *, *, #4627, .T. ) ;
#445 = VECTOR ( 'NONE', #303, 1000.000000000000000 ) ;
#446 = AXIS2_PLACEMENT_3D ( 'NONE', #2396, #2321, #4088 ) ;
#447 = DIRECTION ( 'NONE',  ( 0.000000000000000000, 0.000000000000000000, -1.000000000000000000 ) ) ;
#448 = ORIENTED_EDGE ( 'NONE', *, *, #2575, .F. ) ;
#449 = CARTESIAN_POINT ( 'NONE',  ( -2.861477631149734968, 0.1683185773129349805, -1.827499999999999902 ) ) ;
#450 = CARTESIAN_POINT ( 'NONE',  ( 2.870524920471619890, 0.2977008424331585301, 2.072500000000000231 ) ) ;
#451 = ORIENTED_EDGE ( 'NONE', *, *, #5747, .F. ) ;
#452 = CARTESIAN_POINT ( 'NONE',  ( -2.861477631149734968, 0.1683185773129349805, 1.422499999999999876 ) ) ;
#453 = LINE ( 'NONE', #5187, #6917 ) ;
#454 = ORIENTED_EDGE ( 'NONE', *, *, #1513, .F. ) ;
#455 = CARTESIAN_POINT ( 'NONE',  ( 3.189885311307104843, 9.629649721936179265E-32, -1.827499999999999902 ) ) ;
#456 = FACE_OUTER_BOUND ( 'NONE', #429, .T. ) ;
#457 = ORIENTED_EDGE ( 'NONE', *, *, #6092, .T. ) ;
#458 = DIRECTION ( 'NONE',  ( 2.602085213965209656E-16, -9.362945086820910552E-35, 1.000000000000000000 ) ) ;
#459 = VERTEX_POINT ( 'NONE', #1769 ) ;
#460 = VERTEX_POINT ( 'NONE', #5801 ) ;
#461 = EDGE_CURVE ( 'NONE', #6546, #1158, #1803, .T. ) ;
#462 = CARTESIAN_POINT ( 'NONE',  ( 2.708356294148904997, 0.4705026390080009890, 1.827499999999999902 ) ) ;
#463 = ADVANCED_FACE ( 'NONE', ( #4136 ), #3441, .F. ) ;
#464 = CARTESIAN_POINT ( 'NONE',  ( 2.199988631206595269, 0.6975644756313429395, 2.401507855905375077 ) ) ;
#465 = VERTEX_POINT ( 'NONE', #3017 ) ;
#466 = CARTESIAN_POINT ( 'NONE',  ( 3.200000000000000178, 0.1446467872876731897, 0.1224999999999999978 ) ) ;
#467 = DIRECTION ( 'NONE',  ( -1.000000000000000000, 0.000000000000000000, 0.000000000000000000 ) ) ;
#468 = CARTESIAN_POINT ( 'NONE',  ( -2.437831373677284752, 0.4228017965748430140, 1.422499999999999876 ) ) ;
#469 = CLOSED_SHELL ( 'NONE', ( #6526, #6201, #4740, #6327, #4993, #3349, #3651, #3883, #6539, #2540, #3775, #4123, #809, #6349 ) ) ;
#470 = DIRECTION ( 'NONE',  ( 1.000000000000000000, 0.000000000000000000, 0.000000000000000000 ) ) ;
#471 = EDGE_CURVE ( 'NONE', #4524, #1109, #5837, .T. ) ;
#472 = VECTOR ( 'NONE', #4727, 1000.000000000000114 ) ;
#473 = EDGE_CURVE ( 'NONE', #6378, #6749, #6071, .T. ) ;
#474 = PLANE ( 'NONE',  #1506 ) ;
#475 = VECTOR ( 'NONE', #129, 1000.000000000000000 ) ;
#476 = CARTESIAN_POINT ( 'NONE',  ( -2.200000000000000178, 0.6975000000000000089, 2.072500000000000231 ) ) ;
#477 = DIRECTION ( 'NONE',  ( 0.000000000000000000, 0.000000000000000000, -1.000000000000000000 ) ) ;
#478 = FILL_AREA_STYLE ('',( #2352 ) ) ;
#479 = FACE_OUTER_BOUND ( 'NONE', #3217, .T. ) ;
#480 = ORIENTED_EDGE ( 'NONE', *, *, #1163, .T. ) ;
#481 = AXIS2_PLACEMENT_3D ( 'NONE', #4274, #7209, #195 ) ;
#482 = VECTOR ( 'NONE', #7457, 1000.000000000000000 ) ;
#483 = EDGE_CURVE ( 'NONE', #3567, #3753, #2297, .T. ) ;
#484 = CARTESIAN_POINT ( 'NONE',  ( 2.708356294148904997, 0.4705026390080009890, 0.7724999999999999645 ) ) ;
#485 = ORIENTED_EDGE ( 'NONE', *, *, #5681, .T. ) ;
#486 = DIRECTION ( 'NONE',  ( 0.000000000000000000, 0.000000000000000000, -1.000000000000000000 ) ) ;
#487 = ORIENTED_EDGE ( 'NONE', *, *, #3317, .F. ) ;
#488 = VERTEX_POINT ( 'NONE', #2866 ) ;
#489 = DIRECTION ( 'NONE',  ( 0.000000000000000000, 0.000000000000000000, -1.000000000000000000 ) ) ;
#490 = AXIS2_PLACEMENT_3D ( 'NONE', #2920, #23, #2350 ) ;
#491 = FACE_OUTER_BOUND ( 'NONE', #6953, .T. ) ;
#492 = AXIS2_PLACEMENT_3D ( 'NONE', #3807, #7318, #6077 ) ;
#493 = DIRECTION ( 'NONE',  ( -1.000000000000000000, 0.000000000000000000, 0.000000000000000000 ) ) ;
#494 = ORIENTED_EDGE ( 'NONE', *, *, #2148, .T. ) ;
#495 = FACE_OUTER_BOUND ( 'NONE', #2520, .T. ) ;
#496 = DIRECTION ( 'NONE',  ( 0.000000000000000000, 0.000000000000000000, -1.000000000000000000 ) ) ;
#497 = CARTESIAN_POINT ( 'NONE',  ( 2.200000000000000178, 0.5524999999999999911, -1.827499999999999902 ) ) ;
#498 = VERTEX_POINT ( 'NONE', #4782 ) ;
#499 = DIRECTION ( 'NONE',  ( -0.1736481776669290544, 0.9848077530122083534, 0.000000000000000000 ) ) ;
#500 = AXIS2_PLACEMENT_3D ( 'NONE', #2887, #5739, #5095 ) ;
#501 = CARTESIAN_POINT ( 'NONE',  ( 2.861477631149734968, 0.1683185773129355078, 1.422499999999999876 ) ) ;
#502 = EDGE_LOOP ( 'NONE', ( #6736, #1267, #6122, #1236 ) ) ;
#503 = LINE ( 'NONE', #3335, #2939 ) ;
#504 = EDGE_CURVE ( 'NONE', #6553, #3552, #583, .T. ) ;
#505 = AXIS2_PLACEMENT_3D ( 'NONE', #1913, #4750, #5317 ) ;
#506 = CARTESIAN_POINT ( 'NONE',  ( -3.189885311307104843, 9.629649721936179265E-32, 1.177499999999999991 ) ) ;
#507 = ADVANCED_FACE ( 'NONE', ( #5908 ), #5345, .F. ) ;
#508 = LINE ( 'NONE', #5685, #5027 ) ;
#509 = ADVANCED_FACE ( 'NONE', ( #4747 ), #7040, .T. ) ;
#510 = CARTESIAN_POINT ( 'NONE',  ( 2.708356294148904997, 0.4705026390080009890, -1.827499999999999902 ) ) ;
#511 = AXIS2_PLACEMENT_3D ( 'NONE', #2504, #1292, #3540 ) ;
#512 = CIRCLE ( 'NONE', #1740, 0.2746982034251563842 ) ;
#513 = VECTOR ( 'NONE', #6287, 1000.000000000000000 ) ;
#514 = AXIS2_PLACEMENT_3D ( 'NONE', #5399, #6461, #3572 ) ;
#515 = CARTESIAN_POINT ( 'NONE',  ( 2.861477631149734968, 0.1683185773129355078, 2.072500000000000231 ) ) ;
#516 = DIRECTION ( 'NONE',  ( 0.9975640502598247528, 0.06975647374411807211, 0.000000000000000000 ) ) ;
#517 = AXIS2_PLACEMENT_3D ( 'NONE', #5166, #6337, #4033 ) ;
#518 = CARTESIAN_POINT ( 'NONE',  ( -2.851362942456834748, 0.02367179002526179771, -1.827499999999999902 ) ) ;
#519 = FACE_BOUND ( 'NONE', #2675, .T. ) ;
#520 = LINE ( 'NONE', #4038, #2659 ) ;
#521 = EDGE_CURVE ( 'NONE', #3525, #715, #4023, .T. ) ;
#522 = ORIENTED_EDGE ( 'NONE', *, *, #7179, .T. ) ;
#523 = ADVANCED_FACE ( 'NONE', ( #51 ), #6372, .T. ) ;
#524 = ADVANCED_FACE ( 'NONE', ( #1305 ), #207, .T. ) ;
#525 = PRESENTATION_LAYER_ASSIGNMENT (  '', '', ( #5997 ) ) ;
#526 = AXIS2_PLACEMENT_3D ( 'NONE', #4417, #5437, #1473 ) ;
#527 = ORIENTED_EDGE ( 'NONE', *, *, #7122, .T. ) ;
#528 = CARTESIAN_POINT ( 'NONE',  ( -2.200000000000000178, 0.5524999999999999911, 1.177499999999999991 ) ) ;
#529 = LINE ( 'NONE', #1050, #2944 ) ;
#530 = ORIENTED_EDGE ( 'NONE', *, *, #112, .T. ) ;
#531 = VECTOR ( 'NONE', #556, 1000.000000000000114 ) ;
#532 = AXIS2_PLACEMENT_3D ( 'NONE', #2149, #1695, #1108 ) ;
#533 = PLANE ( 'NONE',  #4599 ) ;
#534 = AXIS2_PLACEMENT_3D ( 'NONE', #7222, #1577, #2102 ) ;
#535 = DIRECTION ( 'NONE',  ( 0.000000000000000000, 0.000000000000000000, -1.000000000000000000 ) ) ;
#536 = EDGE_CURVE ( 'NONE', #2652, #5468, #4854, .T. ) ;
#537 = CARTESIAN_POINT ( 'NONE',  ( 2.861477631149734968, 0.1683185773129355078, 1.827499999999999902 ) ) ;
#538 = ORIENTED_EDGE ( 'NONE', *, *, #5906, .T. ) ;
#539 = CYLINDRICAL_SURFACE ( 'NONE', #5984, 0.2746982034251567728 ) ;
#540 = DIRECTION ( 'NONE',  ( 0.000000000000000000, 0.000000000000000000, 1.000000000000000000 ) ) ;
#541 = STYLED_ITEM ( 'NONE', ( #3763 ), #3762 ) ;
#542 = PLANE ( 'NONE',  #6808 ) ;
#543 = VERTEX_POINT ( 'NONE', #4250 ) ;
#544 = ORIENTED_EDGE ( 'NONE', *, *, #6261, .F. ) ;
#545 = DIRECTION ( 'NONE',  ( -0.9975640502598246417, 0.06975647374411987622, 0.000000000000000000 ) ) ;
#546 = CARTESIAN_POINT ( 'NONE',  ( -2.200000000000000178, 0.6975000000000000089, -2.072500000000000231 ) ) ;
#547 = ORIENTED_EDGE ( 'NONE', *, *, #3213, .T. ) ;
#548 = DIRECTION ( 'NONE',  ( 0.000000000000000000, 0.000000000000000000, -1.000000000000000000 ) ) ;
#549 = CARTESIAN_POINT ( 'NONE',  ( 2.600000000000000089, 0.2500000000000000000, -2.072500000000000231 ) ) ;
#550 = ORIENTED_EDGE ( 'NONE', *, *, #6429, .F. ) ;
#551 = FACE_OUTER_BOUND ( 'NONE', #1528, .T. ) ;
#552 = CARTESIAN_POINT ( 'NONE',  ( -2.200000000000000178, 0.6975000000000000089, -2.500000000000000000 ) ) ;
#553 = ORIENTED_EDGE ( 'NONE', *, *, #400, .T. ) ;
#554 = EDGE_LOOP ( 'NONE', ( #795, #6018, #3175, #1086, #6370, #2975, #6491, #183, #6781, #2636, #2116, #3678 ) ) ;
#555 = DIRECTION ( 'NONE',  ( 0.000000000000000000, 0.000000000000000000, -1.000000000000000000 ) ) ;
#556 = DIRECTION ( 'NONE',  ( 0.9975640502598247528, 0.06975647374411807211, 0.000000000000000000 ) ) ;
#557 = LINE ( 'NONE', #4079, #848 ) ;
#558 = CYLINDRICAL_SURFACE ( 'NONE', #2307, 0.2500000000000000000 ) ;
#559 = EDGE_LOOP ( 'NONE', ( #990, #2050, #3968, #2634 ) ) ;
#560 = UNCERTAINTY_MEASURE_WITH_UNIT (LENGTH_MEASURE( 1.000000000000000082E-05 ), #6956, 'distance_accuracy_value', 'NONE');
#561 = EDGE_LOOP ( 'NONE', ( #2166, #2015, #212, #4656 ) ) ;
#562 = VECTOR ( 'NONE', #5635, 1000.000000000000114 ) ;
#563 = LINE ( 'NONE', #2809, #5975 ) ;
#564 = DIRECTION ( 'NONE',  ( 0.000000000000000000, 0.000000000000000000, -1.000000000000000000 ) ) ;
#565 = VERTEX_POINT ( 'NONE', #5419 ) ;
#566 = ADVANCED_FACE ( 'NONE', ( #6522 ), #7115, .F. ) ;
#567 = FACE_OUTER_BOUND ( 'NONE', #3749, .T. ) ;
#568 = AXIS2_PLACEMENT_3D ( 'NONE', #5315, #3521, #6449 ) ;
#569 = VERTEX_POINT ( 'NONE', #4215 ) ;
#570 = CIRCLE ( 'NONE', #4842, 0.2746982034251567728 ) ;
#571 = EDGE_CURVE ( 'NONE', #7324, #5675, #3902, .T. ) ;
#572 = EDGE_CURVE ( 'NONE', #4493, #4170, #1341, .T. ) ;
#573 = DIRECTION ( 'NONE',  ( 0.000000000000000000, 0.000000000000000000, -1.000000000000000000 ) ) ;
#574 = CARTESIAN_POINT ( 'NONE',  ( 2.708356294148904997, 0.4705026390080009890, -1.827499999999999902 ) ) ;
#575 = VERTEX_POINT ( 'NONE', #3101 ) ;
#576 = CARTESIAN_POINT ( 'NONE',  ( 2.200000000000000178, 0.6975000000000000089, 0.1224999999999999978 ) ) ;
#577 = CARTESIAN_POINT ( 'NONE',  ( 2.851362942456834748, 0.02367179002526179771, 1.422499999999999876 ) ) ;
#578 = DIRECTION ( 'NONE',  ( -1.941328555084369164E-16, 0.1736481776669305255, -0.9848077530122081313 ) ) ;
#579 = EDGE_CURVE ( 'NONE', #1643, #6378, #2487, .T. ) ;
#580 = EDGE_LOOP ( 'NONE', ( #1348, #170, #4172, #2503 ) ) ;
#581 = ORIENTED_EDGE ( 'NONE', *, *, #1529, .F. ) ;
#582 = ORIENTED_EDGE ( 'NONE', *, *, #4876, .F. ) ;
#583 = LINE ( 'NONE', #1106, #1335 ) ;
#584 = CARTESIAN_POINT ( 'NONE',  ( -2.851362942456834748, 0.02367179002526179771, -1.422499999999999876 ) ) ;
#585 = ORIENTED_EDGE ( 'NONE', *, *, #4387, .T. ) ;
#586 = DIRECTION ( 'NONE',  ( 0.000000000000000000, 0.000000000000000000, -1.000000000000000000 ) ) ;
#587 = FACE_OUTER_BOUND ( 'NONE', #84, .T. ) ;
#588 = EDGE_LOOP ( 'NONE', ( #3789, #3270, #6560, #4283 ) ) ;
#589 = FACE_OUTER_BOUND ( 'NONE', #4892, .T. ) ;
#590 = CYLINDRICAL_SURFACE ( 'NONE', #126, 0.2746982034251563842 ) ;
#591 = ORIENTED_EDGE ( 'NONE', *, *, #6063, .F. ) ;
#592 = DIRECTION ( 'NONE',  ( 0.9975640502598247528, -0.06975647374411807211, 0.000000000000000000 ) ) ;
#593 = FILL_AREA_STYLE_COLOUR ( '', #5403 ) ;
#594 = PLANE ( 'NONE',  #490 ) ;
#595 = FACE_OUTER_BOUND ( 'NONE', #4214, .T. ) ;
#596 = CARTESIAN_POINT ( 'NONE',  ( 2.708356294148904997, 0.4705026390080009890, 2.072500000000000231 ) ) ;
#597 = CARTESIAN_POINT ( 'NONE',  ( 3.200000000000000178, 0.1446467872876731897, -1.827499999999999902 ) ) ;
#598 = CLOSED_SHELL ( 'NONE', ( #2067, #6806, #3640, #4730, #2013, #2356, #3785, #2985, #2163, #6843, #523, #5575, #2192, #6986 ) ) ;
#599 = ORIENTED_EDGE ( 'NONE', *, *, #3491, .T. ) ;
#600 = CARTESIAN_POINT ( 'NONE',  ( 2.851362942456834748, 0.02367179002526179771, 1.422499999999999876 ) ) ;
#601 = DIRECTION ( 'NONE',  ( 0.9975640502598247528, 0.06975647374411807211, 0.000000000000000000 ) ) ;
#602 = VERTEX_POINT ( 'NONE', #2521 ) ;
#603 = AXIS2_PLACEMENT_3D ( 'NONE', #5133, #1782, #4116 ) ;
#604 = EDGE_CURVE ( 'NONE', #1051, #4735, #1983, .T. ) ;
#605 = DIRECTION ( 'NONE',  ( 0.000000000000000000, 0.000000000000000000, -1.000000000000000000 ) ) ;
#606 = AXIS2_PLACEMENT_3D ( 'NONE', #5942, #5384, #1910 ) ;
#607 = ORIENTED_EDGE ( 'NONE', *, *, #1016, .T. ) ;
#608 = VECTOR ( 'NONE', #6062, 1000.000000000000000 ) ;
#609 = DIRECTION ( 'NONE',  ( 1.000000000000000000, 0.000000000000000000, 0.000000000000000000 ) ) ;
#610 = ORIENTED_EDGE ( 'NONE', *, *, #5501, .T. ) ;
#611 = DIRECTION ( 'NONE',  ( 0.000000000000000000, 0.000000000000000000, 1.000000000000000000 ) ) ;
#612 = DIRECTION ( 'NONE',  ( 0.000000000000000000, 1.000000000000000000, 0.000000000000000000 ) ) ;
#613 = EDGE_CURVE ( 'NONE', #4068, #2932, #6710, .T. ) ;
#614 = ADVANCED_FACE ( 'NONE', ( #910 ), #6175, .T. ) ;
#615 = ORIENTED_EDGE ( 'NONE', *, *, #6063, .T. ) ;
#616 = VERTEX_POINT ( 'NONE', #3397 ) ;
#617 = VERTEX_POINT ( 'NONE', #5710 ) ;
#618 = CARTESIAN_POINT ( 'NONE',  ( -2.870524920471619890, 0.2977008424331585301, 0.5274999999999999689 ) ) ;
#619 = CARTESIAN_POINT ( 'NONE',  ( -2.200000000000000178, 0.5524999999999999911, -1.827499999999999902 ) ) ;
#620 = VERTEX_POINT ( 'NONE', #5643 ) ;
#621 = DIRECTION ( 'NONE',  ( 0.9848077530122083534, 0.1736481776669290544, 0.000000000000000000 ) ) ;
#622 = DIRECTION ( 'NONE',  ( 0.000000000000000000, 0.000000000000000000, 1.000000000000000000 ) ) ;
#623 = ORIENTED_EDGE ( 'NONE', *, *, #7019, .T. ) ;
#624 = CARTESIAN_POINT ( 'NONE',  ( -2.851362942456834748, 0.02367179002526179771, 1.422499999999999876 ) ) ;
#625 = DIRECTION ( 'NONE',  ( 0.06975647374411807211, 0.9975640502598247528, 0.000000000000000000 ) ) ;
#626 = ORIENTED_EDGE ( 'NONE', *, *, #3125, .T. ) ;
#627 = ORIENTED_EDGE ( 'NONE', *, *, #197, .T. ) ;
#628 = CARTESIAN_POINT ( 'NONE',  ( -2.104401861300145171, 0.5862130623165889842, -2.404401861300144994 ) ) ;
#629 = LINE ( 'NONE', #3492, #4309 ) ;
#630 = VECTOR ( 'NONE', #287, 1000.000000000000114 ) ;
#631 = DIRECTION ( 'NONE',  ( 0.000000000000000000, -1.000000000000000000, 0.000000000000000000 ) ) ;
#632 = CARTESIAN_POINT ( 'NONE',  ( 2.565559169962134956, 0.4453236532462965247, 0.7724999999999999645 ) ) ;
#633 = CARTESIAN_POINT ( 'NONE',  ( -2.200000000000000178, 0.6975000000000000089, -2.500000000000000000 ) ) ;
#634 = VECTOR ( 'NONE', #5902, 1000.000000000000000 ) ;
#635 = ORIENTED_EDGE ( 'NONE', *, *, #6274, .T. ) ;
#636 = UNCERTAINTY_MEASURE_WITH_UNIT (LENGTH_MEASURE( 1.000000000000000082E-05 ), #5128, 'distance_accuracy_value', 'NONE');
#637 = AXIS2_PLACEMENT_3D ( 'NONE', #5056, #3191, #2004 ) ;
#638 = VECTOR ( 'NONE', #5722, 1000.000000000000000 ) ;
#639 = VERTEX_POINT ( 'NONE', #3251 ) ;
#640 = DIRECTION ( 'NONE',  ( 1.000000000000000000, 0.000000000000000000, 0.000000000000000000 ) ) ;
#641 = CIRCLE ( 'NONE', #1620, 0.2746982034251567728 ) ;
#642 = CARTESIAN_POINT ( 'NONE',  ( 3.200000000000000178, 0.1446467872876731897, -1.177499999999999991 ) ) ;
#643 = EDGE_LOOP ( 'NONE', ( #4052, #6374, #6535, #2527 ) ) ;
#644 = CARTESIAN_POINT ( 'NONE',  ( 2.199988631206595269, 0.6975644756313409411, -2.401507855905375077 ) ) ;
#645 = DIRECTION ( 'NONE',  ( 0.000000000000000000, 0.000000000000000000, -1.000000000000000000 ) ) ;
#646 = ORIENTED_EDGE ( 'NONE', *, *, #2997, .F. ) ;
#647 = VECTOR ( 'NONE', #3846, 1000.000000000000114 ) ;
#648 = CARTESIAN_POINT ( 'NONE',  ( -2.129028390264844806, 0.2326351822333070085, -2.443599202448334839 ) ) ;
#649 = EDGE_CURVE ( 'NONE', #7226, #821, #5602, .T. ) ;
#650 = CARTESIAN_POINT ( 'NONE',  ( 2.861477631149730083, 0.1683185773129355078, -1.827499999999999902 ) ) ;
#651 = DIRECTION ( 'NONE',  ( 0.000000000000000000, 0.000000000000000000, -1.000000000000000000 ) ) ;
#652 = PRESENTATION_LAYER_ASSIGNMENT (  '', '', ( #6734 ) ) ;
#653 = VECTOR ( 'NONE', #3475, 1000.000000000000000 ) ;
#654 = ORIENTED_EDGE ( 'NONE', *, *, #3416, .T. ) ;
#655 = DIRECTION ( 'NONE',  ( 0.000000000000000000, 0.000000000000000000, 1.000000000000000000 ) ) ;
#656 = CARTESIAN_POINT ( 'NONE',  ( -2.565559169962134956, 0.4453236532462965247, 1.177499999999999991 ) ) ;
#657 = ORIENTED_EDGE ( 'NONE', *, *, #1101, .T. ) ;
#658 = EDGE_CURVE ( 'NONE', #1280, #6363, #3592, .T. ) ;
#659 = DIRECTION ( 'NONE',  ( 0.000000000000000000, 0.000000000000000000, -1.000000000000000000 ) ) ;
#660 = EDGE_CURVE ( 'NONE', #5803, #5633, #428, .T. ) ;
#661 = ORIENTED_EDGE ( 'NONE', *, *, #2722, .F. ) ;
#662 = DIRECTION ( 'NONE',  ( -0.9975640502598247528, -0.06975647374411829416, 0.000000000000000000 ) ) ;
#663 = ORIENTED_EDGE ( 'NONE', *, *, #7483, .T. ) ;
#664 = CARTESIAN_POINT ( 'NONE',  ( -2.861477631149734968, 0.1683185773129349805, 0.5274999999999999689 ) ) ;
#665 = CYLINDRICAL_SURFACE ( 'NONE', #7398, 0.1296982034251575044 ) ;
#666 = VERTEX_POINT ( 'NONE', #5112 ) ;
#667 = FACE_OUTER_BOUND ( 'NONE', #4474, .T. ) ;
#668 = VERTEX_POINT ( 'NONE', #6139 ) ;
#669 = EDGE_CURVE ( 'NONE', #3478, #4847, #6200, .T. ) ;
#670 = CARTESIAN_POINT ( 'NONE',  ( 2.437831373677284752, 0.6975000000000000089, 1.177499999999999991 ) ) ;
#671 = CARTESIAN_POINT ( 'NONE',  ( -2.565559169962134956, 0.4453236532462965247, 0.5274999999999999689 ) ) ;
#672 = EDGE_CURVE ( 'NONE', #3639, #7197, #1505, .T. ) ;
#673 = DIRECTION ( 'NONE',  ( -1.000000000000000000, -5.926311581346190705E-15, 0.000000000000000000 ) ) ;
#674 = ADVANCED_FACE ( 'NONE', ( #2110 ), #3945, .T. ) ;
#675 = DIRECTION ( 'NONE',  ( 0.000000000000000000, 0.000000000000000000, -1.000000000000000000 ) ) ;
#676 =( LENGTH_UNIT ( ) NAMED_UNIT ( * ) SI_UNIT ( .MILLI., .METRE. ) );
#677 = LINE ( 'NONE', #6509, #5505 ) ;
#678 = CARTESIAN_POINT ( 'NONE',  ( 2.200000000000000178, 0.5524999999999999911, -0.5274999999999999689 ) ) ;
#679 = EDGE_LOOP ( 'NONE', ( #4477, #6320, #6572, #4396 ) ) ;
#680 = ORIENTED_EDGE ( 'NONE', *, *, #2814, .T. ) ;
#681 = FILL_AREA_STYLE_COLOUR ( '', #1512 ) ;
#682 = DIRECTION ( 'NONE',  ( 1.000000000000000000, 4.558701216420150868E-16, 0.000000000000000000 ) ) ;
#683 = VECTOR ( 'NONE', #5579, 1000.000000000000000 ) ;
#684 = LINE ( 'NONE', #202, #7189 ) ;
#685 = CARTESIAN_POINT ( 'NONE',  ( 2.565559169962134956, 0.4453236532462965247, -0.1224999999999999978 ) ) ;
#686 = ORIENTED_EDGE ( 'NONE', *, *, #5824, .T. ) ;
#687 = ORIENTED_EDGE ( 'NONE', *, *, #3973, .F. ) ;
#688 = VERTEX_POINT ( 'NONE', #6819 ) ;
#689 = CARTESIAN_POINT ( 'NONE',  ( 3.200000000000000178, 0.1446467872876731897, 2.072500000000000231 ) ) ;
#690 = FACE_OUTER_BOUND ( 'NONE', #1755, .T. ) ;
#691 = ORIENTED_EDGE ( 'NONE', *, *, #572, .F. ) ;
#692 = CARTESIAN_POINT ( 'NONE',  ( -2.437831373677284752, 0.5524999999999999911, 0.1224999999999999978 ) ) ;
#693 = ORIENTED_EDGE ( 'NONE', *, *, #1177, .T. ) ;
#694 =( LENGTH_UNIT ( ) NAMED_UNIT ( * ) SI_UNIT ( .MILLI., .METRE. ) );
#695 = VERTEX_POINT ( 'NONE', #1654 ) ;
#696 = PLANE ( 'NONE',  #4738 ) ;
#697 = ORIENTED_EDGE ( 'NONE', *, *, #5293, .T. ) ;
#698 = DIRECTION ( 'NONE',  ( 0.000000000000000000, 0.000000000000000000, -1.000000000000000000 ) ) ;
#699 = EDGE_LOOP ( 'NONE', ( #5986, #2364, #5764, #610, #7372, #3660, #1214, #6670, #6602, #6520, #6848, #775 ) ) ;
#700 = ADVANCED_FACE ( 'NONE', ( #348 ), #3873, .T. ) ;
#701 = ORIENTED_EDGE ( 'NONE', *, *, #5919, .T. ) ;
#702 = LINE ( 'NONE', #5999, #2465 ) ;
#703 = SURFACE_STYLE_FILL_AREA ( #1815 ) ;
#704 = CARTESIAN_POINT ( 'NONE',  ( -3.200000000000000178, 0.1446467872876731897, -1.422499999999999876 ) ) ;
#705 = VECTOR ( 'NONE', #215, 1000.000000000000000 ) ;
#706 = EDGE_CURVE ( 'NONE', #2142, #7176, #1712, .T. ) ;
#707 = ADVANCED_FACE ( 'NONE', ( #3361 ), #1063, .T. ) ;
#708 = CYLINDRICAL_SURFACE ( 'NONE', #5385, 0.2746982034251559401 ) ;
#709 = SPHERICAL_SURFACE ( 'NONE', #4541, 0.1000000000000000056 ) ;
#710 = ORIENTED_EDGE ( 'NONE', *, *, #5176, .T. ) ;
#711 = AXIS2_PLACEMENT_3D ( 'NONE', #6079, #230, #2651 ) ;
#712 = CARTESIAN_POINT ( 'NONE',  ( -2.437831373677284752, 0.6975000000000000089, -0.7724999999999999645 ) ) ;
#713 = DIRECTION ( 'NONE',  ( -4.558701216420150868E-16, 1.000000000000000000, 0.000000000000000000 ) ) ;
#714 = EDGE_CURVE ( 'NONE', #3159, #1442, #4452, .T. ) ;
#715 = VERTEX_POINT ( 'NONE', #950 ) ;
#716 = CLOSED_SHELL ( 'NONE', ( #2466, #2855, #1686, #7301, #6106, #4499, #2252, #2806, #3690, #3082, #1760, #1208, #1176, #5361 ) ) ;
#717 = EDGE_LOOP ( 'NONE', ( #5044, #216, #5381, #4177, #4770, #1285, #6143, #1767 ) ) ;
#718 = VECTOR ( 'NONE', #297, 1000.000000000000000 ) ;
#719 = DIRECTION ( 'NONE',  ( 0.06975647374411987622, 0.9975640502598246417, 0.000000000000000000 ) ) ;
#720 = LINE ( 'NONE', #5018, #1904 ) ;
#721 = VECTOR ( 'NONE', #5569, 1000.000000000000000 ) ;
#722 = ORIENTED_EDGE ( 'NONE', *, *, #4415, .T. ) ;
#723 = PLANE ( 'NONE',  #392 ) ;
#724 = EDGE_CURVE ( 'NONE', #382, #6156, #3288, .T. ) ;
#725 = LINE ( 'NONE', #685, #854 ) ;
#726 = VECTOR ( 'NONE', #2506, 1000.000000000000114 ) ;
#727 = AXIS2_PLACEMENT_3D ( 'NONE', #3488, #5249, #4721 ) ;
#728 = VERTEX_POINT ( 'NONE', #3327 ) ;
#729 = CARTESIAN_POINT ( 'NONE',  ( -3.200000000000000178, 0.1446467872876731897, 1.827499999999999902 ) ) ;
#730 = PLANE ( 'NONE',  #6408 ) ;
#731 = ORIENTED_EDGE ( 'NONE', *, *, #6728, .F. ) ;
#732 = CARTESIAN_POINT ( 'NONE',  ( -1.486702623836771986, 1.000000000000000000, -2.088720136967915142 ) ) ;
#733 = EDGE_LOOP ( 'NONE', ( #5900, #5190, #5391, #4844 ) ) ;
#734 = ORIENTED_EDGE ( 'NONE', *, *, #6469, .F. ) ;
#735 = LINE ( 'NONE', #6564, #5748 ) ;
#736 = LINE ( 'NONE', #7224, #7167 ) ;
#737 = ORIENTED_EDGE ( 'NONE', *, *, #1901, .T. ) ;
#738 = DIRECTION ( 'NONE',  ( 0.000000000000000000, -1.000000000000000000, 0.000000000000000000 ) ) ;
#739 = SURFACE_STYLE_FILL_AREA ( #2456 ) ;
#740 = CARTESIAN_POINT ( 'NONE',  ( 2.708356294148904997, 0.4705026390080009890, -1.177499999999999991 ) ) ;
#741 = CARTESIAN_POINT ( 'NONE',  ( -3.200000000000000178, 0.1446467872876731897, -0.1224999999999999978 ) ) ;
#742 = ADVANCED_FACE ( 'NONE', ( #4018 ), #1102, .T. ) ;
#743 = PLANE ( 'NONE',  #2552 ) ;
#744 = AXIS2_PLACEMENT_3D ( 'NONE', #434, #995, #3405 ) ;
#745 = DIRECTION ( 'NONE',  ( 0.000000000000000000, 0.000000000000000000, -1.000000000000000000 ) ) ;
#746 = DIRECTION ( 'NONE',  ( 0.000000000000000000, -1.000000000000000000, 0.000000000000000000 ) ) ;
#747 = AXIS2_PLACEMENT_3D ( 'NONE', #2623, #6737, #1530 ) ;
#748 = LINE ( 'NONE', #5407, #5241 ) ;
#749 = EDGE_CURVE ( 'NONE', #3874, #1427, #4631, .T. ) ;
#750 = EDGE_CURVE ( 'NONE', #465, #3483, #1690, .T. ) ;
#751 = CARTESIAN_POINT ( 'NONE',  ( -2.101507855905375255, 0.6975644756313429395, -2.499988631206595091 ) ) ;
#752 = ORIENTED_EDGE ( 'NONE', *, *, #571, .T. ) ;
#753 = MECHANICAL_DESIGN_GEOMETRIC_PRESENTATION_REPRESENTATION (  '', ( #4050 ), #3692 ) ;
#754 = CIRCLE ( 'NONE', #5740, 0.1296982034251575044 ) ;
#755 = CARTESIAN_POINT ( 'NONE',  ( 2.861477631149734968, 0.1683185773129355078, 0.5274999999999999689 ) ) ;
#756 = CARTESIAN_POINT ( 'NONE',  ( -2.101507855905375255, 0.5524355243686569494, 2.499988631206595091 ) ) ;
#757 = VECTOR ( 'NONE', #3385, 1000.000000000000000 ) ;
#758 = DIRECTION ( 'NONE',  ( 0.000000000000000000, 0.000000000000000000, -1.000000000000000000 ) ) ;
#759 = CYLINDRICAL_SURFACE ( 'NONE', #4166, 0.2746982034251567728 ) ;
#760 = AXIS2_PLACEMENT_3D ( 'NONE', #6379, #5288, #5720 ) ;
#761 = AXIS2_PLACEMENT_3D ( 'NONE', #4535, #6941, #7389 ) ;
#762 = ORIENTED_EDGE ( 'NONE', *, *, #315, .T. ) ;
#763 = LINE ( 'NONE', #3099, #4427 ) ;
#764 = EDGE_CURVE ( 'NONE', #2996, #6156, #7520, .T. ) ;
#765 = DIRECTION ( 'NONE',  ( -0.1736481776669329125, -0.9848077530122075762, 0.000000000000000000 ) ) ;
#766 = DIRECTION ( 'NONE',  ( 1.000000000000000000, 0.000000000000000000, 0.000000000000000000 ) ) ;
#767 = ORIENTED_EDGE ( 'NONE', *, *, #1055, .F. ) ;
#768 = DIRECTION ( 'NONE',  ( 0.9975640502598247528, 0.06975647374411807211, 0.000000000000000000 ) ) ;
#769 = VERTEX_POINT ( 'NONE', #4096 ) ;
#770 = CARTESIAN_POINT ( 'NONE',  ( -2.600000000000000089, 0.2500000000000000000, 1.177499999999999991 ) ) ;
#771 = VECTOR ( 'NONE', #5502, 1000.000000000000000 ) ;
#772 = ORIENTED_EDGE ( 'NONE', *, *, #1609, .F. ) ;
#773 = DIRECTION ( 'NONE',  ( 0.1736481776669290544, -0.9848077530122083534, 0.000000000000000000 ) ) ;
#774 = LINE ( 'NONE', #2066, #4277 ) ;
#775 = ORIENTED_EDGE ( 'NONE', *, *, #3837, .T. ) ;
#776 = CARTESIAN_POINT ( 'NONE',  ( 2.851362942456834748, 0.02367179002526179771, 0.5274999999999999689 ) ) ;
#777 =( NAMED_UNIT ( * ) PLANE_ANGLE_UNIT ( ) SI_UNIT ( $, .RADIAN. ) );
#778 = VERTEX_POINT ( 'NONE', #6323 ) ;
#779 = CARTESIAN_POINT ( 'NONE',  ( 2.565559169962134956, 0.4453236532462965247, -0.5274999999999999689 ) ) ;
#780 = CYLINDRICAL_SURFACE ( 'NONE', #6463, 0.09999999999999982514 ) ;
#781 = CARTESIAN_POINT ( 'NONE',  ( -2.600000000000000089, 0.2500000000000000000, 1.827499999999999902 ) ) ;
#782 = LINE ( 'NONE', #3120, #1934 ) ;
#783 = ADVANCED_FACE ( 'NONE', ( #5758 ), #542, .T. ) ;
#784 = LINE ( 'NONE', #1212, #158 ) ;
#785 =( NAMED_UNIT ( * ) PLANE_ANGLE_UNIT ( ) SI_UNIT ( $, .RADIAN. ) );
#786 = DIRECTION ( 'NONE',  ( 0.000000000000000000, 1.000000000000000000, 0.000000000000000000 ) ) ;
#787 = ORIENTED_EDGE ( 'NONE', *, *, #6796, .F. ) ;
#788 = CARTESIAN_POINT ( 'NONE',  ( -2.101507855905375255, 0.6975644756313429395, 2.499988631206595091 ) ) ;
#789 = DIRECTION ( 'NONE',  ( 0.000000000000000000, 0.000000000000000000, 1.000000000000000000 ) ) ;
#790 = EDGE_CURVE ( 'NONE', #4090, #6758, #4596, .T. ) ;
#791 = ORIENTED_EDGE ( 'NONE', *, *, #3264, .T. ) ;
#792 = EDGE_CURVE ( 'NONE', #5061, #1879, #2190, .T. ) ;
#793 = ADVANCED_FACE ( 'NONE', ( #1724 ), #4056, .F. ) ;
#794 = DIRECTION ( 'NONE',  ( -4.336808689942025625E-15, 0.000000000000000000, 1.000000000000000000 ) ) ;
#795 = ORIENTED_EDGE ( 'NONE', *, *, #877, .T. ) ;
#796 = PLANE ( 'NONE',  #811 ) ;
#797 = ADVANCED_FACE ( 'NONE', ( #6406 ), #1187, .F. ) ;
#798 = ORIENTED_EDGE ( 'NONE', *, *, #1362, .F. ) ;
#799 = EDGE_CURVE ( 'NONE', #4797, #5624, #7048, .T. ) ;
#800 = CARTESIAN_POINT ( 'NONE',  ( 2.851362942456834748, 0.02367179002526179771, -2.072500000000000231 ) ) ;
#801 = CIRCLE ( 'NONE', #4840, 0.2746982034251567728 ) ;
#802 = CARTESIAN_POINT ( 'NONE',  ( -2.200000000000000178, 0.6975000000000000089, 1.177499999999999991 ) ) ;
#803 = CARTESIAN_POINT ( 'NONE',  ( 3.189885311307104843, 9.629649721936179265E-32, 1.827499999999999902 ) ) ;
#804 = EDGE_LOOP ( 'NONE', ( #3872, #4122, #5278, #2789 ) ) ;
#805 = DIRECTION ( 'NONE',  ( -1.000000000000000000, 0.000000000000000000, -4.336808689942025625E-15 ) ) ;
#806 = VERTEX_POINT ( 'NONE', #2995 ) ;
#807 = CARTESIAN_POINT ( 'NONE',  ( -2.200000000000000178, 0.6975000000000000089, -2.500000000000000000 ) ) ;
#808 = DIRECTION ( 'NONE',  ( -8.673617379884039170E-17, -4.681472543410460087E-35, -1.000000000000000000 ) ) ;
#809 = ADVANCED_FACE ( 'NONE', ( #3565 ), #4794, .T. ) ;
#810 = AXIS2_PLACEMENT_3D ( 'NONE', #3780, #6699, #3168 ) ;
#811 = AXIS2_PLACEMENT_3D ( 'NONE', #7286, #3778, #6084 ) ;
#812 = ORIENTED_EDGE ( 'NONE', *, *, #4264, .F. ) ;
#813 = ORIENTED_EDGE ( 'NONE', *, *, #3892, .F. ) ;
#814 = CARTESIAN_POINT ( 'NONE',  ( 2.200000000000000178, 0.5524999999999999911, -1.177499999999999991 ) ) ;
#815 = DIRECTION ( 'NONE',  ( -1.000000000000000000, 0.000000000000000000, 0.000000000000000000 ) ) ;
#816 = SPHERICAL_SURFACE ( 'NONE', #2331, 0.1000000000000000056 ) ;
#817 = CARTESIAN_POINT ( 'NONE',  ( -2.200000000000000178, 0.6975000000000000089, 2.500000000000000000 ) ) ;
#818 = FILL_AREA_STYLE_COLOUR ( '', #2835 ) ;
#819 = FACE_OUTER_BOUND ( 'NONE', #717, .T. ) ;
#820 = LINE ( 'NONE', #1405, #2402 ) ;
#821 = VERTEX_POINT ( 'NONE', #7089 ) ;
#822 = DIRECTION ( 'NONE',  ( 0.000000000000000000, 0.000000000000000000, -1.000000000000000000 ) ) ;
#823 = CARTESIAN_POINT ( 'NONE',  ( -3.189885311307104843, 9.629649721936179265E-32, -0.1224999999999999978 ) ) ;
#824 = ADVANCED_FACE ( 'NONE', ( #3603 ), #7012, .F. ) ;
#825 = EDGE_CURVE ( 'NONE', #3188, #4763, #5703, .T. ) ;
#826 = CARTESIAN_POINT ( 'NONE',  ( -2.708356294148904997, 0.4705026390080009890, 0.1224999999999999978 ) ) ;
#827 = VERTEX_POINT ( 'NONE', #5354 ) ;
#828 = VERTEX_POINT ( 'NONE', #6531 ) ;
#829 = VECTOR ( 'NONE', #954, 1000.000000000000000 ) ;
#830 = DIRECTION ( 'NONE',  ( 0.9975640502598247528, -0.06975647374411807211, 0.000000000000000000 ) ) ;
#831 = DIRECTION ( 'NONE',  ( 1.000000000000000000, -4.558701216420150868E-16, 0.000000000000000000 ) ) ;
#832 = ORIENTED_EDGE ( 'NONE', *, *, #749, .F. ) ;
#833 = CARTESIAN_POINT ( 'NONE',  ( -2.437831373677284752, 0.6975000000000000089, -0.5274999999999999689 ) ) ;
#834 = VECTOR ( 'NONE', #6304, 1000.000000000000000 ) ;
#835 = ADVANCED_FACE ( 'NONE', ( #5289 ), #665, .F. ) ;
#836 = EDGE_CURVE ( 'NONE', #4510, #1987, #137, .T. ) ;
#837 = FACE_OUTER_BOUND ( 'NONE', #2294, .T. ) ;
#838 = VECTOR ( 'NONE', #2607, 1000.000000000000000 ) ;
#839 = CYLINDRICAL_SURFACE ( 'NONE', #1943, 0.1296982034251579208 ) ;
#840 = ORIENTED_EDGE ( 'NONE', *, *, #7375, .F. ) ;
#841 = DIRECTION ( 'NONE',  ( 0.000000000000000000, 0.000000000000000000, 1.000000000000000000 ) ) ;
#842 = CARTESIAN_POINT ( 'NONE',  ( -2.851362942456834748, 0.02367179002526179771, -1.827499999999999902 ) ) ;
#843 = ORIENTED_EDGE ( 'NONE', *, *, #1638, .T. ) ;
#844 = DIRECTION ( 'NONE',  ( 0.000000000000000000, 0.000000000000000000, -1.000000000000000000 ) ) ;
#845 = CARTESIAN_POINT ( 'NONE',  ( -2.101507855905375255, 0.5524355243686569494, -2.499988631206595091 ) ) ;
#846 = VECTOR ( 'NONE', #3608, 1000.000000000000000 ) ;
#847 = LINE ( 'NONE', #3190, #4915 ) ;
#848 = VECTOR ( 'NONE', #5813, 1000.000000000000114 ) ;
#849 = ADVANCED_FACE ( 'NONE', ( #5321 ), #590, .T. ) ;
#850 = LINE ( 'NONE', #6766, #2221 ) ;
#851 = CARTESIAN_POINT ( 'NONE',  ( -2.200000000000000178, 0.5524999999999999911, 2.500000000000000000 ) ) ;
#852 = CARTESIAN_POINT ( 'NONE',  ( -2.861477631149734968, 0.1683185773129349805, -1.422499999999999876 ) ) ;
#853 = EDGE_LOOP ( 'NONE', ( #5655, #5637, #3601, #4766, #4929, #5848, #3345, #798, #6753, #4741, #4059, #4923 ) ) ;
#854 = VECTOR ( 'NONE', #7112, 1000.000000000000114 ) ;
#855 = CARTESIAN_POINT ( 'NONE',  ( -2.200000000000000178, 0.6975000000000000089, 0.7724999999999999645 ) ) ;
#856 = FACE_OUTER_BOUND ( 'NONE', #699, .T. ) ;
#857 = VECTOR ( 'NONE', #1514, 1000.000000000000000 ) ;
#858 = CARTESIAN_POINT ( 'NONE',  ( -2.200000000000000178, 0.6975000000000000089, -2.399999999999999911 ) ) ;
#859 = VECTOR ( 'NONE', #149, 1000.000000000000114 ) ;
#860 = VECTOR ( 'NONE', #5793, 1000.000000000000000 ) ;
#861 = ADVANCED_FACE ( 'NONE', ( #1281 ), #4686, .F. ) ;
#862 = ADVANCED_FACE ( 'NONE', ( #1160 ), #4143, .F. ) ;
#863 = AXIS2_PLACEMENT_3D ( 'NONE', #3816, #3234, #5554 ) ;
#864 = DIRECTION ( 'NONE',  ( -0.06975647374411807211, 0.9975640502598247528, 0.000000000000000000 ) ) ;
#865 = CARTESIAN_POINT ( 'NONE',  ( -2.158688739809630608, 0.7024548410463219428, 2.499126327838413708 ) ) ;
#866 = VERTEX_POINT ( 'NONE', #4105 ) ;
#867 = CARTESIAN_POINT ( 'NONE',  ( 2.861477631149734968, 0.1683185773129355078, 0.1224999999999999978 ) ) ;
#868 = CARTESIAN_POINT ( 'NONE',  ( 2.708356294148904997, 0.4705026390080009890, -2.072500000000000231 ) ) ;
#869 = ORIENTED_EDGE ( 'NONE', *, *, #3781, .F. ) ;
#870 = AXIS2_PLACEMENT_3D ( 'NONE', #7316, #1559, #5651 ) ;
#871 = LINE ( 'NONE', #3067, #3162 ) ;
#872 = VECTOR ( 'NONE', #4265, 1000.000000000000000 ) ;
#873 = ORIENTED_EDGE ( 'NONE', *, *, #4983, .T. ) ;
#874 = ADVANCED_FACE ( 'NONE', ( #1776 ), #4756, .T. ) ;
#875 = VERTEX_POINT ( 'NONE', #17 ) ;
#876 = FACE_OUTER_BOUND ( 'NONE', #2372, .T. ) ;
#877 = EDGE_CURVE ( 'NONE', #3293, #1366, #3287, .T. ) ;
#878 = PLANE ( 'NONE',  #4075 ) ;
#879 = ORIENTED_EDGE ( 'NONE', *, *, #4767, .F. ) ;
#880 = STYLED_ITEM ( 'NONE', ( #5307 ), #1321 ) ;
#881 =( LENGTH_UNIT ( ) NAMED_UNIT ( * ) SI_UNIT ( .MILLI., .METRE. ) );
#882 = CARTESIAN_POINT ( 'NONE',  ( -2.708356294148904997, 0.4705026390080009890, 1.422499999999999876 ) ) ;
#883 = AXIS2_PLACEMENT_3D ( 'NONE', #4371, #5536, #5199 ) ;
#884 = CARTESIAN_POINT ( 'NONE',  ( 2.437831373677284752, 0.4228017965748430140, 1.827499999999999902 ) ) ;
#885 = ADVANCED_FACE ( 'NONE', ( #1238 ), #5915, .F. ) ;
#886 = AXIS2_PLACEMENT_3D ( 'NONE', #1625, #622, #2189 ) ;
#887 = ORIENTED_EDGE ( 'NONE', *, *, #4736, .T. ) ;
#888 = EDGE_CURVE ( 'NONE', #6086, #2869, #1200, .T. ) ;
#889 = LINE ( 'NONE', #2726, #1130 ) ;
#890 = DIRECTION ( 'NONE',  ( 0.000000000000000000, 0.000000000000000000, -1.000000000000000000 ) ) ;
#891 = CARTESIAN_POINT ( 'NONE',  ( 2.437831373677284752, 0.5524999999999999911, 0.1224999999999999978 ) ) ;
#892 = CARTESIAN_POINT ( 'NONE',  ( -2.200000000000000178, 0.6975000000000000089, -0.5274999999999999689 ) ) ;
#893 = DIRECTION ( 'NONE',  ( 0.000000000000000000, 0.000000000000000000, -1.000000000000000000 ) ) ;
#894 = AXIS2_PLACEMENT_3D ( 'NONE', #6183, #6643, #5610 ) ;
#895 = ORIENTED_EDGE ( 'NONE', *, *, #389, .F. ) ;
#896 = ADVANCED_FACE ( 'NONE', ( #6667 ), #839, .F. ) ;
#897 = CARTESIAN_POINT ( 'NONE',  ( -2.437831373677284752, 0.4228017965748430140, -1.422499999999999876 ) ) ;
#898 = FACE_OUTER_BOUND ( 'NONE', #4141, .T. ) ;
#899 = ORIENTED_EDGE ( 'NONE', *, *, #4982, .F. ) ;
#900 = ORIENTED_EDGE ( 'NONE', *, *, #106, .T. ) ;
#901 = CARTESIAN_POINT ( 'NONE',  ( 2.851362942456834748, 0.02367179002526179771, -0.1224999999999999978 ) ) ;
#902 = DIRECTION ( 'NONE',  ( 0.000000000000000000, 0.000000000000000000, 1.000000000000000000 ) ) ;
#903 = EDGE_LOOP ( 'NONE', ( #40, #6051, #2439, #4479 ) ) ;
#904 = DIRECTION ( 'NONE',  ( 1.000000000000000000, 4.558701216420150868E-16, 0.000000000000000000 ) ) ;
#905 = DIRECTION ( 'NONE',  ( -1.000000000000000000, 0.000000000000000000, -4.336808689942025625E-15 ) ) ;
#906 = VERTEX_POINT ( 'NONE', #3214 ) ;
#907 = CARTESIAN_POINT ( 'NONE',  ( 2.437831373677284752, 0.6975000000000000089, -1.177499999999999991 ) ) ;
#908 = CARTESIAN_POINT ( 'NONE',  ( -2.437831373677284752, 0.4228017965748430140, -0.1224999999999999978 ) ) ;
#909 = VERTEX_POINT ( 'NONE', #3754 ) ;
#910 = FACE_OUTER_BOUND ( 'NONE', #3064, .T. ) ;
#911 = ORIENTED_EDGE ( 'NONE', *, *, #6619, .T. ) ;
#912 = ORIENTED_EDGE ( 'NONE', *, *, #973, .F. ) ;
#913 = VERTEX_POINT ( 'NONE', #4831 ) ;
#914 = FACE_OUTER_BOUND ( 'NONE', #2089, .T. ) ;
#915 =( NAMED_UNIT ( * ) SI_UNIT ( $, .STERADIAN. ) SOLID_ANGLE_UNIT ( ) );
#916 = EDGE_LOOP ( 'NONE', ( #4186, #5823, #6055, #3710 ) ) ;
#917 = FACE_OUTER_BOUND ( 'NONE', #6176, .T. ) ;
#918 = EDGE_CURVE ( 'NONE', #827, #5661, #246, .T. ) ;
#919 = DIRECTION ( 'NONE',  ( 1.000000000000000000, 0.000000000000000000, 0.000000000000000000 ) ) ;
#920 = AXIS2_PLACEMENT_3D ( 'NONE', #6597, #6131, #3243 ) ;
#921 = EDGE_CURVE ( 'NONE', #5531, #5290, #774, .T. ) ;
#922 = AXIS2_PLACEMENT_3D ( 'NONE', #6876, #2168, #6202 ) ;
#923 = EDGE_CURVE ( 'NONE', #2446, #4735, #736, .T. ) ;
#924 = ORIENTED_EDGE ( 'NONE', *, *, #4673, .F. ) ;
#925 = SURFACE_SIDE_STYLE ('',( #4877 ) ) ;
#926 = CARTESIAN_POINT ( 'NONE',  ( 2.565559169962134956, 0.4453236532462965247, -1.177499999999999991 ) ) ;
#927 = CARTESIAN_POINT ( 'NONE',  ( -2.200000000000000178, 0.6975000000000000089, 2.072500000000000231 ) ) ;
#928 = DIRECTION ( 'NONE',  ( 0.000000000000000000, 0.000000000000000000, -1.000000000000000000 ) ) ;
#929 = LINE ( 'NONE', #3263, #7034 ) ;
#930 = ORIENTED_EDGE ( 'NONE', *, *, #4869, .F. ) ;
#931 = EDGE_CURVE ( 'NONE', #2662, #688, #4328, .T. ) ;
#932 = EDGE_CURVE ( 'NONE', #3449, #575, #871, .T. ) ;
#933 = ORIENTED_EDGE ( 'NONE', *, *, #5833, .T. ) ;
#934 = FACE_OUTER_BOUND ( 'NONE', #4021, .T. ) ;
#935 = PLANE ( 'NONE',  #1976 ) ;
#936 = ORIENTED_EDGE ( 'NONE', *, *, #6796, .T. ) ;
#937 = ORIENTED_EDGE ( 'NONE', *, *, #59, .T. ) ;
#938 = EDGE_CURVE ( 'NONE', #7377, #4544, #6638, .T. ) ;
#939 = DIRECTION ( 'NONE',  ( 0.000000000000000000, 0.000000000000000000, 1.000000000000000000 ) ) ;
#940 = CARTESIAN_POINT ( 'NONE',  ( 2.200000000000000178, 0.5524999999999999911, 1.422499999999999876 ) ) ;
#941 = ORIENTED_EDGE ( 'NONE', *, *, #3982, .F. ) ;
#942 = DIRECTION ( 'NONE',  ( -1.000000000000000000, 0.000000000000000000, 0.000000000000000000 ) ) ;
#943 = EDGE_CURVE ( 'NONE', #6032, #6948, #1825, .T. ) ;
#944 = CARTESIAN_POINT ( 'NONE',  ( -2.200000000000000178, 0.6975000000000000089, -2.399999999999999911 ) ) ;
#945 = ORIENTED_EDGE ( 'NONE', *, *, #317, .T. ) ;
#946 = CARTESIAN_POINT ( 'NONE',  ( 3.189885311307104843, 9.629649721936179265E-32, 2.072500000000000231 ) ) ;
#947 = ORIENTED_EDGE ( 'NONE', *, *, #931, .T. ) ;
#948 = CARTESIAN_POINT ( 'NONE',  ( 2.708356294148904997, 0.4705026390080009890, -0.5274999999999999689 ) ) ;
#949 = VERTEX_POINT ( 'NONE', #1460 ) ;
#950 = CARTESIAN_POINT ( 'NONE',  ( 2.708356294148904997, 0.4705026390080009890, 1.827499999999999902 ) ) ;
#951 = VECTOR ( 'NONE', #7198, 1000.000000000000114 ) ;
#952 = VERTEX_POINT ( 'NONE', #217 ) ;
#953 = VERTEX_POINT ( 'NONE', #7126 ) ;
#954 = DIRECTION ( 'NONE',  ( -0.1736481776669329125, -0.9848077530122075762, 0.000000000000000000 ) ) ;
#955 = CARTESIAN_POINT ( 'NONE',  ( -2.045118427147115003, 0.2500000000000000000, 2.345118427147114826 ) ) ;
#956 = ORIENTED_EDGE ( 'NONE', *, *, #4337, .F. ) ;
#957 = AXIS2_PLACEMENT_3D ( 'NONE', #146, #3036, #2542 ) ;
#958 =( NAMED_UNIT ( * ) SI_UNIT ( $, .STERADIAN. ) SOLID_ANGLE_UNIT ( ) );
#959 = DIRECTION ( 'NONE',  ( -0.1710878697460355147, -0.9702875252478140311, 0.1710878697460355147 ) ) ;
#960 = DIRECTION ( 'NONE',  ( 0.000000000000000000, 0.000000000000000000, 1.000000000000000000 ) ) ;
#961 = VECTOR ( 'NONE', #1270, 1000.000000000000000 ) ;
#962 = VECTOR ( 'NONE', #1295, 1000.000000000000000 ) ;
#963 = EDGE_CURVE ( 'NONE', #3554, #5343, #5495, .T. ) ;
#964 = EDGE_CURVE ( 'NONE', #4764, #7381, #184, .T. ) ;
#965 = LINE ( 'NONE', #1522, #7194 ) ;
#966 = CARTESIAN_POINT ( 'NONE',  ( 2.437831373677284752, 0.4228017965748430140, -1.422499999999999876 ) ) ;
#967 = PLANE ( 'NONE',  #637 ) ;
#968 = DIRECTION ( 'NONE',  ( 0.000000000000000000, 1.000000000000000000, 0.000000000000000000 ) ) ;
#969 = ORIENTED_EDGE ( 'NONE', *, *, #4718, .F. ) ;
#970 = VERTEX_POINT ( 'NONE', #4259 ) ;
#971 = DIRECTION ( 'NONE',  ( 0.000000000000000000, 0.000000000000000000, -1.000000000000000000 ) ) ;
#972 = DIRECTION ( 'NONE',  ( -1.000000000000000000, 2.279350608210075138E-15, 0.000000000000000000 ) ) ;
#973 = EDGE_CURVE ( 'NONE', #5598, #175, #2026, .T. ) ;
#974 = VERTEX_POINT ( 'NONE', #3790 ) ;
#975 = EDGE_CURVE ( 'NONE', #4005, #5216, #1351, .T. ) ;
#976 = CARTESIAN_POINT ( 'NONE',  ( 2.851362942456834748, 0.02367179002526179771, 1.177499999999999991 ) ) ;
#977 = CARTESIAN_POINT ( 'NONE',  ( -2.565559169962134956, 0.4453236532462965247, 1.422499999999999876 ) ) ;
#978 = EDGE_LOOP ( 'NONE', ( #4853, #6289, #2182, #623 ) ) ;
#979 = ADVANCED_FACE ( 'NONE', ( #5990 ), #4962, .T. ) ;
#980 = LINE ( 'NONE', #3321, #562 ) ;
#981 = FACE_OUTER_BOUND ( 'NONE', #3432, .T. ) ;
#982 = VECTOR ( 'NONE', #6925, 1000.000000000000000 ) ;
#983 = EDGE_LOOP ( 'NONE', ( #5158, #1372, #895, #222 ) ) ;
#984 = CARTESIAN_POINT ( 'NONE',  ( 2.851362942456834748, 0.02367179002526179771, 0.7724999999999999645 ) ) ;
#985 = DIRECTION ( 'NONE',  ( 1.000000000000000000, 0.000000000000000000, 0.000000000000000000 ) ) ;
#986 = EDGE_LOOP ( 'NONE', ( #1507, #2499, #4292, #3329 ) ) ;
#987 = DIRECTION ( 'NONE',  ( 8.673617379884039170E-17, -4.681472543410460087E-35, 1.000000000000000000 ) ) ;
#988 = CIRCLE ( 'NONE', #5744, 0.1296982034251575044 ) ;
#989 = EDGE_CURVE ( 'NONE', #2171, #616, #5478, .T. ) ;
#990 = ORIENTED_EDGE ( 'NONE', *, *, #7146, .T. ) ;
#991 = VECTOR ( 'NONE', #2557, 1000.000000000000114 ) ;
#992 = CARTESIAN_POINT ( 'NONE',  ( 2.708356294148904997, 0.4705026390080009890, 2.072500000000000231 ) ) ;
#993 = CARTESIAN_POINT ( 'NONE',  ( -3.200000000000000178, 0.1446467872876731897, 0.7724999999999999645 ) ) ;
#994 = ORIENTED_EDGE ( 'NONE', *, *, #2255, .T. ) ;
#995 = DIRECTION ( 'NONE',  ( 0.000000000000000000, 0.000000000000000000, 1.000000000000000000 ) ) ;
#996 = SURFACE_STYLE_USAGE ( .BOTH. , #1517 ) ;
#997 = CIRCLE ( 'NONE', #5022, 0.1296982034251579208 ) ;
#998 = DIRECTION ( 'NONE',  ( 0.9975640502598246417, 0.06975647374411987622, 0.000000000000000000 ) ) ;
#999 = CIRCLE ( 'NONE', #5517, 0.2500000000000000000 ) ;
#1000 = AXIS2_PLACEMENT_3D ( 'NONE', #2800, #7503, #7351 ) ;
#1001 = FACE_OUTER_BOUND ( 'NONE', #2265, .T. ) ;
#1002 = PRESENTATION_STYLE_ASSIGNMENT (( #6153 ) ) ;
#1003 = CARTESIAN_POINT ( 'NONE',  ( -3.200000000000000178, 0.1446467872876731897, 0.7724999999999999645 ) ) ;
#1004 = CARTESIAN_POINT ( 'NONE',  ( 2.565559169962134956, 0.4453236532462965247, 0.1224999999999999978 ) ) ;
#1005 = PLANE ( 'NONE',  #2426 ) ;
#1006 = ORIENTED_EDGE ( 'NONE', *, *, #370, .T. ) ;
#1007 = VECTOR ( 'NONE', #199, 1000.000000000000000 ) ;
#1008 = ADVANCED_FACE ( 'NONE', ( #6605 ), #3721, .F. ) ;
#1009 = AXIS2_PLACEMENT_3D ( 'NONE', #4255, #2528, #6493 ) ;
#1010 = FACE_OUTER_BOUND ( 'NONE', #1550, .T. ) ;
#1011 = LINE ( 'NONE', #2165, #5884 ) ;
#1012 = ORIENTED_EDGE ( 'NONE', *, *, #1609, .T. ) ;
#1013 = AXIS2_PLACEMENT_3D ( 'NONE', #884, #960, #357 ) ;
#1014 = EDGE_CURVE ( 'NONE', #4117, #3874, #4147, .T. ) ;
#1015 = CARTESIAN_POINT ( 'NONE',  ( -2.565559169962134956, 0.4453236532462965247, 0.7724999999999999645 ) ) ;
#1016 = EDGE_CURVE ( 'NONE', #1924, #4933, #2193, .T. ) ;
#1017 = CARTESIAN_POINT ( 'NONE',  ( -2.200000000000000178, 0.5524999999999999911, -0.1224999999999999978 ) ) ;
#1018 = VERTEX_POINT ( 'NONE', #7053 ) ;
#1019 = DIRECTION ( 'NONE',  ( -1.000000000000000000, 4.336808689942020891E-15, 7.646963822077090307E-16 ) ) ;
#1020 = CARTESIAN_POINT ( 'NONE',  ( 2.851362942456834748, 0.02367179002526179771, -0.7724999999999999645 ) ) ;
#1021 = EDGE_LOOP ( 'NONE', ( #3818, #4450, #5883, #4987 ) ) ;
#1022 = LINE ( 'NONE', #2860, #3337 ) ;
#1023 = LINE ( 'NONE', #3359, #2095 ) ;
#1024 = ORIENTED_EDGE ( 'NONE', *, *, #1675, .T. ) ;
#1025 = DIRECTION ( 'NONE',  ( 1.000000000000000000, 0.000000000000000000, 0.000000000000000000 ) ) ;
#1026 = ADVANCED_FACE ( 'NONE', ( #5489 ), #5527, .T. ) ;
#1027 = ORIENTED_EDGE ( 'NONE', *, *, #1169, .F. ) ;
#1028 = VERTEX_POINT ( 'NONE', #670 ) ;
#1029 = VERTEX_POINT ( 'NONE', #6053 ) ;
#1030 = DIRECTION ( 'NONE',  ( -1.000000000000000000, 0.000000000000000000, 0.000000000000000000 ) ) ;
#1031 = CARTESIAN_POINT ( 'NONE',  ( 2.200000000000000178, 0.6975000000000000089, 1.422499999999999876 ) ) ;
#1032 = VERTEX_POINT ( 'NONE', #5327 ) ;
#1033 = CARTESIAN_POINT ( 'NONE',  ( 2.851362942456834748, 0.02367179002526179771, -1.827499999999999902 ) ) ;
#1034 = DIRECTION ( 'NONE',  ( 0.000000000000000000, 0.000000000000000000, -1.000000000000000000 ) ) ;
#1035 = EDGE_CURVE ( 'NONE', #1659, #1314, #66, .T. ) ;
#1036 = FACE_OUTER_BOUND ( 'NONE', #2893, .T. ) ;
#1037 = DIRECTION ( 'NONE',  ( 0.000000000000000000, 0.000000000000000000, -1.000000000000000000 ) ) ;
#1038 = LINE ( 'NONE', #6902, #6957 ) ;
#1039 = DIRECTION ( 'NONE',  ( 0.9975640502598247528, 0.06975647374411807211, 0.000000000000000000 ) ) ;
#1040 = CARTESIAN_POINT ( 'NONE',  ( -2.851362942456834748, 0.02367179002526179771, -1.827499999999999902 ) ) ;
#1041 = VECTOR ( 'NONE', #7072, 1000.000000000000114 ) ;
#1042 = CARTESIAN_POINT ( 'NONE',  ( -2.437831373677284752, 0.6975000000000000089, 1.422499999999999876 ) ) ;
#1043 = LINE ( 'NONE', #7507, #834 ) ;
#1044 = VERTEX_POINT ( 'NONE', #2419 ) ;
#1045 = AXIS2_PLACEMENT_3D ( 'NONE', #4678, #4176, #2375 ) ;
#1046 = ORIENTED_EDGE ( 'NONE', *, *, #3319, .T. ) ;
#1047 = DIRECTION ( 'NONE',  ( 0.000000000000000000, 0.000000000000000000, -1.000000000000000000 ) ) ;
#1048 = CARTESIAN_POINT ( 'NONE',  ( -2.600000000000000089, 0.2500000000000000000, 2.072500000000000231 ) ) ;
#1049 = VERTEX_POINT ( 'NONE', #5358 ) ;
#1050 = CARTESIAN_POINT ( 'NONE',  ( 2.565559169962134956, 0.4453236532462965247, -1.177499999999999991 ) ) ;
#1051 = VERTEX_POINT ( 'NONE', #141 ) ;
#1052 = VECTOR ( 'NONE', #6974, 1000.000000000000000 ) ;
#1053 = CARTESIAN_POINT ( 'NONE',  ( 2.600000000000000089, 0.2500000000000000000, -1.827499999999999902 ) ) ;
#1054 = DIRECTION ( 'NONE',  ( -0.1710878697460359588, 0.9702875252478136980, -0.1710878697460359588 ) ) ;
#1055 = EDGE_CURVE ( 'NONE', #1161, #6382, #4800, .T. ) ;
#1056 = DIRECTION ( 'NONE',  ( 0.000000000000000000, 0.000000000000000000, -1.000000000000000000 ) ) ;
#1057 = ADVANCED_FACE ( 'NONE', ( #2019 ), #4228, .F. ) ;
#1058 = LINE ( 'NONE', #3045, #962 ) ;
#1059 = ORIENTED_EDGE ( 'NONE', *, *, #7246, .F. ) ;
#1060 = CARTESIAN_POINT ( 'NONE',  ( -2.600000000000000089, 0.2500000000000000000, 1.422499999999999876 ) ) ;
#1061 = VECTOR ( 'NONE', #6059, 1000.000000000000000 ) ;
#1062 = LINE ( 'NONE', #3476, #2822 ) ;
#1063 = PLANE ( 'NONE',  #4641 ) ;
#1064 = ORIENTED_EDGE ( 'NONE', *, *, #3410, .F. ) ;
#1065 = ORIENTED_EDGE ( 'NONE', *, *, #4349, .F. ) ;
#1066 = ORIENTED_EDGE ( 'NONE', *, *, #3823, .T. ) ;
#1067 = LINE ( 'NONE', #5714, #5700 ) ;
#1068 = CARTESIAN_POINT ( 'NONE',  ( -3.200000000000000178, 0.1446467872876731897, 1.422499999999999876 ) ) ;
#1069 = ORIENTED_EDGE ( 'NONE', *, *, #2785, .F. ) ;
#1070 = ORIENTED_EDGE ( 'NONE', *, *, #4839, .F. ) ;
#1071 = EDGE_CURVE ( 'NONE', #6068, #1339, #2628, .T. ) ;
#1072 = DIRECTION ( 'NONE',  ( -0.9975640502598247528, 0.06975647374411908519, 0.000000000000000000 ) ) ;
#1073 = EDGE_CURVE ( 'NONE', #2978, #4603, #3459, .T. ) ;
#1074 = LINE ( 'NONE', #4640, #4696 ) ;
#1075 = ORIENTED_EDGE ( 'NONE', *, *, #1873, .F. ) ;
#1076 = CARTESIAN_POINT ( 'NONE',  ( 2.200000000000000178, 0.5524999999999999911, -1.177499999999999991 ) ) ;
#1077 = CLOSED_SHELL ( 'NONE', ( #4365, #6504, #2786, #509, #797, #3038, #6897, #2865, #6151, #674, #2236, #3504, #7514, #76 ) ) ;
#1078 = CARTESIAN_POINT ( 'NONE',  ( 2.437831373677284752, 0.4228017965748430140, 1.827499999999999902 ) ) ;
#1079 = VECTOR ( 'NONE', #5297, 1000.000000000000114 ) ;
#1080 =( NAMED_UNIT ( * ) SI_UNIT ( $, .STERADIAN. ) SOLID_ANGLE_UNIT ( ) );
#1081 = LINE ( 'NONE', #5849, #4562 ) ;
#1082 = AXIS2_PLACEMENT_3D ( 'NONE', #5198, #5238, #1730 ) ;
#1083 = CARTESIAN_POINT ( 'NONE',  ( -2.045118427147115003, 1.000000000000000000, -2.345118427147114826 ) ) ;
#1084 = CARTESIAN_POINT ( 'NONE',  ( -2.437831373677284752, 0.5524999999999999911, 1.177499999999999991 ) ) ;
#1085 = CARTESIAN_POINT ( 'NONE',  ( -2.870524920471619890, 0.2977008424331585301, -1.827499999999999902 ) ) ;
#1086 = ORIENTED_EDGE ( 'NONE', *, *, #6396, .T. ) ;
#1087 = AXIS2_PLACEMENT_3D ( 'NONE', #58, #6976, #5205 ) ;
#1088 = EDGE_CURVE ( 'NONE', #6697, #5451, #3535, .T. ) ;
#1089 = CARTESIAN_POINT ( 'NONE',  ( 2.200000000000000178, 0.5524999999999999911, 2.399999999999999911 ) ) ;
#1090 = ORIENTED_EDGE ( 'NONE', *, *, #2390, .T. ) ;
#1091 = DIRECTION ( 'NONE',  ( 0.000000000000000000, 0.000000000000000000, 1.000000000000000000 ) ) ;
#1092 = DIRECTION ( 'NONE',  ( 0.000000000000000000, 0.000000000000000000, 1.000000000000000000 ) ) ;
#1093 = DIRECTION ( 'NONE',  ( -1.000000000000000000, 0.000000000000000000, 1.971276677246374970E-16 ) ) ;
#1094 = PLANE ( 'NONE',  #7116 ) ;
#1095 = MANIFOLD_SOLID_BREP ( 'NONE', #115 ) ;
#1096 = CARTESIAN_POINT ( 'NONE',  ( -2.870524920471619890, 0.2977008424331585301, 0.7724999999999999645 ) ) ;
#1097 = EDGE_LOOP ( 'NONE', ( #1579, #3948, #6026, #4607 ) ) ;
#1098 = FACE_OUTER_BOUND ( 'NONE', #6446, .T. ) ;
#1099 = ORIENTED_EDGE ( 'NONE', *, *, #7281, .F. ) ;
#1100 = CARTESIAN_POINT ( 'NONE',  ( 2.200000000000000178, 0.6975000000000000089, -0.1224999999999999978 ) ) ;
#1101 = EDGE_CURVE ( 'NONE', #1029, #2668, #2922, .T. ) ;
#1102 = CYLINDRICAL_SURFACE ( 'NONE', #3776, 0.2500000000000000000 ) ;
#1103 = ADVANCED_FACE ( 'NONE', ( #1931 ), #6508, .F. ) ;
#1104 = ORIENTED_EDGE ( 'NONE', *, *, #1783, .F. ) ;
#1105 = ORIENTED_EDGE ( 'NONE', *, *, #3368, .T. ) ;
#1106 = CARTESIAN_POINT ( 'NONE',  ( 2.200000000000000178, 0.5524999999999999911, -0.5274999999999999689 ) ) ;
#1107 = AXIS2_PLACEMENT_3D ( 'NONE', #124, #6988, #564 ) ;
#1108 = DIRECTION ( 'NONE',  ( -1.000000000000000000, 0.000000000000000000, 0.000000000000000000 ) ) ;
#1109 = VERTEX_POINT ( 'NONE', #3006 ) ;
#1110 = CARTESIAN_POINT ( 'NONE',  ( 2.200000000000000178, 0.5524999999999999911, 0.5274999999999999689 ) ) ;
#1111 = CIRCLE ( 'NONE', #744, 0.2746982034251567728 ) ;
#1112 = DIRECTION ( 'NONE',  ( 0.000000000000000000, 0.000000000000000000, -1.000000000000000000 ) ) ;
#1113 = EDGE_LOOP ( 'NONE', ( #3937, #2960, #4282, #3852 ) ) ;
#1114 = MANIFOLD_SOLID_BREP ( 'NONE', #6910 ) ;
#1115 = FACE_OUTER_BOUND ( 'NONE', #5465, .T. ) ;
#1116 = CARTESIAN_POINT ( 'NONE',  ( 2.437831373677284752, 0.4228017965748430140, 0.7724999999999999645 ) ) ;
#1117 = CIRCLE ( 'NONE', #7068, 0.1296982034251575044 ) ;
#1118 = ORIENTED_EDGE ( 'NONE', *, *, #5787, .F. ) ;
#1119 = AXIS2_PLACEMENT_3D ( 'NONE', #5830, #4016, #5191 ) ;
#1120 = EDGE_CURVE ( 'NONE', #2788, #6645, #109, .T. ) ;
#1121 = LINE ( 'NONE', #515, #2111 ) ;
#1122 = LINE ( 'NONE', #2878, #2841 ) ;
#1123 = AXIS2_PLACEMENT_3D ( 'NONE', #418, #4589, #4478 ) ;
#1124 = SPHERICAL_SURFACE ( 'NONE', #5435, 0.1000000000000000056 ) ;
#1125 = LINE ( 'NONE', #1781, #3792 ) ;
#1126 = DIRECTION ( 'NONE',  ( -1.000000000000000000, 0.000000000000000000, 0.000000000000000000 ) ) ;
#1127 = DIRECTION ( 'NONE',  ( 0.000000000000000000, 0.000000000000000000, -1.000000000000000000 ) ) ;
#1128 = EDGE_CURVE ( 'NONE', #7329, #4926, #3298, .T. ) ;
#1129 = AXIS2_PLACEMENT_3D ( 'NONE', #468, #16, #3487 ) ;
#1130 = VECTOR ( 'NONE', #323, 1000.000000000000000 ) ;
#1131 = ORIENTED_EDGE ( 'NONE', *, *, #5683, .T. ) ;
#1132 = AXIS2_PLACEMENT_3D ( 'NONE', #4108, #5252, #5357 ) ;
#1133 = EDGE_CURVE ( 'NONE', #4366, #3289, #965, .T. ) ;
#1134 = CYLINDRICAL_SURFACE ( 'NONE', #381, 0.1296982034251579208 ) ;
#1135 = FACE_OUTER_BOUND ( 'NONE', #3105, .T. ) ;
#1136 = ORIENTED_EDGE ( 'NONE', *, *, #6795, .T. ) ;
#1137 = VECTOR ( 'NONE', #1306, 1000.000000000000000 ) ;
#1138 = LINE ( 'NONE', #3422, #2154 ) ;
#1139 = EDGE_CURVE ( 'NONE', #321, #5588, #7076, .T. ) ;
#1140 = ORIENTED_EDGE ( 'NONE', *, *, #1277, .F. ) ;
#1141 =( NAMED_UNIT ( * ) PLANE_ANGLE_UNIT ( ) SI_UNIT ( $, .RADIAN. ) );
#1142 = DIRECTION ( 'NONE',  ( 0.000000000000000000, 0.000000000000000000, -1.000000000000000000 ) ) ;
#1143 = MANIFOLD_SOLID_BREP ( 'NONE', #4973 ) ;
#1144 = CARTESIAN_POINT ( 'NONE',  ( -2.708356294148904997, 0.4705026390080009890, 0.7724999999999999645 ) ) ;
#1145 = EDGE_LOOP ( 'NONE', ( #6698, #6457, #3296, #1400 ) ) ;
#1146 = CARTESIAN_POINT ( 'NONE',  ( -2.200000000000000178, 0.5524999999999999911, 2.072500000000000231 ) ) ;
#1147 = DIRECTION ( 'NONE',  ( 0.000000000000000000, 0.000000000000000000, 1.000000000000000000 ) ) ;
#1148 = CARTESIAN_POINT ( 'NONE',  ( -2.045118427147115003, 0.2500000000000000000, 2.345118427147114826 ) ) ;
#1149 = EDGE_LOOP ( 'NONE', ( #5287, #5262, #3673, #2539 ) ) ;
#1150 = ORIENTED_EDGE ( 'NONE', *, *, #6433, .F. ) ;
#1151 = EDGE_LOOP ( 'NONE', ( #4241, #1884, #5258, #4151 ) ) ;
#1152 = CARTESIAN_POINT ( 'NONE',  ( 2.437831373677284752, 0.6975000000000000089, 1.422499999999999876 ) ) ;
#1153 = LINE ( 'NONE', #584, #3494 ) ;
#1154 = ORIENTED_EDGE ( 'NONE', *, *, #4124, .F. ) ;
#1155 = CARTESIAN_POINT ( 'NONE',  ( 2.851362942456834748, 0.02367179002526179771, -1.827499999999999902 ) ) ;
#1156 = EDGE_LOOP ( 'NONE', ( #314, #5797, #3542, #3070 ) ) ;
#1157 = CARTESIAN_POINT ( 'NONE',  ( -2.101507855905375255, 0.5524355243686569494, -2.499988631206595091 ) ) ;
#1158 = VERTEX_POINT ( 'NONE', #3847 ) ;
#1159 = CARTESIAN_POINT ( 'NONE',  ( -2.708356294148904997, 0.4705026390080009890, -1.422499999999999876 ) ) ;
#1160 = FACE_OUTER_BOUND ( 'NONE', #4403, .T. ) ;
#1161 = VERTEX_POINT ( 'NONE', #4466 ) ;
#1162 = LINE ( 'NONE', #5810, #280 ) ;
#1163 = EDGE_CURVE ( 'NONE', #5809, #4117, #5087, .T. ) ;
#1164 = EDGE_CURVE ( 'NONE', #3506, #1616, #889, .T. ) ;
#1165 = CARTESIAN_POINT ( 'NONE',  ( -2.708356294148904997, 0.4705026390080009890, -1.827499999999999902 ) ) ;
#1166 = PLANE ( 'NONE',  #1855 ) ;
#1167 = EDGE_CURVE ( 'NONE', #3676, #1993, #5715, .T. ) ;
#1168 = DIRECTION ( 'NONE',  ( 0.000000000000000000, 0.000000000000000000, 1.000000000000000000 ) ) ;
#1169 = EDGE_CURVE ( 'NONE', #2415, #1280, #6681, .T. ) ;
#1170 = CARTESIAN_POINT ( 'NONE',  ( 2.200000000000000178, 0.6975000000000000089, 1.177499999999999991 ) ) ;
#1171 = ORIENTED_EDGE ( 'NONE', *, *, #4387, .F. ) ;
#1172 = AXIS2_PLACEMENT_3D ( 'NONE', #2480, #6764, #7238 ) ;
#1173 = FACE_OUTER_BOUND ( 'NONE', #4063, .T. ) ;
#1174 = DIRECTION ( 'NONE',  ( 0.000000000000000000, 0.000000000000000000, -1.000000000000000000 ) ) ;
#1175 = VERTEX_POINT ( 'NONE', #5513 ) ;
#1176 = ADVANCED_FACE ( 'NONE', ( #6113 ), #2646, .T. ) ;
#1177 = EDGE_CURVE ( 'NONE', #2904, #1442, #1979, .T. ) ;
#1178 = LINE ( 'NONE', #2363, #3244 ) ;
#1179 = VECTOR ( 'NONE', #5346, 1000.000000000000000 ) ;
#1180 = ORIENTED_EDGE ( 'NONE', *, *, #5002, .T. ) ;
#1181 = AXIS2_PLACEMENT_3D ( 'NONE', #826, #3272, #6125 ) ;
#1182 = EDGE_LOOP ( 'NONE', ( #7340, #5108, #3403, #3841 ) ) ;
#1183 = PLANE ( 'NONE',  #2509 ) ;
#1184 = ORIENTED_EDGE ( 'NONE', *, *, #3463, .T. ) ;
#1185 = DIRECTION ( 'NONE',  ( -1.000000000000000000, 0.000000000000000000, 0.000000000000000000 ) ) ;
#1186 = DIRECTION ( 'NONE',  ( 0.000000000000000000, 0.000000000000000000, -1.000000000000000000 ) ) ;
#1187 = PLANE ( 'NONE',  #1591 ) ;
#1188 = ORIENTED_EDGE ( 'NONE', *, *, #2591, .T. ) ;
#1189 = VERTEX_POINT ( 'NONE', #5543 ) ;
#1190 = ORIENTED_EDGE ( 'NONE', *, *, #4443, .F. ) ;
#1191 = EDGE_CURVE ( 'NONE', #3483, #2457, #7274, .T. ) ;
#1192 = CARTESIAN_POINT ( 'NONE',  ( 2.708356294148904997, 0.4705026390080009890, 2.072500000000000231 ) ) ;
#1193 = DIRECTION ( 'NONE',  ( 0.000000000000000000, 0.000000000000000000, 1.000000000000000000 ) ) ;
#1194 = VERTEX_POINT ( 'NONE', #6727 ) ;
#1195 = CARTESIAN_POINT ( 'NONE',  ( -2.742797124186769686, 0.2751789857617045199, 2.072500000000000231 ) ) ;
#1196 = ORIENTED_EDGE ( 'NONE', *, *, #6704, .T. ) ;
#1197 = CARTESIAN_POINT ( 'NONE',  ( -2.045118427147115003, 0.1499999999999999944, 2.345118427147114826 ) ) ;
#1198 = VERTEX_POINT ( 'NONE', #362 ) ;
#1199 = LINE ( 'NONE', #5248, #3702 ) ;
#1200 = LINE ( 'NONE', #4184, #3048 ) ;
#1201 = ORIENTED_EDGE ( 'NONE', *, *, #750, .T. ) ;
#1202 = FILL_AREA_STYLE ('',( #6980 ) ) ;
#1203 = DIRECTION ( 'NONE',  ( 0.000000000000000000, 0.000000000000000000, -1.000000000000000000 ) ) ;
#1204 = CARTESIAN_POINT ( 'NONE',  ( -3.200000000000000178, 0.1446467872876731897, -1.177499999999999991 ) ) ;
#1205 = DIRECTION ( 'NONE',  ( 0.000000000000000000, 0.000000000000000000, -1.000000000000000000 ) ) ;
#1206 = ORIENTED_EDGE ( 'NONE', *, *, #7246, .T. ) ;
#1207 = EDGE_CURVE ( 'NONE', #7307, #4961, #2682, .T. ) ;
#1208 = ADVANCED_FACE ( 'NONE', ( #3260 ), #7352, .F. ) ;
#1209 = AXIS2_PLACEMENT_3D ( 'NONE', #2715, #3253, #5116 ) ;
#1210 = ORIENTED_EDGE ( 'NONE', *, *, #5693, .T. ) ;
#1211 =( BOUNDED_CURVE ( )  B_SPLINE_CURVE ( 3, ( #1798, #7032, #2437, #3094 ),
 .UNSPECIFIED., .F., .T. ) 
 B_SPLINE_CURVE_WITH_KNOTS ( ( 4, 4 ),
 ( 3.141592653589795336, 3.156671784086274801 ),
 .UNSPECIFIED. ) 
 CURVE ( )  GEOMETRIC_REPRESENTATION_ITEM ( )  RATIONAL_B_SPLINE_CURVE ( ( 1.000000000000000000, 0.9999810517417160316, 0.9999810517417160316, 1.000000000000000000 ) ) 
 REPRESENTATION_ITEM ( '' )  );
#1212 = CARTESIAN_POINT ( 'NONE',  ( -3.189885311307104843, 9.629649721936179265E-32, -1.827499999999999902 ) ) ;
#1213 = FACE_OUTER_BOUND ( 'NONE', #4958, .T. ) ;
#1214 = ORIENTED_EDGE ( 'NONE', *, *, #4471, .T. ) ;
#1215 = CARTESIAN_POINT ( 'NONE',  ( 2.104401861300145171, 0.6811517554501049787, -2.502882636601365007 ) ) ;
#1216 = DIRECTION ( 'NONE',  ( 0.000000000000000000, 0.000000000000000000, 1.000000000000000000 ) ) ;
#1217 = VECTOR ( 'NONE', #6098, 1000.000000000000000 ) ;
#1218 = EDGE_LOOP ( 'NONE', ( #3443, #4118, #6669, #7462 ) ) ;
#1219 = ORIENTED_EDGE ( 'NONE', *, *, #5418, .F. ) ;
#1220 = EDGE_CURVE ( 'NONE', #3386, #2486, #7313, .T. ) ;
#1221 = EDGE_CURVE ( 'NONE', #4687, #3827, #4077, .T. ) ;
#1222 = AXIS2_PLACEMENT_3D ( 'NONE', #6027, #5462, #2571 ) ;
#1223 =( LENGTH_UNIT ( ) NAMED_UNIT ( * ) SI_UNIT ( .MILLI., .METRE. ) );
#1224 = PLANE ( 'NONE',  #3004 ) ;
#1225 = DIRECTION ( 'NONE',  ( -1.000000000000000000, 0.000000000000000000, 0.000000000000000000 ) ) ;
#1226 = CARTESIAN_POINT ( 'NONE',  ( -3.200000000000000178, 0.1446467872876731897, -0.7724999999999999645 ) ) ;
#1227 = ORIENTED_EDGE ( 'NONE', *, *, #3737, .T. ) ;
#1228 = VECTOR ( 'NONE', #3571, 1000.000000000000000 ) ;
#1229 = ORIENTED_EDGE ( 'NONE', *, *, #3040, .T. ) ;
#1230 = ORIENTED_EDGE ( 'NONE', *, *, #3278, .T. ) ;
#1231 = CARTESIAN_POINT ( 'NONE',  ( -2.200000000000000178, 0.5524999999999999911, -0.5274999999999999689 ) ) ;
#1232 = CARTESIAN_POINT ( 'NONE',  ( -2.045118427147115003, 1.000000000000000000, 2.345118427147114826 ) ) ;
#1233 = ORIENTED_EDGE ( 'NONE', *, *, #1831, .T. ) ;
#1234 = FACE_OUTER_BOUND ( 'NONE', #4528, .T. ) ;
#1235 = LINE ( 'NONE', #2414, #3466 ) ;
#1236 = ORIENTED_EDGE ( 'NONE', *, *, #1997, .T. ) ;
#1237 = DIRECTION ( 'NONE',  ( -1.000000000000000000, 0.000000000000000000, 0.000000000000000000 ) ) ;
#1238 = FACE_OUTER_BOUND ( 'NONE', #1504, .T. ) ;
#1239 = EDGE_CURVE ( 'NONE', #1568, #5070, #6343, .T. ) ;
#1240 = EDGE_LOOP ( 'NONE', ( #1136, #2360, #3793, #2009 ) ) ;
#1241 = CYLINDRICAL_SURFACE ( 'NONE', #4555, 0.1000000000000001721 ) ;
#1242 = AXIS2_PLACEMENT_3D ( 'NONE', #3222, #6149, #5573 ) ;
#1243 = LINE ( 'NONE', #740, #6462 ) ;
#1244 = DIRECTION ( 'NONE',  ( -2.279350608210070011E-15, -1.000000000000000000, 0.000000000000000000 ) ) ;
#1245 = FILL_AREA_STYLE_COLOUR ( '', #4270 ) ;
#1246 = VECTOR ( 'NONE', #7323, 1000.000000000000000 ) ;
#1247 = DIRECTION ( 'NONE',  ( 0.000000000000000000, 0.000000000000000000, -1.000000000000000000 ) ) ;
#1248 = UNCERTAINTY_MEASURE_WITH_UNIT (LENGTH_MEASURE( 1.000000000000000082E-05 ), #2964, 'distance_accuracy_value', 'NONE');
#1249 = VECTOR ( 'NONE', #3392, 1000.000000000000000 ) ;
#1250 = VECTOR ( 'NONE', #1595, 1000.000000000000000 ) ;
#1251 = AXIS2_PLACEMENT_3D ( 'NONE', #2097, #5032, #902 ) ;
#1252 = LINE ( 'NONE', #1364, #859 ) ;
#1253 = CIRCLE ( 'NONE', #3431, 0.1000000000000000472 ) ;
#1254 = DIRECTION ( 'NONE',  ( 0.000000000000000000, 0.000000000000000000, -1.000000000000000000 ) ) ;
#1255 = DIRECTION ( 'NONE',  ( -0.9975640502598247528, 0.06975647374411908519, 0.000000000000000000 ) ) ;
#1256 =( GEOMETRIC_REPRESENTATION_CONTEXT ( 3 ) GLOBAL_UNCERTAINTY_ASSIGNED_CONTEXT ( ( #2389 ) ) GLOBAL_UNIT_ASSIGNED_CONTEXT ( ( #4465, #2122, #5016 ) ) REPRESENTATION_CONTEXT ( 'NONE', 'WORKASPACE' ) );
#1257 = ORIENTED_EDGE ( 'NONE', *, *, #4670, .T. ) ;
#1258 = ORIENTED_EDGE ( 'NONE', *, *, #61, .T. ) ;
#1259 = SURFACE_STYLE_USAGE ( .BOTH. , #6477 ) ;
#1260 = AXIS2_PLACEMENT_3D ( 'NONE', #955, #3292, #3878 ) ;
#1261 = CARTESIAN_POINT ( 'NONE',  ( -2.565559169962134956, 0.4453236532462965247, 0.1224999999999999978 ) ) ;
#1262 = EDGE_CURVE ( 'NONE', #2450, #2978, #2195, .T. ) ;
#1263 = CARTESIAN_POINT ( 'NONE',  ( 2.437831373677284752, 0.4228017965748430140, -0.5274999999999999689 ) ) ;
#1264 = EDGE_CURVE ( 'NONE', #3506, #2560, #629, .T. ) ;
#1265 = CARTESIAN_POINT ( 'NONE',  ( 2.861477631149730083, 0.1683185773129355078, -1.177499999999999991 ) ) ;
#1266 = AXIS2_PLACEMENT_3D ( 'NONE', #5375, #2555, #4243 ) ;
#1267 = ORIENTED_EDGE ( 'NONE', *, *, #1744, .F. ) ;
#1268 = ORIENTED_EDGE ( 'NONE', *, *, #3308, .F. ) ;
#1269 = EDGE_LOOP ( 'NONE', ( #3516, #3670, #4488, #6099 ) ) ;
#1270 = DIRECTION ( 'NONE',  ( 0.000000000000000000, 0.000000000000000000, -1.000000000000000000 ) ) ;
#1271 = FACE_OUTER_BOUND ( 'NONE', #6268, .T. ) ;
#1272 = VERTEX_POINT ( 'NONE', #2801 ) ;
#1273 = EDGE_CURVE ( 'NONE', #3063, #4602, #999, .T. ) ;
#1274 = CARTESIAN_POINT ( 'NONE',  ( 2.200000000000000178, 0.5524999999999999911, 2.399999999999999911 ) ) ;
#1275 = EDGE_LOOP ( 'NONE', ( #6410, #2489, #5910, #5220 ) ) ;
#1276 = LINE ( 'NONE', #3600, #6741 ) ;
#1277 = EDGE_CURVE ( 'NONE', #4133, #1952, #1386, .T. ) ;
#1278 = ORIENTED_EDGE ( 'NONE', *, *, #764, .F. ) ;
#1279 = DIRECTION ( 'NONE',  ( -1.000000000000000000, -5.926311581346190705E-15, 0.000000000000000000 ) ) ;
#1280 = VERTEX_POINT ( 'NONE', #2843 ) ;
#1281 = FACE_OUTER_BOUND ( 'NONE', #4260, .T. ) ;
#1282 = ORIENTED_EDGE ( 'NONE', *, *, #2443, .F. ) ;
#1283 = VERTEX_POINT ( 'NONE', #1746 ) ;
#1284 =( LENGTH_UNIT ( ) NAMED_UNIT ( * ) SI_UNIT ( .MILLI., .METRE. ) );
#1285 = ORIENTED_EDGE ( 'NONE', *, *, #4229, .F. ) ;
#1286 = CARTESIAN_POINT ( 'NONE',  ( 2.200000000000000178, 0.5524999999999999911, 1.422499999999999876 ) ) ;
#1287 = DIRECTION ( 'NONE',  ( 0.000000000000000000, 0.000000000000000000, -1.000000000000000000 ) ) ;
#1288 = CARTESIAN_POINT ( 'NONE',  ( 2.045118427147115003, 0.2326351822333074804, 2.443599202448334839 ) ) ;
#1289 = DIRECTION ( 'NONE',  ( -4.558701216420150868E-16, 1.000000000000000000, 0.000000000000000000 ) ) ;
#1290 = ORIENTED_EDGE ( 'NONE', *, *, #1783, .T. ) ;
#1291 = MANIFOLD_SOLID_BREP ( 'NONE', #7150 ) ;
#1292 = DIRECTION ( 'NONE',  ( 0.000000000000000000, 0.000000000000000000, -1.000000000000000000 ) ) ;
#1293 = EDGE_CURVE ( 'NONE', #827, #778, #1081, .T. ) ;
#1294 = CARTESIAN_POINT ( 'NONE',  ( 2.861477631149730083, 0.1683185773129355078, -1.422499999999999876 ) ) ;
#1295 = DIRECTION ( 'NONE',  ( -0.1736481776669329125, -0.9848077530122075762, 0.000000000000000000 ) ) ;
#1296 = CARTESIAN_POINT ( 'NONE',  ( -2.200000000000000178, 0.5524999999999999911, 2.399999999999999911 ) ) ;
#1297 = DIRECTION ( 'NONE',  ( 1.000000000000000000, -4.558701216420150868E-16, 0.000000000000000000 ) ) ;
#1298 = DIRECTION ( 'NONE',  ( -0.1710878697460359588, 0.9702875252478136980, 0.1710878697460359588 ) ) ;
#1299 = AXIS2_PLACEMENT_3D ( 'NONE', #7409, #7451, #3975 ) ;
#1300 = DIRECTION ( 'NONE',  ( -4.558701216420150868E-16, 1.000000000000000000, 0.000000000000000000 ) ) ;
#1301 = VECTOR ( 'NONE', #2774, 1000.000000000000000 ) ;
#1302 = CARTESIAN_POINT ( 'NONE',  ( -2.437831373677284752, 0.5524999999999999911, -1.177499999999999991 ) ) ;
#1303 = EDGE_CURVE ( 'NONE', #4994, #1189, #7470, .T. ) ;
#1304 = ORIENTED_EDGE ( 'NONE', *, *, #5121, .T. ) ;
#1305 = FACE_OUTER_BOUND ( 'NONE', #75, .T. ) ;
#1306 = DIRECTION ( 'NONE',  ( 0.000000000000000000, -1.000000000000000000, 0.000000000000000000 ) ) ;
#1307 = VERTEX_POINT ( 'NONE', #4608 ) ;
#1308 = DIRECTION ( 'NONE',  ( 1.000000000000000000, 0.000000000000000000, -1.971276677246369793E-16 ) ) ;
#1309 = VERTEX_POINT ( 'NONE', #3961 ) ;
#1310 = FACE_OUTER_BOUND ( 'NONE', #4295, .T. ) ;
#1311 = ORIENTED_EDGE ( 'NONE', *, *, #1262, .T. ) ;
#1312 = FACE_OUTER_BOUND ( 'NONE', #804, .T. ) ;
#1313 = CARTESIAN_POINT ( 'NONE',  ( -2.870524920471619890, 0.2977008424331585301, 2.072500000000000231 ) ) ;
#1314 = VERTEX_POINT ( 'NONE', #4035 ) ;
#1315 = EDGE_CURVE ( 'NONE', #1573, #602, #1122, .T. ) ;
#1316 = EDGE_CURVE ( 'NONE', #7369, #6363, #7504, .T. ) ;
#1317 = ORIENTED_EDGE ( 'NONE', *, *, #931, .F. ) ;
#1318 = FACE_OUTER_BOUND ( 'NONE', #5337, .T. ) ;
#1319 = DIRECTION ( 'NONE',  ( 0.000000000000000000, 0.000000000000000000, -1.000000000000000000 ) ) ;
#1320 = DIRECTION ( 'NONE',  ( 0.000000000000000000, 0.000000000000000000, -1.000000000000000000 ) ) ;
#1321 = MANIFOLD_SOLID_BREP ( 'NONE', #3647 ) ;
#1322 = LINE ( 'NONE', #3121, #6596 ) ;
#1323 = CARTESIAN_POINT ( 'NONE',  ( 2.708356294148904997, 0.4705026390080009890, 0.7724999999999999645 ) ) ;
#1324 = PLANE ( 'NONE',  #1736 ) ;
#1325 = AXIS2_PLACEMENT_3D ( 'NONE', #4308, #6621, #4913 ) ;
#1326 = CARTESIAN_POINT ( 'NONE',  ( -2.565559169962134956, 0.4453236532462965247, -1.827499999999999902 ) ) ;
#1327 = CARTESIAN_POINT ( 'NONE',  ( 2.870524920471619890, 0.2977008424331585301, 1.422499999999999876 ) ) ;
#1328 = ORIENTED_EDGE ( 'NONE', *, *, #5501, .F. ) ;
#1329 = VECTOR ( 'NONE', #6505, 1000.000000000000000 ) ;
#1330 = ORIENTED_EDGE ( 'NONE', *, *, #6805, .F. ) ;
#1331 = EDGE_CURVE ( 'NONE', #6488, #286, #5223, .T. ) ;
#1332 = VECTOR ( 'NONE', #6906, 1000.000000000000000 ) ;
#1333 = CARTESIAN_POINT ( 'NONE',  ( 3.200000000000000178, 0.1446467872876731897, -0.7724999999999999645 ) ) ;
#1334 = MANIFOLD_SOLID_BREP ( 'NONE', #716 ) ;
#1335 = VECTOR ( 'NONE', #5314, 1000.000000000000000 ) ;
#1336 = DIRECTION ( 'NONE',  ( 0.000000000000000000, 0.000000000000000000, 1.000000000000000000 ) ) ;
#1337 = FACE_OUTER_BOUND ( 'NONE', #2892, .T. ) ;
#1338 = VECTOR ( 'NONE', #2326, 1000.000000000000114 ) ;
#1339 = VERTEX_POINT ( 'NONE', #5826 ) ;
#1340 = CARTESIAN_POINT ( 'NONE',  ( -3.189885311307104843, 9.629649721936179265E-32, -1.422499999999999876 ) ) ;
#1341 = LINE ( 'NONE', #729, #4875 ) ;
#1342 = CARTESIAN_POINT ( 'NONE',  ( 2.565559169962134956, 0.4453236532462965247, -1.827499999999999902 ) ) ;
#1343 = ORIENTED_EDGE ( 'NONE', *, *, #7075, .F. ) ;
#1344 = LINE ( 'NONE', #3674, #263 ) ;
#1345 = ORIENTED_EDGE ( 'NONE', *, *, #7280, .T. ) ;
#1346 = DIRECTION ( 'NONE',  ( 0.000000000000000000, 0.000000000000000000, -1.000000000000000000 ) ) ;
#1347 = ADVANCED_FACE ( 'NONE', ( #3509 ), #4127, .T. ) ;
#1348 = ORIENTED_EDGE ( 'NONE', *, *, #1925, .T. ) ;
#1349 = MANIFOLD_SOLID_BREP ( 'NONE', #2658 ) ;
#1350 = CARTESIAN_POINT ( 'NONE',  ( -2.202882636601364741, 0.6811517554501049787, -2.404401861300144994 ) ) ;
#1351 = LINE ( 'NONE', #4894, #5956 ) ;
#1352 = AXIS2_PLACEMENT_3D ( 'NONE', #2073, #4412, #3255 ) ;
#1353 = VERTEX_POINT ( 'NONE', #823 ) ;
#1354 = VERTEX_POINT ( 'NONE', #2593 ) ;
#1355 = CARTESIAN_POINT ( 'NONE',  ( -2.708356294148904997, 0.4705026390080009890, -0.1224999999999999978 ) ) ;
#1356 = SURFACE_STYLE_FILL_AREA ( #2115 ) ;
#1357 = VERTEX_POINT ( 'NONE', #2436 ) ;
#1358 = CARTESIAN_POINT ( 'NONE',  ( -3.200000000000000178, 0.1446467872876731897, -0.7724999999999999645 ) ) ;
#1359 = CARTESIAN_POINT ( 'NONE',  ( 2.437831373677284752, 0.4228017965748430140, -1.422499999999999876 ) ) ;
#1360 = DIRECTION ( 'NONE',  ( 1.000000000000000000, 0.000000000000000000, 0.000000000000000000 ) ) ;
#1361 = EDGE_CURVE ( 'NONE', #6068, #2940, #2971, .T. ) ;
#1362 = EDGE_CURVE ( 'NONE', #7402, #6259, #7071, .T. ) ;
#1363 = AXIS2_PLACEMENT_3D ( 'NONE', #5490, #905, #4857 ) ;
#1364 = CARTESIAN_POINT ( 'NONE',  ( 2.708356294148904997, 0.4705026390080009890, 0.5274999999999999689 ) ) ;
#1365 = CARTESIAN_POINT ( 'NONE',  ( -2.600000000000000089, 0.2500000000000000000, 2.072500000000000231 ) ) ;
#1366 = VERTEX_POINT ( 'NONE', #3199 ) ;
#1367 = VECTOR ( 'NONE', #1714, 1000.000000000000000 ) ;
#1368 = CARTESIAN_POINT ( 'NONE',  ( 2.437831373677284752, 0.4228017965748430140, -1.177499999999999991 ) ) ;
#1369 = LINE ( 'NONE', #2043, #6908 ) ;
#1370 = AXIS2_PLACEMENT_3D ( 'NONE', #5454, #2565, #6746 ) ;
#1371 = EDGE_CURVE ( 'NONE', #4830, #4540, #4438, .T. ) ;
#1372 = ORIENTED_EDGE ( 'NONE', *, *, #6568, .F. ) ;
#1373 = PRESENTATION_LAYER_ASSIGNMENT (  '', '', ( #2346 ) ) ;
#1374 = AXIS2_PLACEMENT_3D ( 'NONE', #4626, #3394, #3 ) ;
#1375 = CARTESIAN_POINT ( 'NONE',  ( -1.486702623836771986, 1.000000000000000000, -1.838720136967914920 ) ) ;
#1376 = AXIS2_PLACEMENT_3D ( 'NONE', #32, #4701, #1790 ) ;
#1377 = EDGE_LOOP ( 'NONE', ( #7408, #1727, #6290, #2029 ) ) ;
#1378 = CARTESIAN_POINT ( 'NONE',  ( -3.200000000000000178, 0.1446467872876731897, 1.827499999999999902 ) ) ;
#1379 = VECTOR ( 'NONE', #2569, 1000.000000000000114 ) ;
#1380 = ORIENTED_EDGE ( 'NONE', *, *, #4028, .F. ) ;
#1381 = AXIS2_PLACEMENT_3D ( 'NONE', #3606, #2383, #4690 ) ;
#1382 = DIRECTION ( 'NONE',  ( -4.558701216420150868E-16, 1.000000000000000000, 0.000000000000000000 ) ) ;
#1383 = CARTESIAN_POINT ( 'NONE',  ( -2.870524920471619890, 0.2977008424331585301, -1.827499999999999902 ) ) ;
#1384 = CARTESIAN_POINT ( 'NONE',  ( -3.200000000000000178, 0.1446467872876731897, 0.5274999999999999689 ) ) ;
#1385 = DIRECTION ( 'NONE',  ( 0.000000000000000000, -1.000000000000000000, 0.000000000000000000 ) ) ;
#1386 = CIRCLE ( 'NONE', #2235, 0.09999999999999982514 ) ;
#1387 = EDGE_LOOP ( 'NONE', ( #5795, #7282, #4703 ) ) ;
#1388 = LINE ( 'NONE', #7125, #1379 ) ;
#1389 = EDGE_LOOP ( 'NONE', ( #7130, #550, #5311, #6220 ) ) ;
#1390 = CARTESIAN_POINT ( 'NONE',  ( -2.045118427147115003, 1.000000000000000000, 1.773857473362430129E-16 ) ) ;
#1391 = ORIENTED_EDGE ( 'NONE', *, *, #1264, .T. ) ;
#1392 = EDGE_LOOP ( 'NONE', ( #5226, #3486, #6732, #1104, #2689, #1801, #1789, #4297, #5030, #1777, #5228, #3990 ) ) ;
#1393 = PLANE ( 'NONE',  #1450 ) ;
#1394 = ORIENTED_EDGE ( 'NONE', *, *, #4339, .F. ) ;
#1395 = VECTOR ( 'NONE', #4180, 1000.000000000000000 ) ;
#1396 = CARTESIAN_POINT ( 'NONE',  ( -2.708356294148904997, 0.4705026390080009890, -1.177499999999999991 ) ) ;
#1397 = DIRECTION ( 'NONE',  ( 1.000000000000000000, 0.000000000000000000, 0.000000000000000000 ) ) ;
#1398 = PRODUCT_DEFINITION_CONTEXT ( 'detailed design', #7509, 'design' ) ;
#1399 = EDGE_CURVE ( 'NONE', #1993, #4473, #3052, .T. ) ;
#1400 = ORIENTED_EDGE ( 'NONE', *, *, #975, .T. ) ;
#1401 = DIRECTION ( 'NONE',  ( -0.1736481776669290544, 0.9848077530122083534, 0.000000000000000000 ) ) ;
#1402 = ADVANCED_FACE ( 'NONE', ( #3774 ), #3129, .F. ) ;
#1403 = DIRECTION ( 'NONE',  ( 0.9975640502598247528, -0.06975647374411807211, 0.000000000000000000 ) ) ;
#1404 = CARTESIAN_POINT ( 'NONE',  ( 2.851362942456834748, 0.02367179002526179771, 0.5274999999999999689 ) ) ;
#1405 = CARTESIAN_POINT ( 'NONE',  ( 2.861477631149730083, 0.1683185773129355078, -1.422499999999999876 ) ) ;
#1406 = ORIENTED_EDGE ( 'NONE', *, *, #2622, .F. ) ;
#1407 = CARTESIAN_POINT ( 'NONE',  ( 2.200000000000000178, 0.6975000000000000089, 0.1224999999999999978 ) ) ;
#1408 = LINE ( 'NONE', #2478, #4569 ) ;
#1409 = ADVANCED_FACE ( 'NONE', ( #856 ), #4206, .T. ) ;
#1410 = ADVANCED_FACE ( 'NONE', ( #7180 ), #6014, .T. ) ;
#1411 = CARTESIAN_POINT ( 'NONE',  ( 2.708356294148904997, 0.4705026390080009890, 0.5274999999999999689 ) ) ;
#1412 = ORIENTED_EDGE ( 'NONE', *, *, #3586, .T. ) ;
#1413 = VERTEX_POINT ( 'NONE', #4882 ) ;
#1414 = AXIS2_PLACEMENT_3D ( 'NONE', #7332, #1056, #4481 ) ;
#1415 = CARTESIAN_POINT ( 'NONE',  ( -2.437831373677284752, 0.6975000000000000089, -2.072500000000000231 ) ) ;
#1416 = FACE_OUTER_BOUND ( 'NONE', #4859, .T. ) ;
#1417 = ORIENTED_EDGE ( 'NONE', *, *, #5257, .T. ) ;
#1418 = CARTESIAN_POINT ( 'NONE',  ( -2.708356294148904997, 0.4705026390080009890, 2.072500000000000231 ) ) ;
#1419 = VERTEX_POINT ( 'NONE', #5523 ) ;
#1420 = DIRECTION ( 'NONE',  ( -1.000000000000000000, 2.279350608210075138E-15, 0.000000000000000000 ) ) ;
#1421 = VERTEX_POINT ( 'NONE', #7106 ) ;
#1422 = CARTESIAN_POINT ( 'NONE',  ( -2.708356294148904997, 0.4705026390080009890, -1.827499999999999902 ) ) ;
#1423 = VECTOR ( 'NONE', #7081, 1000.000000000000000 ) ;
#1424 = VECTOR ( 'NONE', #5062, 1000.000000000000000 ) ;
#1425 = EDGE_CURVE ( 'NONE', #465, #6172, #6515, .T. ) ;
#1426 = EDGE_LOOP ( 'NONE', ( #2967, #1150, #4710, #615 ) ) ;
#1427 = VERTEX_POINT ( 'NONE', #262 ) ;
#1428 = DIRECTION ( 'NONE',  ( 0.000000000000000000, 0.000000000000000000, -1.000000000000000000 ) ) ;
#1429 = DIRECTION ( 'NONE',  ( -0.9975640502598247528, -0.06975647374411829416, 0.000000000000000000 ) ) ;
#1430 = ORIENTED_EDGE ( 'NONE', *, *, #6181, .F. ) ;
#1431 = LINE ( 'NONE', #7230, #4169 ) ;
#1432 = CARTESIAN_POINT ( 'NONE',  ( 2.200000000000000178, 0.6975000000000000089, -1.827499999999999902 ) ) ;
#1433 = PLANE ( 'NONE',  #6307 ) ;
#1434 = ORIENTED_EDGE ( 'NONE', *, *, #1731, .T. ) ;
#1435 = DIRECTION ( 'NONE',  ( 1.000000000000000000, 0.000000000000000000, -1.971276677246369793E-16 ) ) ;
#1436 = CYLINDRICAL_SURFACE ( 'NONE', #3196, 0.2746982034251559401 ) ;
#1437 = CARTESIAN_POINT ( 'NONE',  ( 2.437831373677284752, 0.6975000000000000089, 2.072500000000000231 ) ) ;
#1438 = VECTOR ( 'NONE', #7223, 1000.000000000000000 ) ;
#1439 = CARTESIAN_POINT ( 'NONE',  ( 2.437831373677284752, 0.4228017965748430140, 2.072500000000000231 ) ) ;
#1440 = EDGE_CURVE ( 'NONE', #2062, #2780, #6239, .T. ) ;
#1441 = EDGE_CURVE ( 'NONE', #1839, #3977, #1408, .T. ) ;
#1442 = VERTEX_POINT ( 'NONE', #3623 ) ;
#1443 = DIRECTION ( 'NONE',  ( -1.000000000000000000, 2.279350608210070011E-15, 0.000000000000000000 ) ) ;
#1444 = CARTESIAN_POINT ( 'NONE',  ( -2.200000000000000178, 0.5524999999999999911, 0.7724999999999999645 ) ) ;
#1445 = CARTESIAN_POINT ( 'NONE',  ( -2.100000000000000089, 0.6975000000000000089, -2.500000000000000000 ) ) ;
#1446 = CIRCLE ( 'NONE', #3391, 0.2746982034251567728 ) ;
#1447 = EDGE_CURVE ( 'NONE', #5451, #2889, #5522, .T. ) ;
#1448 = EDGE_CURVE ( 'NONE', #1354, #5798, #4347, .T. ) ;
#1449 = VECTOR ( 'NONE', #3851, 1000.000000000000000 ) ;
#1450 = AXIS2_PLACEMENT_3D ( 'NONE', #1923, #4934, #5500 ) ;
#1451 = CARTESIAN_POINT ( 'NONE',  ( 2.851362942456834748, 0.02367179002526179771, 1.177499999999999991 ) ) ;
#1452 = DIRECTION ( 'NONE',  ( 0.000000000000000000, 1.000000000000000000, 0.000000000000000000 ) ) ;
#1453 = CARTESIAN_POINT ( 'NONE',  ( 2.200000000000000178, 0.6975000000000000089, -1.177499999999999991 ) ) ;
#1454 = ORIENTED_EDGE ( 'NONE', *, *, #4689, .T. ) ;
#1455 = DIRECTION ( 'NONE',  ( 0.06975647374411987622, 0.9975640502598246417, 0.000000000000000000 ) ) ;
#1456 = VECTOR ( 'NONE', #6780, 1000.000000000000114 ) ;
#1457 = CARTESIAN_POINT ( 'NONE',  ( 2.200000000000000178, 0.6975000000000000089, 0.7724999999999999645 ) ) ;
#1458 = EDGE_LOOP ( 'NONE', ( #2268, #7153, #4781, #627 ) ) ;
#1459 = AXIS2_PLACEMENT_3D ( 'NONE', #3527, #2345, #1886 ) ;
#1460 = CARTESIAN_POINT ( 'NONE',  ( -2.565559169962134956, 0.4453236532462965247, 0.7724999999999999645 ) ) ;
#1461 = EDGE_CURVE ( 'NONE', #3834, #2996, #6498, .T. ) ;
#1462 = EDGE_LOOP ( 'NONE', ( #7092, #6325, #6993, #3745 ) ) ;
#1463 = ORIENTED_EDGE ( 'NONE', *, *, #3595, .F. ) ;
#1464 = DIRECTION ( 'NONE',  ( -4.558701216420150868E-16, 1.000000000000000000, 0.000000000000000000 ) ) ;
#1465 = VERTEX_POINT ( 'NONE', #5445 ) ;
#1466 = PRESENTATION_STYLE_ASSIGNMENT (( #4938 ) ) ;
#1467 = CARTESIAN_POINT ( 'NONE',  ( 2.045118427147115003, 1.000000000000000000, -5.321572420087300248E-16 ) ) ;
#1468 = FACE_OUTER_BOUND ( 'NONE', #6966, .T. ) ;
#1469 = EDGE_CURVE ( 'NONE', #866, #4524, #4918, .T. ) ;
#1470 = CARTESIAN_POINT ( 'NONE',  ( 2.600000000000000089, 0.2500000000000000000, 0.7724999999999999645 ) ) ;
#1471 = ORIENTED_EDGE ( 'NONE', *, *, #4896, .F. ) ;
#1472 = VECTOR ( 'NONE', #5998, 1000.000000000000114 ) ;
#1473 = DIRECTION ( 'NONE',  ( 0.000000000000000000, 0.000000000000000000, 1.000000000000000000 ) ) ;
#1474 = CARTESIAN_POINT ( 'NONE',  ( -2.861477631149734968, 0.1683185773129349805, 1.177499999999999991 ) ) ;
#1475 = VECTOR ( 'NONE', #2965, 1000.000000000000000 ) ;
#1476 = CARTESIAN_POINT ( 'NONE',  ( -2.200000000000000178, 0.6975000000000000089, -0.7724999999999999645 ) ) ;
#1477 = LINE ( 'NONE', #5653, #256 ) ;
#1478 = LINE ( 'NONE', #5654, #7157 ) ;
#1479 = CARTESIAN_POINT ( 'NONE',  ( -2.200000000000000178, 0.6975000000000000089, -1.827499999999999902 ) ) ;
#1480 = VECTOR ( 'NONE', #3384, 1000.000000000000000 ) ;
#1481 = DIRECTION ( 'NONE',  ( 1.000000000000000000, 0.000000000000000000, 0.000000000000000000 ) ) ;
#1482 = DIRECTION ( 'NONE',  ( 2.602085213965209656E-16, 0.000000000000000000, 1.000000000000000000 ) ) ;
#1483 = ORIENTED_EDGE ( 'NONE', *, *, #2213, .F. ) ;
#1484 = ORIENTED_EDGE ( 'NONE', *, *, #1957, .T. ) ;
#1485 = VECTOR ( 'NONE', #5389, 1000.000000000000000 ) ;
#1486 = LINE ( 'NONE', #3740, #4482 ) ;
#1487 = AXIS2_PLACEMENT_3D ( 'NONE', #7400, #1047, #1601 ) ;
#1488 = AXIS2_PLACEMENT_3D ( 'NONE', #4165, #5867, #7073 ) ;
#1489 = AXIS2_PLACEMENT_3D ( 'NONE', #577, #2260, #3979 ) ;
#1490 = VECTOR ( 'NONE', #191, 1000.000000000000000 ) ;
#1491 = DIRECTION ( 'NONE',  ( 0.000000000000000000, 0.000000000000000000, -1.000000000000000000 ) ) ;
#1492 = AXIS2_PLACEMENT_3D ( 'NONE', #1116, #5127, #1665 ) ;
#1493 = EDGE_CURVE ( 'NONE', #5542, #4484, #3161, .T. ) ;
#1494 = CARTESIAN_POINT ( 'NONE',  ( -2.200000000000000178, 0.5524999999999999911, -1.177499999999999991 ) ) ;
#1495 = CARTESIAN_POINT ( 'NONE',  ( -3.200000000000000178, 0.1446467872876731897, 1.177499999999999991 ) ) ;
#1496 = EDGE_CURVE ( 'NONE', #6553, #827, #1011, .T. ) ;
#1497 = DIRECTION ( 'NONE',  ( 1.000000000000000000, 4.558701216420150868E-16, 0.000000000000000000 ) ) ;
#1498 = EDGE_CURVE ( 'NONE', #1353, #4359, #1566, .T. ) ;
#1499 = VERTEX_POINT ( 'NONE', #7401 ) ;
#1500 = CARTESIAN_POINT ( 'NONE',  ( -2.437831373677284752, 0.4228017965748430140, 1.827499999999999902 ) ) ;
#1501 = ORIENTED_EDGE ( 'NONE', *, *, #3755, .T. ) ;
#1502 = CARTESIAN_POINT ( 'NONE',  ( 2.600000000000000089, 0.2500000000000000000, -1.827499999999999902 ) ) ;
#1503 = AXIS2_PLACEMENT_3D ( 'NONE', #182, #3141, #1237 ) ;
#1504 = EDGE_LOOP ( 'NONE', ( #5503, #7508, #1471, #2665 ) ) ;
#1505 = LINE ( 'NONE', #2747, #5841 ) ;
#1506 = AXIS2_PLACEMENT_3D ( 'NONE', #2877, #5169, #5206 ) ;
#1507 = ORIENTED_EDGE ( 'NONE', *, *, #5603, .T. ) ;
#1508 = ORIENTED_EDGE ( 'NONE', *, *, #1164, .F. ) ;
#1509 = DIRECTION ( 'NONE',  ( 0.000000000000000000, 0.000000000000000000, -1.000000000000000000 ) ) ;
#1510 = VERTEX_POINT ( 'NONE', #4509 ) ;
#1511 = PRODUCT_DEFINITION ( 'UNKNOWN', '', #144, #1398 ) ;
#1512 = COLOUR_RGB ( '',0.7921568627450980005, 0.8196078431372548767, 0.9333333333333333481 ) ;
#1513 = EDGE_CURVE ( 'NONE', #3239, #4746, #997, .T. ) ;
#1514 = DIRECTION ( 'NONE',  ( 0.000000000000000000, 0.000000000000000000, -1.000000000000000000 ) ) ;
#1515 = AXIS2_PLACEMENT_3D ( 'NONE', #3366, #5716, #1622 ) ;
#1516 = EDGE_CURVE ( 'NONE', #1198, #1717, #7362, .T. ) ;
#1517 = SURFACE_SIDE_STYLE ('',( #3917 ) ) ;
#1518 = VECTOR ( 'NONE', #7045, 999.9999999999998863 ) ;
#1519 = EDGE_CURVE ( 'NONE', #2693, #4133, #3894, .T. ) ;
#1520 = ORIENTED_EDGE ( 'NONE', *, *, #2982, .T. ) ;
#1521 = FACE_OUTER_BOUND ( 'NONE', #6450, .T. ) ;
#1522 = CARTESIAN_POINT ( 'NONE',  ( -2.200000000000000178, 0.6975000000000000089, 2.500000000000000000 ) ) ;
#1523 = CARTESIAN_POINT ( 'NONE',  ( -2.708356294148904997, 0.4705026390080009890, -1.422499999999999876 ) ) ;
#1524 = CARTESIAN_POINT ( 'NONE',  ( 2.708356294148904997, 0.4705026390080009890, 1.422499999999999876 ) ) ;
#1525 = CARTESIAN_POINT ( 'NONE',  ( -2.200000000000000178, 0.6975000000000000089, -1.177499999999999991 ) ) ;
#1526 = ORIENTED_EDGE ( 'NONE', *, *, #7459, .F. ) ;
#1527 = VECTOR ( 'NONE', #2721, 1000.000000000000000 ) ;
#1528 = EDGE_LOOP ( 'NONE', ( #3720, #4470, #7185, #99 ) ) ;
#1529 = EDGE_CURVE ( 'NONE', #1952, #2415, #2222, .T. ) ;
#1530 = DIRECTION ( 'NONE',  ( 0.000000000000000000, 1.000000000000000000, 0.000000000000000000 ) ) ;
#1531 = CARTESIAN_POINT ( 'NONE',  ( -2.708356294148904997, 0.4705026390080009890, -0.5274999999999999689 ) ) ;
#1532 = ORIENTED_EDGE ( 'NONE', *, *, #6261, .T. ) ;
#1533 = VERTEX_POINT ( 'NONE', #7244 ) ;
#1534 = PLANE ( 'NONE',  #1181 ) ;
#1535 = FACE_OUTER_BOUND ( 'NONE', #7325, .T. ) ;
#1536 = CARTESIAN_POINT ( 'NONE',  ( 2.437831373677284752, 0.6975000000000000089, -0.1224999999999999978 ) ) ;
#1537 = LINE ( 'NONE', #2779, #6224 ) ;
#1538 = VERTEX_POINT ( 'NONE', #1048 ) ;
#1539 = FACE_OUTER_BOUND ( 'NONE', #916, .T. ) ;
#1540 = ORIENTED_EDGE ( 'NONE', *, *, #3781, .T. ) ;
#1541 = PLANE ( 'NONE',  #3022 ) ;
#1542 = ORIENTED_EDGE ( 'NONE', *, *, #1901, .F. ) ;
#1543 = DIRECTION ( 'NONE',  ( -1.000000000000000000, 2.279350608210075138E-15, 0.000000000000000000 ) ) ;
#1544 = ORIENTED_EDGE ( 'NONE', *, *, #5136, .T. ) ;
#1545 = VECTOR ( 'NONE', #3012, 1000.000000000000114 ) ;
#1546 = ORIENTED_EDGE ( 'NONE', *, *, #7016, .F. ) ;
#1547 = ORIENTED_EDGE ( 'NONE', *, *, #7330, .F. ) ;
#1548 = LINE ( 'NONE', #6859, #6566 ) ;
#1549 = LINE ( 'NONE', #3914, #5033 ) ;
#1550 = EDGE_LOOP ( 'NONE', ( #1501, #6419, #5601, #4454 ) ) ;
#1551 = DIRECTION ( 'NONE',  ( -2.602085213965209656E-16, 0.000000000000000000, -1.000000000000000000 ) ) ;
#1552 = DIRECTION ( 'NONE',  ( 0.9975640502598246417, 0.06975647374411987622, 0.000000000000000000 ) ) ;
#1553 = CIRCLE ( 'NONE', #5796, 0.1296982034251579208 ) ;
#1554 = CIRCLE ( 'NONE', #5799, 0.1296982034251575044 ) ;
#1555 =( BOUNDED_CURVE ( )  B_SPLINE_CURVE ( 3, ( #6865, #4069, #6298, #4685 ),
 .UNSPECIFIED., .F., .T. ) 
 B_SPLINE_CURVE_WITH_KNOTS ( ( 4, 4 ),
 ( 5.512866274278620082, 7.053504340080559487 ),
 .UNSPECIFIED. ) 
 CURVE ( )  GEOMETRIC_REPRESENTATION_ITEM ( )  RATIONAL_B_SPLINE_CURVE ( ( 1.000000000000000000, 0.8117923620232520010, 0.8117923620232520010, 1.000000000000000000 ) ) 
 REPRESENTATION_ITEM ( '' )  );
#1556 = ADVANCED_FACE ( 'NONE', ( #898 ), #935, .F. ) ;
#1557 = EDGE_CURVE ( 'NONE', #274, #3506, #1641, .T. ) ;
#1558 = CARTESIAN_POINT ( 'NONE',  ( -2.200000000000000178, 0.5524999999999999911, 1.422499999999999876 ) ) ;
#1559 = DIRECTION ( 'NONE',  ( 0.000000000000000000, 0.000000000000000000, 1.000000000000000000 ) ) ;
#1560 = DIRECTION ( 'NONE',  ( 0.1710878697460355147, -0.9702875252478140311, 0.1710878697460355147 ) ) ;
#1561 = DIRECTION ( 'NONE',  ( 0.000000000000000000, 0.000000000000000000, -1.000000000000000000 ) ) ;
#1562 = CARTESIAN_POINT ( 'NONE',  ( 2.437831373677284752, 0.5524999999999999911, -1.827499999999999902 ) ) ;
#1563 = EDGE_LOOP ( 'NONE', ( #2583, #5791 ) ) ;
#1564 = ADVANCED_FACE ( 'NONE', ( #3268 ), #6688, .F. ) ;
#1565 = CARTESIAN_POINT ( 'NONE',  ( 2.200000000000000178, 0.5524999999999999911, 2.072500000000000231 ) ) ;
#1566 = LINE ( 'NONE', #6196, #3579 ) ;
#1567 = EDGE_LOOP ( 'NONE', ( #1662, #1394, #4852, #82 ) ) ;
#1568 = VERTEX_POINT ( 'NONE', #332 ) ;
#1569 = DIRECTION ( 'NONE',  ( 0.000000000000000000, 0.000000000000000000, -1.000000000000000000 ) ) ;
#1570 = EDGE_CURVE ( 'NONE', #5316, #6371, #6228, .T. ) ;
#1571 = VERTEX_POINT ( 'NONE', #3856 ) ;
#1572 = CARTESIAN_POINT ( 'NONE',  ( 2.200000000000000178, 0.6975000000000000089, -1.422499999999999876 ) ) ;
#1573 = VERTEX_POINT ( 'NONE', #7119 ) ;
#1574 = DIRECTION ( 'NONE',  ( 4.336808689942017736E-15, 1.000000000000000000, -4.336808689942017736E-15 ) ) ;
#1575 = DIRECTION ( 'NONE',  ( 0.000000000000000000, -1.000000000000000000, 0.000000000000000000 ) ) ;
#1576 = ORIENTED_EDGE ( 'NONE', *, *, #6570, .T. ) ;
#1577 = DIRECTION ( 'NONE',  ( -0.06975647374411908519, -0.9975640502598247528, 0.000000000000000000 ) ) ;
#1578 = DIRECTION ( 'NONE',  ( 0.000000000000000000, 0.000000000000000000, -1.000000000000000000 ) ) ;
#1579 = ORIENTED_EDGE ( 'NONE', *, *, #1603, .T. ) ;
#1580 = CARTESIAN_POINT ( 'NONE',  ( 2.200000000000000178, 0.6975000000000000089, 2.500000000000000000 ) ) ;
#1581 = AXIS2_PLACEMENT_3D ( 'NONE', #4942, #3039, #6002 ) ;
#1582 = ORIENTED_EDGE ( 'NONE', *, *, #3596, .F. ) ;
#1583 = LINE ( 'NONE', #462, #4019 ) ;
#1584 = CARTESIAN_POINT ( 'NONE',  ( -2.045118427147115003, 0.2500000000000000000, -2.345118427147114826 ) ) ;
#1585 = ORIENTED_EDGE ( 'NONE', *, *, #1519, .T. ) ;
#1586 = VECTOR ( 'NONE', #6011, 1000.000000000000000 ) ;
#1587 = ADVANCED_FACE ( 'NONE', ( #7187 ), #4395, .T. ) ;
#1588 = CARTESIAN_POINT ( 'NONE',  ( 2.861477631149730083, 0.1683185773129355078, -1.177499999999999991 ) ) ;
#1589 = CYLINDRICAL_SURFACE ( 'NONE', #299, 0.2746982034251563842 ) ;
#1590 = AXIS2_PLACEMENT_3D ( 'NONE', #5762, #5279, #6967 ) ;
#1591 = AXIS2_PLACEMENT_3D ( 'NONE', #3030, #625, #4226 ) ;
#1592 =( NAMED_UNIT ( * ) PLANE_ANGLE_UNIT ( ) SI_UNIT ( $, .RADIAN. ) );
#1593 = DIRECTION ( 'NONE',  ( 0.000000000000000000, 0.000000000000000000, 1.000000000000000000 ) ) ;
#1594 = DIRECTION ( 'NONE',  ( 0.000000000000000000, 0.000000000000000000, 1.000000000000000000 ) ) ;
#1595 = DIRECTION ( 'NONE',  ( -2.602085213965209656E-16, 0.000000000000000000, -1.000000000000000000 ) ) ;
#1596 = EDGE_CURVE ( 'NONE', #198, #974, #2053, .T. ) ;
#1597 = DIRECTION ( 'NONE',  ( 0.000000000000000000, 0.000000000000000000, 1.000000000000000000 ) ) ;
#1598 = EDGE_CURVE ( 'NONE', #1421, #1465, #4822, .T. ) ;
#1599 = EDGE_LOOP ( 'NONE', ( #6211, #2435, #4432, #4564 ) ) ;
#1600 = VECTOR ( 'NONE', #1287, 1000.000000000000000 ) ;
#1601 = DIRECTION ( 'NONE',  ( -1.000000000000000000, 0.000000000000000000, 0.000000000000000000 ) ) ;
#1602 = ORIENTED_EDGE ( 'NONE', *, *, #6514, .F. ) ;
#1603 = EDGE_CURVE ( 'NONE', #7124, #7229, #1747, .T. ) ;
#1604 = LINE ( 'NONE', #4475, #7359 ) ;
#1605 = UNCERTAINTY_MEASURE_WITH_UNIT (LENGTH_MEASURE( 1.000000000000000082E-05 ), #20, 'distance_accuracy_value', 'NONE');
#1606 = CARTESIAN_POINT ( 'NONE',  ( 3.200000000000000178, 0.1446467872876731897, -0.5274999999999999689 ) ) ;
#1607 = ORIENTED_EDGE ( 'NONE', *, *, #4729, .F. ) ;
#1608 = VECTOR ( 'NONE', #548, 1000.000000000000000 ) ;
#1609 = EDGE_CURVE ( 'NONE', #1939, #5486, #6554, .T. ) ;
#1610 = DIRECTION ( 'NONE',  ( 0.000000000000000000, 0.000000000000000000, -1.000000000000000000 ) ) ;
#1611 = DIRECTION ( 'NONE',  ( -0.9975640502598247528, 0.06975647374411908519, 0.000000000000000000 ) ) ;
#1612 = VECTOR ( 'NONE', #2653, 1000.000000000000000 ) ;
#1613 = ORIENTED_EDGE ( 'NONE', *, *, #6540, .F. ) ;
#1614 = DIRECTION ( 'NONE',  ( 0.000000000000000000, 0.000000000000000000, 1.000000000000000000 ) ) ;
#1615 = CARTESIAN_POINT ( 'NONE',  ( 2.600000000000000089, 0.2500000000000000000, -1.422499999999999876 ) ) ;
#1616 = VERTEX_POINT ( 'NONE', #1340 ) ;
#1617 = DIRECTION ( 'NONE',  ( 1.941328555084367191E-16, 0.1736481776669305255, 0.9848077530122081313 ) ) ;
#1618 = ORIENTED_EDGE ( 'NONE', *, *, #3844, .T. ) ;
#1619 = VERTEX_POINT ( 'NONE', #3669 ) ;
#1620 = AXIS2_PLACEMENT_3D ( 'NONE', #7454, #1685, #1722 ) ;
#1621 = CARTESIAN_POINT ( 'NONE',  ( 2.437831373677284752, 0.4228017965748430140, 1.422499999999999876 ) ) ;
#1622 = DIRECTION ( 'NONE',  ( -1.000000000000000000, 0.000000000000000000, 0.000000000000000000 ) ) ;
#1623 = VERTEX_POINT ( 'NONE', #5978 ) ;
#1624 = DIRECTION ( 'NONE',  ( 0.000000000000000000, 0.000000000000000000, -1.000000000000000000 ) ) ;
#1625 = CARTESIAN_POINT ( 'NONE',  ( -2.437831373677284752, 0.4228017965748430140, -0.1224999999999999978 ) ) ;
#1626 = PRESENTATION_LAYER_ASSIGNMENT (  '', '', ( #3570 ) ) ;
#1627 = ORIENTED_EDGE ( 'NONE', *, *, #2423, .F. ) ;
#1628 = DIRECTION ( 'NONE',  ( 0.000000000000000000, 1.000000000000000000, 0.000000000000000000 ) ) ;
#1629 = AXIS2_PLACEMENT_3D ( 'NONE', #5771, #4647, #5727 ) ;
#1630 = DIRECTION ( 'NONE',  ( 1.000000000000000000, 0.000000000000000000, 0.000000000000000000 ) ) ;
#1631 = DIRECTION ( 'NONE',  ( -1.000000000000000000, 0.000000000000000000, 0.000000000000000000 ) ) ;
#1632 = DIRECTION ( 'NONE',  ( 1.000000000000000000, 0.000000000000000000, 0.000000000000000000 ) ) ;
#1633 = DIRECTION ( 'NONE',  ( 0.000000000000000000, 0.000000000000000000, -1.000000000000000000 ) ) ;
#1634 = ORIENTED_EDGE ( 'NONE', *, *, #7216, .F. ) ;
#1635 = VECTOR ( 'NONE', #7143, 999.9999999999998863 ) ;
#1636 = EDGE_CURVE ( 'NONE', #3386, #1032, #763, .T. ) ;
#1637 = AXIS2_PLACEMENT_3D ( 'NONE', #6896, #1112, #3955 ) ;
#1638 = EDGE_CURVE ( 'NONE', #7265, #5604, #5593, .T. ) ;
#1639 = ADVANCED_FACE ( 'NONE', ( #376 ), #7407, .F. ) ;
#1640 = LINE ( 'NONE', #5140, #2820 ) ;
#1641 = LINE ( 'NONE', #3967, #757 ) ;
#1642 = CARTESIAN_POINT ( 'NONE',  ( 2.200000000000000178, 0.5524999999999999911, 2.072500000000000231 ) ) ;
#1643 = VERTEX_POINT ( 'NONE', #3389 ) ;
#1644 = AXIS2_PLACEMENT_3D ( 'NONE', #3223, #1552, #3881 ) ;
#1645 = DIRECTION ( 'NONE',  ( -4.336808689942025625E-15, 0.000000000000000000, 1.000000000000000000 ) ) ;
#1646 = EDGE_CURVE ( 'NONE', #4146, #3293, #2775, .T. ) ;
#1647 = FACE_OUTER_BOUND ( 'NONE', #5767, .T. ) ;
#1648 = DIRECTION ( 'NONE',  ( 1.000000000000000000, 0.000000000000000000, 0.000000000000000000 ) ) ;
#1649 = CARTESIAN_POINT ( 'NONE',  ( -2.200000000000000178, 0.5524999999999999911, -0.5274999999999999689 ) ) ;
#1650 = ORIENTED_EDGE ( 'NONE', *, *, #1169, .T. ) ;
#1651 = PLANE ( 'NONE',  #159 ) ;
#1652 = DIRECTION ( 'NONE',  ( -1.000000000000000000, 0.000000000000000000, 0.000000000000000000 ) ) ;
#1653 = ORIENTED_EDGE ( 'NONE', *, *, #4073, .F. ) ;
#1654 = CARTESIAN_POINT ( 'NONE',  ( -2.851362942456834748, 0.02367179002526179771, -2.072500000000000231 ) ) ;
#1655 = ORIENTED_EDGE ( 'NONE', *, *, #2512, .F. ) ;
#1656 = ORIENTED_EDGE ( 'NONE', *, *, #5085, .F. ) ;
#1657 = CARTESIAN_POINT ( 'NONE',  ( -2.851362942456834748, 0.02367179002526179771, 0.5274999999999999689 ) ) ;
#1658 = DIRECTION ( 'NONE',  ( 0.000000000000000000, 0.000000000000000000, -1.000000000000000000 ) ) ;
#1659 = VERTEX_POINT ( 'NONE', #940 ) ;
#1660 = DIRECTION ( 'NONE',  ( 0.000000000000000000, 0.000000000000000000, -1.000000000000000000 ) ) ;
#1661 = DIRECTION ( 'NONE',  ( 0.000000000000000000, 0.000000000000000000, -1.000000000000000000 ) ) ;
#1662 = ORIENTED_EDGE ( 'NONE', *, *, #161, .T. ) ;
#1663 = CARTESIAN_POINT ( 'NONE',  ( -3.189885311307104843, 9.629649721936179265E-32, 0.7724999999999999645 ) ) ;
#1664 = ADVANCED_FACE ( 'NONE', ( #6847 ), #2170, .F. ) ;
#1665 = DIRECTION ( 'NONE',  ( -1.000000000000000000, 0.000000000000000000, 0.000000000000000000 ) ) ;
#1666 = DIRECTION ( 'NONE',  ( 0.000000000000000000, 0.000000000000000000, -1.000000000000000000 ) ) ;
#1667 = DIRECTION ( 'NONE',  ( -0.06975647374411807211, 0.9975640502598247528, 0.000000000000000000 ) ) ;
#1668 = AXIS2_PLACEMENT_3D ( 'NONE', #6831, #5812, #5652 ) ;
#1669 = DIRECTION ( 'NONE',  ( 0.000000000000000000, 0.000000000000000000, 1.000000000000000000 ) ) ;
#1670 = DIRECTION ( 'NONE',  ( 1.000000000000000000, 0.000000000000000000, 0.000000000000000000 ) ) ;
#1671 = ORIENTED_EDGE ( 'NONE', *, *, #7397, .T. ) ;
#1672 = LINE ( 'NONE', #600, #4421 ) ;
#1673 = LINE ( 'NONE', #2928, #5134 ) ;
#1674 = ORIENTED_EDGE ( 'NONE', *, *, #1167, .T. ) ;
#1675 = EDGE_CURVE ( 'NONE', #6172, #2457, #3861, .T. ) ;
#1676 = ADVANCED_FACE ( 'NONE', ( #7449 ), #2254, .F. ) ;
#1677 = LINE ( 'NONE', #4004, #6878 ) ;
#1678 = EDGE_LOOP ( 'NONE', ( #7028, #7060, #6328, #3323, #691, #396, #36, #3568, #7357, #3016, #731, #3453 ) ) ;
#1679 = LINE ( 'NONE', #4007, #34 ) ;
#1680 = DIRECTION ( 'NONE',  ( 1.000000000000000000, 0.000000000000000000, -1.971276677246369793E-16 ) ) ;
#1681 = LINE ( 'NONE', #7367, #1545 ) ;
#1682 = DIRECTION ( 'NONE',  ( -0.1736481776669329125, -0.9848077530122075762, 0.000000000000000000 ) ) ;
#1683 = EDGE_CURVE ( 'NONE', #1876, #7191, #7328, .T. ) ;
#1684 = EDGE_LOOP ( 'NONE', ( #947, #2767, #879, #4715 ) ) ;
#1685 = DIRECTION ( 'NONE',  ( 0.000000000000000000, 0.000000000000000000, 1.000000000000000000 ) ) ;
#1686 = ADVANCED_FACE ( 'NONE', ( #1647 ), #7288, .F. ) ;
#1687 = ORIENTED_EDGE ( 'NONE', *, *, #1706, .T. ) ;
#1688 = VECTOR ( 'NONE', #3752, 1000.000000000000000 ) ;
#1689 = DIRECTION ( 'NONE',  ( 0.9975640502598247528, 0.06975647374411807211, 0.000000000000000000 ) ) ;
#1690 = LINE ( 'NONE', #2330, #2671 ) ;
#1691 = ORIENTED_EDGE ( 'NONE', *, *, #6570, .F. ) ;
#1692 = VERTEX_POINT ( 'NONE', #4439 ) ;
#1693 = CARTESIAN_POINT ( 'NONE',  ( 2.861477631149734968, 0.1683185773129355078, 0.1224999999999999978 ) ) ;
#1694 = AXIS2_PLACEMENT_3D ( 'NONE', #1774, #4643, #3991 ) ;
#1695 = DIRECTION ( 'NONE',  ( 0.000000000000000000, 0.000000000000000000, -1.000000000000000000 ) ) ;
#1696 = EDGE_LOOP ( 'NONE', ( #4109, #7497, #4897, #5455 ) ) ;
#1697 = DIRECTION ( 'NONE',  ( 0.000000000000000000, 0.000000000000000000, -1.000000000000000000 ) ) ;
#1698 = SURFACE_SIDE_STYLE ('',( #2270 ) ) ;
#1699 = EDGE_CURVE ( 'NONE', #2457, #1353, #3974, .T. ) ;
#1700 = CARTESIAN_POINT ( 'NONE',  ( -2.101507855905375255, 0.6975644756313429395, -2.499988631206595091 ) ) ;
#1701 = CLOSED_SHELL ( 'NONE', ( #3598, #4336, #7385, #1410, #1791, #507, #2981, #1639, #1008, #4954, #4981, #7123, #169, #874 ) ) ;
#1702 = FACE_OUTER_BOUND ( 'NONE', #384, .T. ) ;
#1703 = AXIS2_PLACEMENT_3D ( 'NONE', #4423, #3230, #3889 ) ;
#1704 = CYLINDRICAL_SURFACE ( 'NONE', #171, 0.2746982034251567728 ) ;
#1705 = CARTESIAN_POINT ( 'NONE',  ( 2.851362942456834748, 0.02367179002526179771, 1.827499999999999902 ) ) ;
#1706 = EDGE_CURVE ( 'NONE', #1499, #4117, #5148, .T. ) ;
#1707 = DIRECTION ( 'NONE',  ( 1.000000000000000000, 0.000000000000000000, 0.000000000000000000 ) ) ;
#1708 = LINE ( 'NONE', #68, #1490 ) ;
#1709 = CARTESIAN_POINT ( 'NONE',  ( 2.565559169962134956, 0.4453236532462965247, 1.422499999999999876 ) ) ;
#1710 = LINE ( 'NONE', #597, #3899 ) ;
#1711 = AXIS2_PLACEMENT_3D ( 'NONE', #1368, #1969, #6584 ) ;
#1712 = CIRCLE ( 'NONE', #4031, 0.1296982034251575044 ) ;
#1713 = CARTESIAN_POINT ( 'NONE',  ( 2.200000000000000178, 0.6975000000000000089, -0.5274999999999999689 ) ) ;
#1714 = DIRECTION ( 'NONE',  ( 0.000000000000000000, 0.000000000000000000, -1.000000000000000000 ) ) ;
#1715 = VERTEX_POINT ( 'NONE', #5064 ) ;
#1716 = CARTESIAN_POINT ( 'NONE',  ( 3.200000000000000178, 0.1446467872876731897, 0.1224999999999999978 ) ) ;
#1717 = VERTEX_POINT ( 'NONE', #6129 ) ;
#1718 = SURFACE_SIDE_STYLE ('',( #2323 ) ) ;
#1719 = DIRECTION ( 'NONE',  ( 5.926311581346190705E-15, -1.000000000000000000, 0.000000000000000000 ) ) ;
#1720 = LINE ( 'NONE', #2174, #359 ) ;
#1721 = ORIENTED_EDGE ( 'NONE', *, *, #4120, .F. ) ;
#1722 = DIRECTION ( 'NONE',  ( 1.000000000000000000, 0.000000000000000000, 0.000000000000000000 ) ) ;
#1723 = CARTESIAN_POINT ( 'NONE',  ( -2.200000000000000178, 0.6975000000000000089, 2.072500000000000231 ) ) ;
#1724 = FACE_OUTER_BOUND ( 'NONE', #4671, .T. ) ;
#1725 = VECTOR ( 'NONE', #7154, 999.9999999999998863 ) ;
#1726 = ORIENTED_EDGE ( 'NONE', *, *, #5170, .T. ) ;
#1727 = ORIENTED_EDGE ( 'NONE', *, *, #3854, .T. ) ;
#1728 = EDGE_CURVE ( 'NONE', #1283, #488, #3240, .T. ) ;
#1729 = ORIENTED_EDGE ( 'NONE', *, *, #2200, .T. ) ;
#1730 = DIRECTION ( 'NONE',  ( -1.000000000000000000, 0.000000000000000000, 0.000000000000000000 ) ) ;
#1731 = EDGE_CURVE ( 'NONE', #2674, #4187, #2661, .T. ) ;
#1732 = DIRECTION ( 'NONE',  ( 0.000000000000000000, 0.000000000000000000, -1.000000000000000000 ) ) ;
#1733 = EDGE_LOOP ( 'NONE', ( #1752, #2957, #1118, #3383 ) ) ;
#1734 = CARTESIAN_POINT ( 'NONE',  ( -2.437831373677284752, 0.5524999999999999911, -1.177499999999999991 ) ) ;
#1735 = AXIS2_PLACEMENT_3D ( 'NONE', #4322, #305, #342 ) ;
#1736 = AXIS2_PLACEMENT_3D ( 'NONE', #3007, #3698, #746 ) ;
#1737 = ORIENTED_EDGE ( 'NONE', *, *, #5126, .T. ) ;
#1738 = CARTESIAN_POINT ( 'NONE',  ( 2.200000000000000178, 0.5524999999999999911, -2.500000000000000000 ) ) ;
#1739 = DIRECTION ( 'NONE',  ( 0.000000000000000000, -1.000000000000000000, 0.000000000000000000 ) ) ;
#1740 = AXIS2_PLACEMENT_3D ( 'NONE', #5415, #4094, #1869 ) ;
#1741 = VERTEX_POINT ( 'NONE', #3936 ) ;
#1742 = FACE_OUTER_BOUND ( 'NONE', #5860, .T. ) ;
#1743 = EDGE_CURVE ( 'NONE', #5417, #3753, #6166, .T. ) ;
#1744 = EDGE_CURVE ( 'NONE', #201, #6259, #6204, .T. ) ;
#1745 = FILL_AREA_STYLE_COLOUR ( '', #3088 ) ;
#1746 = CARTESIAN_POINT ( 'NONE',  ( 2.101507855905375255, 0.6975644756313429395, 2.499988631206595091 ) ) ;
#1747 = CIRCLE ( 'NONE', #6604, 0.2746982034251559401 ) ;
#1748 = CARTESIAN_POINT ( 'NONE',  ( -2.045118427147115003, 1.000000000000000000, -2.345118427147114826 ) ) ;
#1749 = DIRECTION ( 'NONE',  ( 0.000000000000000000, 0.000000000000000000, -1.000000000000000000 ) ) ;
#1750 = DIRECTION ( 'NONE',  ( 0.06975647374411987622, 0.9975640502598246417, 0.000000000000000000 ) ) ;
#1751 = CARTESIAN_POINT ( 'NONE',  ( 2.200000000000000178, 0.6975000000000000089, -0.5274999999999999689 ) ) ;
#1752 = ORIENTED_EDGE ( 'NONE', *, *, #4940, .T. ) ;
#1753 = AXIS2_PLACEMENT_3D ( 'NONE', #1808, #2344, #4719 ) ;
#1754 = VECTOR ( 'NONE', #4577, 1000.000000000000114 ) ;
#1755 = EDGE_LOOP ( 'NONE', ( #4684, #2859, #5440, #7482 ) ) ;
#1756 = CARTESIAN_POINT ( 'NONE',  ( 2.861477631149730083, 0.1683185773129355078, -0.5274999999999999689 ) ) ;
#1757 = CARTESIAN_POINT ( 'NONE',  ( 2.565559169962134956, 0.4453236532462965247, -0.5274999999999999689 ) ) ;
#1758 = PRESENTATION_LAYER_ASSIGNMENT (  '', '', ( #4197 ) ) ;
#1759 = DIRECTION ( 'NONE',  ( 0.000000000000000000, 0.000000000000000000, -1.000000000000000000 ) ) ;
#1760 = ADVANCED_FACE ( 'NONE', ( #1535 ), #3351, .T. ) ;
#1761 = PLANE ( 'NONE',  #440 ) ;
#1762 = ORIENTED_EDGE ( 'NONE', *, *, #5825, .F. ) ;
#1763 = CARTESIAN_POINT ( 'NONE',  ( -2.199988631206595269, 0.5524355243686569494, -2.401507855905375077 ) ) ;
#1764 = LINE ( 'NONE', #2177, #860 ) ;
#1765 = DIRECTION ( 'NONE',  ( -1.000000000000000000, 0.000000000000000000, 0.000000000000000000 ) ) ;
#1766 = ORIENTED_EDGE ( 'NONE', *, *, #2495, .F. ) ;
#1767 = ORIENTED_EDGE ( 'NONE', *, *, #5168, .F. ) ;
#1768 = EDGE_LOOP ( 'NONE', ( #6969, #813, #5940, #4625, #772, #3098, #5352, #419, #1330, #941, #7113, #6711 ) ) ;
#1769 = CARTESIAN_POINT ( 'NONE',  ( 2.200000000000000178, 0.5524999999999999911, -0.1224999999999999978 ) ) ;
#1770 = LINE ( 'NONE', #4714, #1179 ) ;
#1771 = ORIENTED_EDGE ( 'NONE', *, *, #964, .T. ) ;
#1772 = CARTESIAN_POINT ( 'NONE',  ( -3.200000000000000178, 0.1446467872876731897, -0.5274999999999999689 ) ) ;
#1773 = DIRECTION ( 'NONE',  ( -0.9848077530122083534, 0.1736481776669290544, 0.000000000000000000 ) ) ;
#1774 = CARTESIAN_POINT ( 'NONE',  ( 2.200000000000000178, 0.6975000000000000089, 2.072500000000000231 ) ) ;
#1775 = EDGE_CURVE ( 'NONE', #2746, #6203, #3934, .T. ) ;
#1776 = FACE_OUTER_BOUND ( 'NONE', #2327, .T. ) ;
#1777 = ORIENTED_EDGE ( 'NONE', *, *, #4083, .F. ) ;
#1778 = EDGE_LOOP ( 'NONE', ( #5464, #2515, #1526, #4367 ) ) ;
#1779 = CARTESIAN_POINT ( 'NONE',  ( -2.565559169962134956, 0.4453236532462965247, 1.827499999999999902 ) ) ;
#1780 = DIRECTION ( 'NONE',  ( 0.06975647374411987622, -0.9975640502598246417, 0.000000000000000000 ) ) ;
#1781 = CARTESIAN_POINT ( 'NONE',  ( -2.129028390264844806, 0.1499999999999999944, 2.345118427147114826 ) ) ;
#1782 = DIRECTION ( 'NONE',  ( 0.000000000000000000, 0.000000000000000000, -1.000000000000000000 ) ) ;
#1783 = EDGE_CURVE ( 'NONE', #2332, #321, #1679, .T. ) ;
#1784 = DIRECTION ( 'NONE',  ( 0.1710878697460359588, 0.9702875252478136980, 0.1710878697460359588 ) ) ;
#1785 = ADVANCED_FACE ( 'NONE', ( #6316 ), #4573, .F. ) ;
#1786 = VECTOR ( 'NONE', #3585, 1000.000000000000000 ) ;
#1787 = FACE_OUTER_BOUND ( 'NONE', #1887, .T. ) ;
#1788 = CARTESIAN_POINT ( 'NONE',  ( 2.565559169962134956, 0.4453236532462965247, 2.072500000000000231 ) ) ;
#1789 = ORIENTED_EDGE ( 'NONE', *, *, #435, .F. ) ;
#1790 = DIRECTION ( 'NONE',  ( -1.000000000000000000, 0.000000000000000000, 0.000000000000000000 ) ) ;
#1791 = ADVANCED_FACE ( 'NONE', ( #401 ), #3992, .F. ) ;
#1792 = CARTESIAN_POINT ( 'NONE',  ( 2.437831373677284752, 0.6975000000000000089, 0.7724999999999999645 ) ) ;
#1793 = VECTOR ( 'NONE', #5239, 1000.000000000000114 ) ;
#1794 = VERTEX_POINT ( 'NONE', #3339 ) ;
#1795 = ORIENTED_EDGE ( 'NONE', *, *, #3092, .F. ) ;
#1796 = CARTESIAN_POINT ( 'NONE',  ( -2.200000000000000178, 0.6975000000000000089, -0.1224999999999999978 ) ) ;
#1797 = EDGE_CURVE ( 'NONE', #2884, #2117, #5725, .T. ) ;
#1798 = CARTESIAN_POINT ( 'NONE',  ( -2.200000000000000178, 0.5524999999999999911, -2.399999999999999911 ) ) ;
#1799 = DIRECTION ( 'NONE',  ( -1.000000000000000000, 0.000000000000000000, 0.000000000000000000 ) ) ;
#1800 = ORIENTED_EDGE ( 'NONE', *, *, #1164, .T. ) ;
#1801 = ORIENTED_EDGE ( 'NONE', *, *, #3928, .F. ) ;
#1802 = ORIENTED_EDGE ( 'NONE', *, *, #1728, .T. ) ;
#1803 = LINE ( 'NONE', #1693, #4979 ) ;
#1804 = CARTESIAN_POINT ( 'NONE',  ( -2.861477631149734968, 0.1683185773129349805, 1.827499999999999902 ) ) ;
#1805 = ORIENTED_EDGE ( 'NONE', *, *, #148, .T. ) ;
#1806 = LINE ( 'NONE', #3021, #2091 ) ;
#1807 = ORIENTED_EDGE ( 'NONE', *, *, #1861, .F. ) ;
#1808 = CARTESIAN_POINT ( 'NONE',  ( 2.437831373677284752, 0.4228017965748430140, -0.5274999999999999689 ) ) ;
#1809 = CARTESIAN_POINT ( 'NONE',  ( -3.200000000000000178, 0.1446467872876731897, -1.827499999999999902 ) ) ;
#1810 = ORIENTED_EDGE ( 'NONE', *, *, #5151, .F. ) ;
#1811 = ADVANCED_FACE ( 'NONE', ( #1702 ), #2839, .F. ) ;
#1812 = PLANE ( 'NONE',  #1381 ) ;
#1813 = LINE ( 'NONE', #5957, #5481 ) ;
#1814 = CARTESIAN_POINT ( 'NONE',  ( -2.742797124186769686, 0.2751789857617045199, 0.1224999999999999978 ) ) ;
#1815 = FILL_AREA_STYLE ('',( #1245 ) ) ;
#1816 = CIRCLE ( 'NONE', #5578, 0.1296982034251575044 ) ;
#1817 = ORIENTED_EDGE ( 'NONE', *, *, #3151, .T. ) ;
#1818 = CIRCLE ( 'NONE', #4632, 0.1296982034251579208 ) ;
#1819 = ORIENTED_EDGE ( 'NONE', *, *, #4587, .F. ) ;
#1820 = CARTESIAN_POINT ( 'NONE',  ( 2.861477631149730083, 0.1683185773129355078, -0.5274999999999999689 ) ) ;
#1821 = LINE ( 'NONE', #4806, #7425 ) ;
#1822 = EDGE_CURVE ( 'NONE', #1741, #4579, #4793, .T. ) ;
#1823 = CIRCLE ( 'NONE', #2051, 0.1296982034251575044 ) ;
#1824 = DIRECTION ( 'NONE',  ( 1.000000000000000000, 0.000000000000000000, 0.000000000000000000 ) ) ;
#1825 = CIRCLE ( 'NONE', #4989, 0.1296982034251579208 ) ;
#1826 = VECTOR ( 'NONE', #3569, 1000.000000000000000 ) ;
#1827 = EDGE_CURVE ( 'NONE', #1465, #6297, #5746, .T. ) ;
#1828 = DIRECTION ( 'NONE',  ( 0.9848077530122083534, 0.1736481776669290544, 0.000000000000000000 ) ) ;
#1829 = CARTESIAN_POINT ( 'NONE',  ( -2.861477631149734968, 0.1683185773129349805, -0.7724999999999999645 ) ) ;
#1830 = CARTESIAN_POINT ( 'NONE',  ( 2.742797124186769686, 0.2751789857617050195, -0.1224999999999999978 ) ) ;
#1831 = EDGE_CURVE ( 'NONE', #3794, #2652, #6721, .T. ) ;
#1832 = VERTEX_POINT ( 'NONE', #2234 ) ;
#1833 = AXIS2_PLACEMENT_3D ( 'NONE', #5888, #1203, #631 ) ;
#1834 = ORIENTED_EDGE ( 'NONE', *, *, #6186, .T. ) ;
#1835 = VERTEX_POINT ( 'NONE', #5819 ) ;
#1836 = VECTOR ( 'NONE', #6266, 1000.000000000000000 ) ;
#1837 = DIRECTION ( 'NONE',  ( 0.000000000000000000, 0.000000000000000000, -1.000000000000000000 ) ) ;
#1838 = DIRECTION ( 'NONE',  ( 0.000000000000000000, 0.000000000000000000, -1.000000000000000000 ) ) ;
#1839 = VERTEX_POINT ( 'NONE', #5217 ) ;
#1840 = LINE ( 'NONE', #1772, #3551 ) ;
#1841 = ORIENTED_EDGE ( 'NONE', *, *, #1997, .F. ) ;
#1842 = DIRECTION ( 'NONE',  ( 0.000000000000000000, 0.000000000000000000, -1.000000000000000000 ) ) ;
#1843 = ORIENTED_EDGE ( 'NONE', *, *, #5734, .T. ) ;
#1844 = DIRECTION ( 'NONE',  ( -0.9848077530122081313, 0.1736481776669305255, 8.541845642371237040E-17 ) ) ;
#1845 = DIRECTION ( 'NONE',  ( 0.000000000000000000, 0.000000000000000000, -1.000000000000000000 ) ) ;
#1846 = AXIS2_PLACEMENT_3D ( 'NONE', #2888, #3541, #2282 ) ;
#1847 = ORIENTED_EDGE ( 'NONE', *, *, #1071, .T. ) ;
#1848 = LINE ( 'NONE', #4758, #872 ) ;
#1849 = ORIENTED_EDGE ( 'NONE', *, *, #2495, .T. ) ;
#1850 = AXIS2_PLACEMENT_3D ( 'NONE', #1467, #1551, #2118 ) ;
#1851 = CARTESIAN_POINT ( 'NONE',  ( -3.189885311307104843, 9.629649721936179265E-32, -0.7724999999999999645 ) ) ;
#1852 = CARTESIAN_POINT ( 'NONE',  ( -2.870524920471619890, 0.2977008424331585301, 1.827499999999999902 ) ) ;
#1853 = FACE_OUTER_BOUND ( 'NONE', #2759, .T. ) ;
#1854 = CARTESIAN_POINT ( 'NONE',  ( -2.861477631149734968, 0.1683185773129349805, 2.072500000000000231 ) ) ;
#1855 = AXIS2_PLACEMENT_3D ( 'NONE', #3381, #6303, #3495 ) ;
#1856 = AXIS2_PLACEMENT_3D ( 'NONE', #450, #7365, #5660 ) ;
#1857 = DIRECTION ( 'NONE',  ( 0.000000000000000000, -1.000000000000000000, 0.000000000000000000 ) ) ;
#1858 = DIRECTION ( 'NONE',  ( 0.000000000000000000, 0.000000000000000000, 1.000000000000000000 ) ) ;
#1859 = LINE ( 'NONE', #4201, #726 ) ;
#1860 = CARTESIAN_POINT ( 'NONE',  ( -2.045118427147115003, 0.2500000000000000000, -2.345118427147114826 ) ) ;
#1861 = EDGE_CURVE ( 'NONE', #2940, #5124, #2930, .T. ) ;
#1862 = VECTOR ( 'NONE', #2002, 1000.000000000000000 ) ;
#1863 = ADVANCED_FACE ( 'NONE', ( #5263 ), #2362, .T. ) ;
#1864 = ORIENTED_EDGE ( 'NONE', *, *, #5906, .F. ) ;
#1865 = DIRECTION ( 'NONE',  ( 0.000000000000000000, 0.000000000000000000, -1.000000000000000000 ) ) ;
#1866 = VECTOR ( 'NONE', #6860, 1000.000000000000000 ) ;
#1867 = CARTESIAN_POINT ( 'NONE',  ( -3.200000000000000178, 0.1446467872876731897, -1.827499999999999902 ) ) ;
#1868 = VERTEX_POINT ( 'NONE', #644 ) ;
#1869 = DIRECTION ( 'NONE',  ( -1.000000000000000000, 0.000000000000000000, 0.000000000000000000 ) ) ;
#1870 = EDGE_CURVE ( 'NONE', #616, #6203, #2890, .T. ) ;
#1871 = CARTESIAN_POINT ( 'NONE',  ( -2.600000000000000089, 0.2500000000000000000, 0.5274999999999999689 ) ) ;
#1872 = ADVANCED_FACE ( 'NONE', ( #1742 ), #2272, .T. ) ;
#1873 = EDGE_CURVE ( 'NONE', #1538, #3546, #4765, .T. ) ;
#1874 = VECTOR ( 'NONE', #6703, 1000.000000000000000 ) ;
#1875 = ORIENTED_EDGE ( 'NONE', *, *, #6092, .F. ) ;
#1876 = VERTEX_POINT ( 'NONE', #5964 ) ;
#1877 = DIRECTION ( 'NONE',  ( 1.000000000000000000, 4.558701216420150868E-16, 0.000000000000000000 ) ) ;
#1878 = CARTESIAN_POINT ( 'NONE',  ( 2.437831373677284752, 0.4228017965748430140, -1.422499999999999876 ) ) ;
#1879 = VERTEX_POINT ( 'NONE', #5930 ) ;
#1880 = LINE ( 'NONE', #2377, #1485 ) ;
#1881 = VERTEX_POINT ( 'NONE', #4843 ) ;
#1882 =( NAMED_UNIT ( * ) SI_UNIT ( $, .STERADIAN. ) SOLID_ANGLE_UNIT ( ) );
#1883 = VECTOR ( 'NONE', #3185, 1000.000000000000000 ) ;
#1884 = ORIENTED_EDGE ( 'NONE', *, *, #6857, .F. ) ;
#1885 = CARTESIAN_POINT ( 'NONE',  ( 2.199126327838411665, 0.7024548410463203885, -2.458688739809633539 ) ) ;
#1886 = DIRECTION ( 'NONE',  ( 1.000000000000000000, 0.000000000000000000, 0.000000000000000000 ) ) ;
#1887 = EDGE_LOOP ( 'NONE', ( #3814, #6858, #411, #7376 ) ) ;
#1888 = ORIENTED_EDGE ( 'NONE', *, *, #3472, .F. ) ;
#1889 = DIRECTION ( 'NONE',  ( -0.9848077530122080203, -0.1736481776669305532, 0.000000000000000000 ) ) ;
#1890 = LINE ( 'NONE', #4836, #6693 ) ;
#1891 = CARTESIAN_POINT ( 'NONE',  ( -2.200000000000000178, 0.5524999999999999911, -2.399999999999999911 ) ) ;
#1892 = CARTESIAN_POINT ( 'NONE',  ( 2.200000000000000178, 0.5524999999999999911, 2.072500000000000231 ) ) ;
#1893 = ADVANCED_FACE ( 'NONE', ( #5368 ), #4273, .F. ) ;
#1894 = CARTESIAN_POINT ( 'NONE',  ( -2.861477631149734968, 0.1683185773129349805, -1.177499999999999991 ) ) ;
#1895 = FACE_OUTER_BOUND ( 'NONE', #6468, .T. ) ;
#1896 = DIRECTION ( 'NONE',  ( 0.9975640502598247528, 0.06975647374411807211, 0.000000000000000000 ) ) ;
#1897 = DIRECTION ( 'NONE',  ( -1.000000000000000000, -5.926311581346190705E-15, 0.000000000000000000 ) ) ;
#1898 = DIRECTION ( 'NONE',  ( -0.1736481776669290544, 0.9848077530122083534, 0.000000000000000000 ) ) ;
#1899 = EDGE_LOOP ( 'NONE', ( #2146, #4613, #5875, #3181 ) ) ;
#1900 = ORIENTED_EDGE ( 'NONE', *, *, #3134, .F. ) ;
#1901 = EDGE_CURVE ( 'NONE', #1879, #330, #1932, .T. ) ;
#1902 = DIRECTION ( 'NONE',  ( 4.336808689942015369E-15, 1.000000000000000000, 0.000000000000000000 ) ) ;
#1903 = DIRECTION ( 'NONE',  ( -0.1736481776669290544, 0.9848077530122083534, 0.000000000000000000 ) ) ;
#1904 = VECTOR ( 'NONE', #3053, 1000.000000000000000 ) ;
#1905 = ORIENTED_EDGE ( 'NONE', *, *, #825, .F. ) ;
#1906 = CARTESIAN_POINT ( 'NONE',  ( -1.486702623836771986, 1.000000000000000000, -1.838720136967914920 ) ) ;
#1907 = CIRCLE ( 'NONE', #2882, 0.2746982034251563842 ) ;
#1908 = DIRECTION ( 'NONE',  ( 0.000000000000000000, -1.000000000000000000, 0.000000000000000000 ) ) ;
#1909 = ORIENTED_EDGE ( 'NONE', *, *, #3379, .F. ) ;
#1910 = DIRECTION ( 'NONE',  ( 1.000000000000000000, 0.000000000000000000, 0.000000000000000000 ) ) ;
#1911 = CARTESIAN_POINT ( 'NONE',  ( -2.437831373677284752, 0.4228017965748430140, -2.072500000000000231 ) ) ;
#1912 = ORIENTED_EDGE ( 'NONE', *, *, #2914, .T. ) ;
#1913 = CARTESIAN_POINT ( 'NONE',  ( 2.861477631149734968, 0.1683185773129355078, 0.1224999999999999978 ) ) ;
#1914 = ADVANCED_FACE ( 'NONE', ( #5475 ), #1324, .T. ) ;
#1915 = ORIENTED_EDGE ( 'NONE', *, *, #3918, .F. ) ;
#1916 = CARTESIAN_POINT ( 'NONE',  ( 2.565559169962134956, 0.4453236532462965247, 0.1224999999999999978 ) ) ;
#1917 = VERTEX_POINT ( 'NONE', #1294 ) ;
#1918 = CARTESIAN_POINT ( 'NONE',  ( -2.200000000000000178, 0.5524999999999999911, 1.827499999999999902 ) ) ;
#1919 = ORIENTED_EDGE ( 'NONE', *, *, #5683, .F. ) ;
#1920 = CARTESIAN_POINT ( 'NONE',  ( 2.861477631149730083, 0.1683185773129355078, -2.072500000000000231 ) ) ;
#1921 = ORIENTED_EDGE ( 'NONE', *, *, #4337, .T. ) ;
#1922 = VERTEX_POINT ( 'NONE', #3618 ) ;
#1923 = CARTESIAN_POINT ( 'NONE',  ( -2.565559169962134956, 0.4453236532462965247, -1.827499999999999902 ) ) ;
#1924 = VERTEX_POINT ( 'NONE', #5894 ) ;
#1925 = EDGE_CURVE ( 'NONE', #3977, #3944, #6009, .T. ) ;
#1926 = LINE ( 'NONE', #5328, #3791 ) ;
#1927 = DIRECTION ( 'NONE',  ( -1.000000000000000000, 0.000000000000000000, 0.000000000000000000 ) ) ;
#1928 = ADVANCED_FACE ( 'NONE', ( #4878 ), #709, .T. ) ;
#1929 = EDGE_CURVE ( 'NONE', #5803, #3386, #4306, .T. ) ;
#1930 = SURFACE_STYLE_USAGE ( .BOTH. , #5963 ) ;
#1931 = FACE_OUTER_BOUND ( 'NONE', #3858, .T. ) ;
#1932 = LINE ( 'NONE', #6583, #264 ) ;
#1933 = CARTESIAN_POINT ( 'NONE',  ( -2.565559169962134956, 0.4453236532462965247, -1.827499999999999902 ) ) ;
#1934 = VECTOR ( 'NONE', #226, 1000.000000000000114 ) ;
#1935 = ORIENTED_EDGE ( 'NONE', *, *, #4168, .F. ) ;
#1936 = VECTOR ( 'NONE', #6034, 1000.000000000000000 ) ;
#1937 = CARTESIAN_POINT ( 'NONE',  ( -2.045118427147115003, 0.2500000000000000000, 2.345118427147114826 ) ) ;
#1938 = CIRCLE ( 'NONE', #5583, 0.1296982034251575044 ) ;
#1939 = VERTEX_POINT ( 'NONE', #228 ) ;
#1940 = CARTESIAN_POINT ( 'NONE',  ( 2.200000000000000178, 0.6975000000000000089, -0.1224999999999999978 ) ) ;
#1941 = EDGE_LOOP ( 'NONE', ( #4287, #214, #2135, #2384 ) ) ;
#1942 = AXIS2_PLACEMENT_3D ( 'NONE', #574, #7175, #5225 ) ;
#1943 = AXIS2_PLACEMENT_3D ( 'NONE', #1313, #7195, #5952 ) ;
#1944 = VERTEX_POINT ( 'NONE', #7025 ) ;
#1945 = ORIENTED_EDGE ( 'NONE', *, *, #4304, .T. ) ;
#1946 = CARTESIAN_POINT ( 'NONE',  ( -2.199988631206595269, 0.5524355243686569494, 2.401507855905375077 ) ) ;
#1947 = CARTESIAN_POINT ( 'NONE',  ( -2.045118427147115003, 1.100000000000000089, 2.429028390264845072 ) ) ;
#1948 = DIRECTION ( 'NONE',  ( 0.06975647374411987622, -0.9975640502598246417, 0.000000000000000000 ) ) ;
#1949 = ORIENTED_EDGE ( 'NONE', *, *, #1293, .F. ) ;
#1950 = ORIENTED_EDGE ( 'NONE', *, *, #5364, .F. ) ;
#1951 = PLANE ( 'NONE',  #3759 ) ;
#1952 = VERTEX_POINT ( 'NONE', #5406 ) ;
#1953 = ADVANCED_FACE ( 'NONE', ( #3654 ), #2470, .F. ) ;
#1954 = CARTESIAN_POINT ( 'NONE',  ( 2.437831373677284752, 0.4228017965748430140, -0.5274999999999999689 ) ) ;
#1955 = EDGE_CURVE ( 'NONE', #5114, #5604, #3155, .T. ) ;
#1956 = ORIENTED_EDGE ( 'NONE', *, *, #2530, .F. ) ;
#1957 = EDGE_CURVE ( 'NONE', #4847, #5182, #1821, .T. ) ;
#1958 = CARTESIAN_POINT ( 'NONE',  ( 2.200000000000000178, 0.6975000000000000089, 2.072500000000000231 ) ) ;
#1959 = ORIENTED_EDGE ( 'NONE', *, *, #1516, .T. ) ;
#1960 = DIRECTION ( 'NONE',  ( 0.000000000000000000, 0.000000000000000000, 1.000000000000000000 ) ) ;
#1961 = PLANE ( 'NONE',  #3275 ) ;
#1962 = EDGE_CURVE ( 'NONE', #2889, #7441, #4200, .T. ) ;
#1963 = ADVANCED_FACE ( 'NONE', ( #4156 ), #2430, .T. ) ;
#1964 = CIRCLE ( 'NONE', #6222, 0.09999999999999999167 ) ;
#1965 = CARTESIAN_POINT ( 'NONE',  ( 2.708356294148904997, 0.4705026390080009890, 0.7724999999999999645 ) ) ;
#1966 = DIRECTION ( 'NONE',  ( 0.000000000000000000, 0.000000000000000000, -1.000000000000000000 ) ) ;
#1967 = ORIENTED_EDGE ( 'NONE', *, *, #6888, .T. ) ;
#1968 = AXIS2_PLACEMENT_3D ( 'NONE', #7214, #5585, #3267 ) ;
#1969 = DIRECTION ( 'NONE',  ( 0.000000000000000000, 0.000000000000000000, 1.000000000000000000 ) ) ;
#1970 = SPHERICAL_SURFACE ( 'NONE', #1325, 0.1000000000000000056 ) ;
#1971 = VECTOR ( 'NONE', #1497, 1000.000000000000000 ) ;
#1972 = VECTOR ( 'NONE', #5295, 1000.000000000000114 ) ;
#1973 = VECTOR ( 'NONE', #972, 1000.000000000000000 ) ;
#1974 = VERTEX_POINT ( 'NONE', #6467 ) ;
#1975 = CARTESIAN_POINT ( 'NONE',  ( -2.437831373677284752, 0.4228017965748430140, 0.5274999999999999689 ) ) ;
#1976 = AXIS2_PLACEMENT_3D ( 'NONE', #1531, #4543, #6838 ) ;
#1977 = FACE_OUTER_BOUND ( 'NONE', #1151, .T. ) ;
#1978 = EDGE_CURVE ( 'NONE', #909, #7366, #677, .T. ) ;
#1979 = CIRCLE ( 'NONE', #168, 0.1296982034251575044 ) ;
#1980 = ORIENTED_EDGE ( 'NONE', *, *, #3317, .T. ) ;
#1981 = VECTOR ( 'NONE', #1429, 1000.000000000000114 ) ;
#1982 = ORIENTED_EDGE ( 'NONE', *, *, #2698, .T. ) ;
#1983 =( BOUNDED_CURVE ( )  B_SPLINE_CURVE ( 3, ( #1946, #6595, #6020, #3981 ),
 .UNSPECIFIED., .F., .T. ) 
 B_SPLINE_CURVE_WITH_KNOTS ( ( 4, 4 ),
 ( 3.126513523093314983, 3.141592653589795336 ),
 .UNSPECIFIED. ) 
 CURVE ( )  GEOMETRIC_REPRESENTATION_ITEM ( )  RATIONAL_B_SPLINE_CURVE ( ( 1.000000000000000000, 0.9999810517417160316, 0.9999810517417160316, 1.000000000000000000 ) ) 
 REPRESENTATION_ITEM ( '' )  );
#1984 = ORIENTED_EDGE ( 'NONE', *, *, #5448, .F. ) ;
#1985 = CARTESIAN_POINT ( 'NONE',  ( 2.437831373677284752, 0.6975000000000000089, 1.827499999999999902 ) ) ;
#1986 = AXIS2_PLACEMENT_3D ( 'NONE', #6655, #1865, #6588 ) ;
#1987 = VERTEX_POINT ( 'NONE', #4238 ) ;
#1988 = LINE ( 'NONE', #3677, #7022 ) ;
#1989 = VERTEX_POINT ( 'NONE', #6543 ) ;
#1990 = VECTOR ( 'NONE', #2259, 1000.000000000000000 ) ;
#1991 = CARTESIAN_POINT ( 'NONE',  ( 2.200000000000000178, 0.6975000000000000089, 1.827499999999999902 ) ) ;
#1992 = ORIENTED_EDGE ( 'NONE', *, *, #5800, .T. ) ;
#1993 = VERTEX_POINT ( 'NONE', #3083 ) ;
#1994 = DIRECTION ( 'NONE',  ( 0.000000000000000000, 0.000000000000000000, -1.000000000000000000 ) ) ;
#1995 =( NAMED_UNIT ( * ) PLANE_ANGLE_UNIT ( ) SI_UNIT ( $, .RADIAN. ) );
#1996 = ORIENTED_EDGE ( 'NONE', *, *, #6514, .T. ) ;
#1997 = EDGE_CURVE ( 'NONE', #2475, #7402, #6154, .T. ) ;
#1998 = CARTESIAN_POINT ( 'NONE',  ( 2.565559169962134956, 0.4453236532462965247, 1.827499999999999902 ) ) ;
#1999 = ADVANCED_FACE ( 'NONE', ( #2585 ), #5019, .T. ) ;
#2000 = DIRECTION ( 'NONE',  ( -1.000000000000000000, 0.000000000000000000, -4.336808689942025625E-15 ) ) ;
#2001 = ORIENTED_EDGE ( 'NONE', *, *, #7333, .T. ) ;
#2002 = DIRECTION ( 'NONE',  ( 0.000000000000000000, 1.000000000000000000, 0.000000000000000000 ) ) ;
#2003 = DIRECTION ( 'NONE',  ( -0.9975640502598247528, -0.06975647374411829416, 0.000000000000000000 ) ) ;
#2004 = DIRECTION ( 'NONE',  ( 0.000000000000000000, -1.000000000000000000, 0.000000000000000000 ) ) ;
#2005 = LINE ( 'NONE', #5442, #5701 ) ;
#2006 = EDGE_CURVE ( 'NONE', #6639, #4582, #850, .T. ) ;
#2007 = EDGE_CURVE ( 'NONE', #1309, #2508, #325, .T. ) ;
#2008 = FACE_OUTER_BOUND ( 'NONE', #6174, .T. ) ;
#2009 = ORIENTED_EDGE ( 'NONE', *, *, #4590, .T. ) ;
#2010 = DIRECTION ( 'NONE',  ( -0.9975640502598247528, -0.06975647374411829416, 0.000000000000000000 ) ) ;
#2011 = CARTESIAN_POINT ( 'NONE',  ( -2.861477631149734968, 0.1683185773129349805, 0.1224999999999999978 ) ) ;
#2012 = EDGE_CURVE ( 'NONE', #1573, #7176, #2040, .T. ) ;
#2013 = ADVANCED_FACE ( 'NONE', ( #4944 ), #1436, .T. ) ;
#2014 = DIRECTION ( 'NONE',  ( -1.000000000000000000, 0.000000000000000000, 0.000000000000000000 ) ) ;
#2015 = ORIENTED_EDGE ( 'NONE', *, *, #7446, .F. ) ;
#2016 = EDGE_CURVE ( 'NONE', #6068, #7226, #3418, .T. ) ;
#2017 = AXIS2_PLACEMENT_3D ( 'NONE', #966, #2727, #7317 ) ;
#2018 = FACE_OUTER_BOUND ( 'NONE', #7083, .T. ) ;
#2019 = FACE_OUTER_BOUND ( 'NONE', #3621, .T. ) ;
#2020 = DIRECTION ( 'NONE',  ( 0.000000000000000000, 0.000000000000000000, -1.000000000000000000 ) ) ;
#2021 = ORIENTED_EDGE ( 'NONE', *, *, #1827, .F. ) ;
#2022 = FACE_OUTER_BOUND ( 'NONE', #6529, .T. ) ;
#2023 = ORIENTED_EDGE ( 'NONE', *, *, #4114, .F. ) ;
#2024 = LINE ( 'NONE', #868, #2773 ) ;
#2025 = ORIENTED_EDGE ( 'NONE', *, *, #4110, .T. ) ;
#2026 = LINE ( 'NONE', #6567, #1217 ) ;
#2027 = VECTOR ( 'NONE', #4924, 1000.000000000000114 ) ;
#2028 = ORIENTED_EDGE ( 'NONE', *, *, #1461, .T. ) ;
#2029 = ORIENTED_EDGE ( 'NONE', *, *, #2798, .F. ) ;
#2030 = PLANE ( 'NONE',  #883 ) ;
#2031 = ORIENTED_EDGE ( 'NONE', *, *, #714, .T. ) ;
#2032 = VECTOR ( 'NONE', #5547, 1000.000000000000000 ) ;
#2033 = DIRECTION ( 'NONE',  ( -1.000000000000000000, 0.000000000000000000, 0.000000000000000000 ) ) ;
#2034 = DIRECTION ( 'NONE',  ( 0.000000000000000000, 0.000000000000000000, -1.000000000000000000 ) ) ;
#2035 = DIRECTION ( 'NONE',  ( 0.9848077530122076872, -0.1736481776669329680, 0.000000000000000000 ) ) ;
#2036 = ORIENTED_EDGE ( 'NONE', *, *, #6047, .F. ) ;
#2037 = CARTESIAN_POINT ( 'NONE',  ( 2.200000000000000178, 0.6975000000000000089, -2.399999999999999911 ) ) ;
#2038 = DIRECTION ( 'NONE',  ( 0.06975647374411987622, 0.9975640502598246417, 0.000000000000000000 ) ) ;
#2039 = LINE ( 'NONE', #5544, #4949 ) ;
#2040 = LINE ( 'NONE', #4975, #6478 ) ;
#2041 = FACE_OUTER_BOUND ( 'NONE', #3853, .T. ) ;
#2042 = AXIS2_PLACEMENT_3D ( 'NONE', #4487, #1578, #3325 ) ;
#2043 = CARTESIAN_POINT ( 'NONE',  ( 2.437831373677284752, 0.6975000000000000089, -0.5274999999999999689 ) ) ;
#2044 = EDGE_LOOP ( 'NONE', ( #172, #1607, #351, #1982 ) ) ;
#2045 = EDGE_CURVE ( 'NONE', #2604, #1194, #4181, .T. ) ;
#2046 = VECTOR ( 'NONE', #3812, 1000.000000000000114 ) ;
#2047 = CARTESIAN_POINT ( 'NONE',  ( -3.200000000000000178, 0.1446467872876731897, 0.7724999999999999645 ) ) ;
#2048 = ORIENTED_EDGE ( 'NONE', *, *, #2423, .T. ) ;
#2049 = CARTESIAN_POINT ( 'NONE',  ( 2.870524920471619890, 0.2977008424331585301, -1.177499999999999991 ) ) ;
#2050 = ORIENTED_EDGE ( 'NONE', *, *, #799, .F. ) ;
#2051 = AXIS2_PLACEMENT_3D ( 'NONE', #6613, #3573, #1360 ) ;
#2052 = VERTEX_POINT ( 'NONE', #1524 ) ;
#2053 = LINE ( 'NONE', #6019, #7432 ) ;
#2054 = EDGE_CURVE ( 'NONE', #1987, #4132, #5669, .T. ) ;
#2055 = AXIS2_PLACEMENT_3D ( 'NONE', #4526, #2752, #6892 ) ;
#2056 = LINE ( 'NONE', #2627, #2027 ) ;
#2057 = DIRECTION ( 'NONE',  ( -1.000000000000000000, 0.000000000000000000, 1.971276677246369793E-16 ) ) ;
#2058 = CARTESIAN_POINT ( 'NONE',  ( -2.200000000000000178, 0.5524999999999999911, 0.1224999999999999978 ) ) ;
#2059 = ORIENTED_EDGE ( 'NONE', *, *, #2006, .F. ) ;
#2060 = LINE ( 'NONE', #4890, #3212 ) ;
#2061 = VECTOR ( 'NONE', #5789, 1000.000000000000114 ) ;
#2062 = VERTEX_POINT ( 'NONE', #2160 ) ;
#2063 = LINE ( 'NONE', #5072, #1688 ) ;
#2064 = ORIENTED_EDGE ( 'NONE', *, *, #5002, .F. ) ;
#2065 = AXIS2_PLACEMENT_3D ( 'NONE', #2179, #2220, #2261 ) ;
#2066 = CARTESIAN_POINT ( 'NONE',  ( -2.200000000000000178, 0.5524999999999999911, -1.177499999999999991 ) ) ;
#2067 = ADVANCED_FACE ( 'NONE', ( #2619 ), #4504, .F. ) ;
#2068 = ORIENTED_EDGE ( 'NONE', *, *, #3904, .F. ) ;
#2069 = ORIENTED_EDGE ( 'NONE', *, *, #5487, .F. ) ;
#2070 = DIRECTION ( 'NONE',  ( 0.9975640502598247528, -0.06975647374411807211, 0.000000000000000000 ) ) ;
#2071 = CARTESIAN_POINT ( 'NONE',  ( -2.861477631149734968, 0.1683185773129349805, -0.5274999999999999689 ) ) ;
#2072 = ORIENTED_EDGE ( 'NONE', *, *, #389, .T. ) ;
#2073 = CARTESIAN_POINT ( 'NONE',  ( 0.000000000000000000, 0.000000000000000000, 0.000000000000000000 ) ) ;
#2074 = FACE_OUTER_BOUND ( 'NONE', #1462, .T. ) ;
#2075 = DIRECTION ( 'NONE',  ( 0.000000000000000000, 0.000000000000000000, 1.000000000000000000 ) ) ;
#2076 = ADVANCED_FACE ( 'NONE', ( #6683 ), #3888, .F. ) ;
#2077 = PRESENTATION_LAYER_ASSIGNMENT (  '', '', ( #2807 ) ) ;
#2078 = LINE ( 'NONE', #2037, #1862 ) ;
#2079 = CARTESIAN_POINT ( 'NONE',  ( -3.200000000000000178, 0.1446467872876731897, 0.1224999999999999978 ) ) ;
#2080 = LINE ( 'NONE', #7275, #683 ) ;
#2081 = FACE_OUTER_BOUND ( 'NONE', #6272, .T. ) ;
#2082 = FACE_OUTER_BOUND ( 'NONE', #4182, .T. ) ;
#2083 = ORIENTED_EDGE ( 'NONE', *, *, #483, .T. ) ;
#2084 = DIRECTION ( 'NONE',  ( -2.602085213965209656E-16, -9.362945086820910552E-35, -1.000000000000000000 ) ) ;
#2085 = ORIENTED_EDGE ( 'NONE', *, *, #3755, .F. ) ;
#2086 = AXIS2_PLACEMENT_3D ( 'NONE', #72, #486, #4584 ) ;
#2087 = PLANE ( 'NONE',  #747 ) ;
#2088 = DIRECTION ( 'NONE',  ( 1.000000000000000000, 4.558701216420150868E-16, 0.000000000000000000 ) ) ;
#2089 = EDGE_LOOP ( 'NONE', ( #6388, #2410, #1864, #1992 ) ) ;
#2090 = ORIENTED_EDGE ( 'NONE', *, *, #2797, .T. ) ;
#2091 = VECTOR ( 'NONE', #1308, 1000.000000000000000 ) ;
#2092 = ADVANCED_FACE ( 'NONE', ( #7208 ), #967, .F. ) ;
#2093 = CARTESIAN_POINT ( 'NONE',  ( -1.486702623836771986, 1.000000000000000000, -1.588720136967914920 ) ) ;
#2094 = AXIS2_PLACEMENT_3D ( 'NONE', #4742, #6482, #1225 ) ;
#2095 = VECTOR ( 'NONE', #1689, 1000.000000000000114 ) ;
#2096 = VERTEX_POINT ( 'NONE', #3343 ) ;
#2097 = CARTESIAN_POINT ( 'NONE',  ( -2.200000000000000178, 0.6975000000000000089, 0.1224999999999999978 ) ) ;
#2098 = ORIENTED_EDGE ( 'NONE', *, *, #49, .F. ) ;
#2099 = FACE_OUTER_BOUND ( 'NONE', #5905, .T. ) ;
#2100 = PLANE ( 'NONE',  #1370 ) ;
#2101 = ORIENTED_EDGE ( 'NONE', *, *, #4871, .F. ) ;
#2102 = DIRECTION ( 'NONE',  ( -0.9975640502598246417, 0.06975647374411907131, 0.000000000000000000 ) ) ;
#2103 = EDGE_CURVE ( 'NONE', #5468, #4764, #1477, .T. ) ;
#2104 = EDGE_CURVE ( 'NONE', #974, #6068, #6115, .T. ) ;
#2105 = ORIENTED_EDGE ( 'NONE', *, *, #1699, .T. ) ;
#2106 = PLANE ( 'NONE',  #4788 ) ;
#2107 = VECTOR ( 'NONE', #5204, 1000.000000000000000 ) ;
#2108 = ORIENTED_EDGE ( 'NONE', *, *, #5323, .F. ) ;
#2109 = VECTOR ( 'NONE', #437, 1000.000000000000114 ) ;
#2110 = FACE_OUTER_BOUND ( 'NONE', #4464, .T. ) ;
#2111 = VECTOR ( 'NONE', #2238, 1000.000000000000000 ) ;
#2112 = ORIENTED_EDGE ( 'NONE', *, *, #3254, .F. ) ;
#2113 = VERTEX_POINT ( 'NONE', #7276 ) ;
#2114 = ORIENTED_EDGE ( 'NONE', *, *, #1399, .F. ) ;
#2115 = FILL_AREA_STYLE ('',( #221 ) ) ;
#2116 = ORIENTED_EDGE ( 'NONE', *, *, #2464, .T. ) ;
#2117 = VERTEX_POINT ( 'NONE', #2126 ) ;
#2118 = DIRECTION ( 'NONE',  ( -1.000000000000000000, 0.000000000000000000, 2.602085213965212121E-16 ) ) ;
#2119 = CIRCLE ( 'NONE', #2720, 0.1000000000000001721 ) ;
#2120 = CARTESIAN_POINT ( 'NONE',  ( 2.600000000000000089, 0.2500000000000000000, 0.1224999999999999978 ) ) ;
#2121 = VECTOR ( 'NONE', #6134, 999.9999999999998863 ) ;
#2122 =( NAMED_UNIT ( * ) PLANE_ANGLE_UNIT ( ) SI_UNIT ( $, .RADIAN. ) );
#2123 = CARTESIAN_POINT ( 'NONE',  ( -2.100502642445350343, 0.5525000000000008793, -2.499999999999994671 ) ) ;
#2124 = ADVANCED_FACE ( 'NONE', ( #2081 ), #6730, .F. ) ;
#2125 = PLANE ( 'NONE',  #7127 ) ;
#2126 = CARTESIAN_POINT ( 'NONE',  ( 2.708356294148904997, 0.4705026390080009890, -2.072500000000000231 ) ) ;
#2127 = CARTESIAN_POINT ( 'NONE',  ( 2.851362942456834748, 0.02367179002526179771, 0.7724999999999999645 ) ) ;
#2128 = VERTEX_POINT ( 'NONE', #4113 ) ;
#2129 = LINE ( 'NONE', #1565, #3307 ) ;
#2130 = ORIENTED_EDGE ( 'NONE', *, *, #2885, .F. ) ;
#2131 = ORIENTED_EDGE ( 'NONE', *, *, #5371, .T. ) ;
#2132 = LINE ( 'NONE', #6238, #5917 ) ;
#2133 = ORIENTED_EDGE ( 'NONE', *, *, #7397, .F. ) ;
#2134 = DIRECTION ( 'NONE',  ( 0.000000000000000000, 0.000000000000000000, -1.000000000000000000 ) ) ;
#2135 = ORIENTED_EDGE ( 'NONE', *, *, #4445, .F. ) ;
#2136 = LINE ( 'NONE', #6168, #4476 ) ;
#2137 = LINE ( 'NONE', #4517, #3404 ) ;
#2138 = EDGE_LOOP ( 'NONE', ( #2987, #7493, #3333, #5247 ) ) ;
#2139 = CARTESIAN_POINT ( 'NONE',  ( -2.200000000000000178, 0.5524999999999999911, 1.422499999999999876 ) ) ;
#2140 = ORIENTED_EDGE ( 'NONE', *, *, #4688, .F. ) ;
#2141 = DIRECTION ( 'NONE',  ( 0.000000000000000000, 0.000000000000000000, 1.000000000000000000 ) ) ;
#2142 = VERTEX_POINT ( 'NONE', #2803 ) ;
#2143 = EDGE_CURVE ( 'NONE', #4005, #6563, #557, .T. ) ;
#2144 = EDGE_LOOP ( 'NONE', ( #5179, #3393, #5023, #2322 ) ) ;
#2145 = VECTOR ( 'NONE', #1903, 1000.000000000000114 ) ;
#2146 = ORIENTED_EDGE ( 'NONE', *, *, #1139, .T. ) ;
#2147 = DIRECTION ( 'NONE',  ( -1.000000000000000000, 0.000000000000000000, 1.971276677246374970E-16 ) ) ;
#2148 = EDGE_CURVE ( 'NONE', #6680, #2660, #988, .T. ) ;
#2149 = CARTESIAN_POINT ( 'NONE',  ( 2.437831373677284752, 0.4228017965748430140, 0.7724999999999999645 ) ) ;
#2150 = ORIENTED_EDGE ( 'NONE', *, *, #2814, .F. ) ;
#2151 = LINE ( 'NONE', #1998, #630 ) ;
#2152 = CARTESIAN_POINT ( 'NONE',  ( 2.870524920471619890, 0.2977008424331585301, 0.7724999999999999645 ) ) ;
#2153 = AXIS2_PLACEMENT_3D ( 'NONE', #7219, #2597, #2488 ) ;
#2154 = VECTOR ( 'NONE', #5146, 1000.000000000000000 ) ;
#2155 = EDGE_CURVE ( 'NONE', #5607, #5846, #6832, .T. ) ;
#2156 = EDGE_CURVE ( 'NONE', #4133, #3834, #1125, .T. ) ;
#2157 = CARTESIAN_POINT ( 'NONE',  ( -2.742797124186769686, 0.2751789857617045199, -1.422499999999999876 ) ) ;
#2158 = CARTESIAN_POINT ( 'NONE',  ( 2.870524920471619890, 0.2977008424331585301, -0.7724999999999999645 ) ) ;
#2159 = CARTESIAN_POINT ( 'NONE',  ( 3.200000000000000178, 0.1446467872876731897, -1.827499999999999902 ) ) ;
#2160 = CARTESIAN_POINT ( 'NONE',  ( -1.486702623836771986, 1.000000000000000000, -1.588720136967914920 ) ) ;
#2161 = CARTESIAN_POINT ( 'NONE',  ( -2.565559169962134956, 0.4453236532462965247, 1.422499999999999876 ) ) ;
#2162 = ORIENTED_EDGE ( 'NONE', *, *, #6028, .F. ) ;
#2163 = ADVANCED_FACE ( 'NONE', ( #2765 ), #6944, .F. ) ;
#2164 = DIRECTION ( 'NONE',  ( 1.000000000000000000, -4.558701216420150868E-16, 0.000000000000000000 ) ) ;
#2165 = CARTESIAN_POINT ( 'NONE',  ( 2.200000000000000178, 0.5524999999999999911, -0.5274999999999999689 ) ) ;
#2166 = ORIENTED_EDGE ( 'NONE', *, *, #7281, .T. ) ;
#2167 = ORIENTED_EDGE ( 'NONE', *, *, #4289, .F. ) ;
#2168 = DIRECTION ( 'NONE',  ( 0.000000000000000000, 1.000000000000000000, 0.000000000000000000 ) ) ;
#2169 = EDGE_LOOP ( 'NONE', ( #2984, #5677, #6702, #3839 ) ) ;
#2170 = PLANE ( 'NONE',  #1123 ) ;
#2171 = VERTEX_POINT ( 'NONE', #1042 ) ;
#2172 = CARTESIAN_POINT ( 'NONE',  ( -2.437831373677284752, 0.6975000000000000089, 0.1224999999999999978 ) ) ;
#2173 = VECTOR ( 'NONE', #2070, 1000.000000000000114 ) ;
#2174 = CARTESIAN_POINT ( 'NONE',  ( 2.200000000000000178, 0.6975000000000000089, -1.177499999999999991 ) ) ;
#2175 = ORIENTED_EDGE ( 'NONE', *, *, #5126, .F. ) ;
#2176 = DIRECTION ( 'NONE',  ( 0.000000000000000000, 1.000000000000000000, 0.000000000000000000 ) ) ;
#2177 = CARTESIAN_POINT ( 'NONE',  ( 2.200000000000000178, 0.5524999999999999911, 1.177499999999999991 ) ) ;
#2178 = VERTEX_POINT ( 'NONE', #6425 ) ;
#2179 = CARTESIAN_POINT ( 'NONE',  ( 2.045118427147115003, 0.2500000000000000000, -5.321572420087300248E-16 ) ) ;
#2180 = VECTOR ( 'NONE', #5006, 1000.000000000000000 ) ;
#2181 = ORIENTED_EDGE ( 'NONE', *, *, #4110, .F. ) ;
#2182 = ORIENTED_EDGE ( 'NONE', *, *, #1133, .F. ) ;
#2183 = ORIENTED_EDGE ( 'NONE', *, *, #1303, .T. ) ;
#2184 = DIRECTION ( 'NONE',  ( -1.000000000000000000, 0.000000000000000000, 0.000000000000000000 ) ) ;
#2185 = CARTESIAN_POINT ( 'NONE',  ( 2.200000000000000178, 0.6975000000000000089, 2.399999999999999911 ) ) ;
#2186 = ORIENTED_EDGE ( 'NONE', *, *, #3401, .F. ) ;
#2187 = AXIS2_PLACEMENT_3D ( 'NONE', #5507, #7309, #919 ) ;
#2188 = CARTESIAN_POINT ( 'NONE',  ( 2.100000000000000089, 0.5524999999999999911, -2.500000000000000000 ) ) ;
#2189 = DIRECTION ( 'NONE',  ( 1.000000000000000000, 0.000000000000000000, 0.000000000000000000 ) ) ;
#2190 = CIRCLE ( 'NONE', #3539, 0.2746982034251567728 ) ;
#2191 = ORIENTED_EDGE ( 'NONE', *, *, #5323, .T. ) ;
#2192 = ADVANCED_FACE ( 'NONE', ( #3534 ), #3458, .T. ) ;
#2193 = CIRCLE ( 'NONE', #6453, 0.1296982034251575044 ) ;
#2194 = DIRECTION ( 'NONE',  ( 4.558701216420150868E-16, 1.000000000000000000, 0.000000000000000000 ) ) ;
#2195 = LINE ( 'NONE', #1705, #2354 ) ;
#2196 = DIRECTION ( 'NONE',  ( 1.000000000000000000, 0.000000000000000000, 0.000000000000000000 ) ) ;
#2197 = LINE ( 'NONE', #5209, #1836 ) ;
#2198 = DIRECTION ( 'NONE',  ( 0.000000000000000000, 0.000000000000000000, -1.000000000000000000 ) ) ;
#2199 = ORIENTED_EDGE ( 'NONE', *, *, #6072, .T. ) ;
#2200 = EDGE_CURVE ( 'NONE', #5484, #7265, #2881, .T. ) ;
#2201 = EDGE_CURVE ( 'NONE', #5927, #7278, #5145, .T. ) ;
#2202 = AXIS2_PLACEMENT_3D ( 'NONE', #4111, #3117, #4693 ) ;
#2203 = DIRECTION ( 'NONE',  ( 0.000000000000000000, 0.000000000000000000, -1.000000000000000000 ) ) ;
#2204 = DIRECTION ( 'NONE',  ( 0.000000000000000000, 0.1736481776669295263, -0.9848077530122082424 ) ) ;
#2205 = VERTEX_POINT ( 'NONE', #1084 ) ;
#2206 = ORIENTED_EDGE ( 'NONE', *, *, #5418, .T. ) ;
#2207 = CARTESIAN_POINT ( 'NONE',  ( -2.200000000000000178, 0.5524999999999999911, 0.5274999999999999689 ) ) ;
#2208 = CIRCLE ( 'NONE', #7423, 0.2746982034251563842 ) ;
#2209 = CARTESIAN_POINT ( 'NONE',  ( 2.870524920471619890, 0.2977008424331585301, 0.1224999999999999978 ) ) ;
#2210 = VECTOR ( 'NONE', #4680, 999.9999999999998863 ) ;
#2211 = VECTOR ( 'NONE', #5439, 1000.000000000000000 ) ;
#2212 = CARTESIAN_POINT ( 'NONE',  ( -2.437831373677284752, 0.4228017965748430140, 2.072500000000000231 ) ) ;
#2213 = EDGE_CURVE ( 'NONE', #7082, #4932, #2197, .T. ) ;
#2214 = DIRECTION ( 'NONE',  ( -1.000000000000000000, 0.000000000000000000, 0.000000000000000000 ) ) ;
#2215 = VECTOR ( 'NONE', #2010, 1000.000000000000114 ) ;
#2216 = EDGE_LOOP ( 'NONE', ( #3857, #3949, #7387, #2425, #5835, #1229, #6785, #7091, #4707, #2183, #6407, #6938 ) ) ;
#2217 = CYLINDRICAL_SURFACE ( 'NONE', #7303, 0.2746982034251563842 ) ;
#2218 = CYLINDRICAL_SURFACE ( 'NONE', #4775, 0.2500000000000000000 ) ;
#2219 = EDGE_LOOP ( 'NONE', ( #3438, #3953, #6774, #6778 ) ) ;
#2220 = DIRECTION ( 'NONE',  ( 2.602085213965214586E-16, 0.000000000000000000, 1.000000000000000000 ) ) ;
#2221 = VECTOR ( 'NONE', #405, 1000.000000000000000 ) ;
#2222 = CIRCLE ( 'NONE', #3437, 0.1000000000000001443 ) ;
#2223 = EDGE_LOOP ( 'NONE', ( #2114, #2771, #6590, #244, #6306, #4399, #3089, #3026 ) ) ;
#2224 = ORIENTED_EDGE ( 'NONE', *, *, #604, .F. ) ;
#2225 = ORIENTED_EDGE ( 'NONE', *, *, #2741, .T. ) ;
#2226 = PLANE ( 'NONE',  #3532 ) ;
#2227 = CYLINDRICAL_SURFACE ( 'NONE', #532, 0.1296982034251575044 ) ;
#2228 = ORIENTED_EDGE ( 'NONE', *, *, #5662, .T. ) ;
#2229 = EDGE_LOOP ( 'NONE', ( #3661, #6871, #4813, #5761 ) ) ;
#2230 = DIRECTION ( 'NONE',  ( 0.1736481776669290544, 0.9848077530122083534, 0.000000000000000000 ) ) ;
#2231 = ORIENTED_EDGE ( 'NONE', *, *, #4649, .T. ) ;
#2232 = DIRECTION ( 'NONE',  ( -1.000000000000000000, 0.000000000000000000, 0.000000000000000000 ) ) ;
#2233 = LINE ( 'NONE', #3409, #2107 ) ;
#2234 = CARTESIAN_POINT ( 'NONE',  ( -2.742797124186769686, 0.2751789857617045199, 1.177499999999999991 ) ) ;
#2235 = AXIS2_PLACEMENT_3D ( 'NONE', #6903, #3456, #1630 ) ;
#2236 = ADVANCED_FACE ( 'NONE', ( #6386 ), #2312, .F. ) ;
#2237 = VECTOR ( 'NONE', #5646, 1000.000000000000000 ) ;
#2238 = DIRECTION ( 'NONE',  ( 0.000000000000000000, 0.000000000000000000, -1.000000000000000000 ) ) ;
#2239 = ADVANCED_FACE ( 'NONE', ( #6983, #519 ), #1166, .T. ) ;
#2240 = DIRECTION ( 'NONE',  ( 0.9975640502598247528, -0.06975647374411807211, 0.000000000000000000 ) ) ;
#2241 = DIRECTION ( 'NONE',  ( 0.000000000000000000, 0.000000000000000000, 1.000000000000000000 ) ) ;
#2242 = DIRECTION ( 'NONE',  ( -2.279350608210070011E-15, -1.000000000000000000, 0.000000000000000000 ) ) ;
#2243 = DIRECTION ( 'NONE',  ( 0.000000000000000000, 0.000000000000000000, -1.000000000000000000 ) ) ;
#2244 = ORIENTED_EDGE ( 'NONE', *, *, #5268, .F. ) ;
#2245 = AXIS2_PLACEMENT_3D ( 'NONE', #2510, #5970, #4848 ) ;
#2246 = CIRCLE ( 'NONE', #6500, 0.2746982034251559401 ) ;
#2247 = CARTESIAN_POINT ( 'NONE',  ( 2.708356294148904997, 0.4705026390080009890, -0.5274999999999999689 ) ) ;
#2248 = ADVANCED_FACE ( 'NONE', ( #595 ), #441, .F. ) ;
#2249 = ORIENTED_EDGE ( 'NONE', *, *, #4261, .T. ) ;
#2250 = CARTESIAN_POINT ( 'NONE',  ( 2.199988631206595269, 0.5524355243686569494, 2.401507855905375077 ) ) ;
#2251 = ORIENTED_EDGE ( 'NONE', *, *, #4795, .T. ) ;
#2252 = ADVANCED_FACE ( 'NONE', ( #3996 ), #2921, .F. ) ;
#2253 = CARTESIAN_POINT ( 'NONE',  ( -3.200000000000000178, 0.1446467872876731897, -0.5274999999999999689 ) ) ;
#2254 = CYLINDRICAL_SURFACE ( 'NONE', #6480, 0.1296982034251575044 ) ;
#2255 = EDGE_CURVE ( 'NONE', #639, #6032, #7472, .T. ) ;
#2256 = DIRECTION ( 'NONE',  ( -0.06975647374411908519, -0.9975640502598247528, 0.000000000000000000 ) ) ;
#2257 = CARTESIAN_POINT ( 'NONE',  ( 3.200000000000000178, 0.1446467872876731897, -0.5274999999999999689 ) ) ;
#2258 = ORIENTED_EDGE ( 'NONE', *, *, #4983, .F. ) ;
#2259 = DIRECTION ( 'NONE',  ( 0.000000000000000000, 0.000000000000000000, -1.000000000000000000 ) ) ;
#2260 = DIRECTION ( 'NONE',  ( 0.06975647374411807211, 0.9975640502598247528, 0.000000000000000000 ) ) ;
#2261 = DIRECTION ( 'NONE',  ( 1.000000000000000000, 0.000000000000000000, -2.602085213965217544E-16 ) ) ;
#2262 = EDGE_CURVE ( 'NONE', #122, #4832, #2277, .T. ) ;
#2263 = ORIENTED_EDGE ( 'NONE', *, *, #5816, .T. ) ;
#2264 = ORIENTED_EDGE ( 'NONE', *, *, #241, .F. ) ;
#2265 = EDGE_LOOP ( 'NONE', ( #2868, #2264, #4323, #3179 ) ) ;
#2266 = FACE_OUTER_BOUND ( 'NONE', #3929, .T. ) ;
#2267 = DIRECTION ( 'NONE',  ( 0.9975640502598246417, 0.06975647374411987622, 0.000000000000000000 ) ) ;
#2268 = ORIENTED_EDGE ( 'NONE', *, *, #572, .T. ) ;
#2269 = DIRECTION ( 'NONE',  ( 5.926311581346190705E-15, -1.000000000000000000, 0.000000000000000000 ) ) ;
#2270 = SURFACE_STYLE_FILL_AREA ( #7465 ) ;
#2271 = CARTESIAN_POINT ( 'NONE',  ( -2.600000000000000089, 0.2500000000000000000, -0.5274999999999999689 ) ) ;
#2272 = PLANE ( 'NONE',  #4895 ) ;
#2273 = CARTESIAN_POINT ( 'NONE',  ( 2.437831373677284752, 0.4228017965748430140, -1.177499999999999991 ) ) ;
#2274 = CARTESIAN_POINT ( 'NONE',  ( -2.851362942456834748, 0.02367179002526179771, 0.7724999999999999645 ) ) ;
#2275 = DIRECTION ( 'NONE',  ( 0.000000000000000000, 0.000000000000000000, -1.000000000000000000 ) ) ;
#2276 = VECTOR ( 'NONE', #5827, 1000.000000000000000 ) ;
#2277 = LINE ( 'NONE', #4610, #6104 ) ;
#2278 = CIRCLE ( 'NONE', #6533, 0.09999999999999999167 ) ;
#2279 = DIRECTION ( 'NONE',  ( 1.000000000000000000, 0.000000000000000000, 0.000000000000000000 ) ) ;
#2280 = LINE ( 'NONE', #4039, #2547 ) ;
#2281 = DIRECTION ( 'NONE',  ( 0.9975640502598247528, -0.06975647374411807211, 0.000000000000000000 ) ) ;
#2282 = DIRECTION ( 'NONE',  ( -1.971276677246383105E-16, 0.000000000000000000, -1.000000000000000000 ) ) ;
#2283 = LINE ( 'NONE', #1053, #6159 ) ;
#2284 = EDGE_CURVE ( 'NONE', #3241, #1353, #1708, .T. ) ;
#2285 = DIRECTION ( 'NONE',  ( 0.000000000000000000, 0.000000000000000000, -1.000000000000000000 ) ) ;
#2286 = LINE ( 'NONE', #4048, #3363 ) ;
#2287 = DIRECTION ( 'NONE',  ( 1.000000000000000000, 0.000000000000000000, -1.971276677246369793E-16 ) ) ;
#2288 = ORIENTED_EDGE ( 'NONE', *, *, #792, .F. ) ;
#2289 = CARTESIAN_POINT ( 'NONE',  ( 2.437831373677284752, 0.4228017965748430140, -1.827499999999999902 ) ) ;
#2290 = CARTESIAN_POINT ( 'NONE',  ( -2.437831373677284752, 0.4228017965748430140, -0.5274999999999999689 ) ) ;
#2291 = ADVANCED_FACE ( 'NONE', ( #5924 ), #3075, .F. ) ;
#2292 = CARTESIAN_POINT ( 'NONE',  ( -2.437831373677284752, 0.6975000000000000089, 2.072500000000000231 ) ) ;
#2293 = EDGE_CURVE ( 'NONE', #5026, #866, #4268, .T. ) ;
#2294 = EDGE_LOOP ( 'NONE', ( #1849, #7000, #787, #3629 ) ) ;
#2295 = ORIENTED_EDGE ( 'NONE', *, *, #1706, .F. ) ;
#2296 = EDGE_LOOP ( 'NONE', ( #3348, #6964, #4936, #2455 ) ) ;
#2297 = LINE ( 'NONE', #2444, #2427 ) ;
#2298 = DIRECTION ( 'NONE',  ( -1.000000000000000000, 0.000000000000000000, 0.000000000000000000 ) ) ;
#2299 = ORIENTED_EDGE ( 'NONE', *, *, #3028, .T. ) ;
#2300 = CARTESIAN_POINT ( 'NONE',  ( -2.437831373677284752, 0.4228017965748430140, -1.827499999999999902 ) ) ;
#2301 = CARTESIAN_POINT ( 'NONE',  ( -2.200000000000000178, 0.5524999999999999911, -2.500000000000000000 ) ) ;
#2302 = EDGE_CURVE ( 'NONE', #1413, #3546, #2950, .T. ) ;
#2303 = DIRECTION ( 'NONE',  ( 0.000000000000000000, -0.1736481776669305532, 0.9848077530122080203 ) ) ;
#2304 = VECTOR ( 'NONE', #5175, 1000.000000000000000 ) ;
#2305 = CARTESIAN_POINT ( 'NONE',  ( 2.742797124186769686, 0.2751789857617050195, 0.1224999999999999978 ) ) ;
#2306 = ORIENTED_EDGE ( 'NONE', *, *, #3891, .T. ) ;
#2307 = AXIS2_PLACEMENT_3D ( 'NONE', #2883, #6387, #5814 ) ;
#2308 = LINE ( 'NONE', #6262, #2712 ) ;
#2309 = CARTESIAN_POINT ( 'NONE',  ( -2.200000000000000178, 0.5524999999999999911, 2.500000000000000000 ) ) ;
#2310 = VECTOR ( 'NONE', #7419, 1000.000000000000114 ) ;
#2311 = CARTESIAN_POINT ( 'NONE',  ( 2.199126327838411665, 0.7024548410463217207, 2.458688739809633539 ) ) ;
#2312 = PLANE ( 'NONE',  #4532 ) ;
#2313 = CARTESIAN_POINT ( 'NONE',  ( -2.851362942456834748, 0.02367179002526179771, -0.7724999999999999645 ) ) ;
#2314 = EDGE_CURVE ( 'NONE', #4579, #4131, #5851, .T. ) ;
#2315 = LINE ( 'NONE', #3462, #3766 ) ;
#2316 = VECTOR ( 'NONE', #1897, 1000.000000000000000 ) ;
#2317 = VECTOR ( 'NONE', #987, 1000.000000000000000 ) ;
#2318 = CARTESIAN_POINT ( 'NONE',  ( -2.861477631149734968, 0.1683185773129349805, -1.422499999999999876 ) ) ;
#2319 = FACE_OUTER_BOUND ( 'NONE', #1678, .T. ) ;
#2320 = ORIENTED_EDGE ( 'NONE', *, *, #5816, .F. ) ;
#2321 = DIRECTION ( 'NONE',  ( 5.926311581346190705E-15, -1.000000000000000000, 0.000000000000000000 ) ) ;
#2322 = ORIENTED_EDGE ( 'NONE', *, *, #415, .T. ) ;
#2323 = SURFACE_STYLE_FILL_AREA ( #3011 ) ;
#2324 = DIRECTION ( 'NONE',  ( 1.000000000000000000, 0.000000000000000000, 0.000000000000000000 ) ) ;
#2325 = ADVANCED_FACE ( 'NONE', ( #2541 ), #2386, .F. ) ;
#2326 = DIRECTION ( 'NONE',  ( -0.1710878697460359588, -0.9702875252478136980, -0.1710878697460359588 ) ) ;
#2327 = EDGE_LOOP ( 'NONE', ( #1613, #1317, #4060, #6815, #3868, #7013, #1795, #2737, #2952, #3875, #312, #2021 ) ) ;
#2328 = DIRECTION ( 'NONE',  ( -1.000000000000000000, 0.000000000000000000, 0.000000000000000000 ) ) ;
#2329 = CARTESIAN_POINT ( 'NONE',  ( -1.486702623836771986, 1.000000000000000000, -1.838720136967914920 ) ) ;
#2330 = CARTESIAN_POINT ( 'NONE',  ( -2.861477631149734968, 0.1683185773129349805, 0.1224999999999999978 ) ) ;
#2331 = AXIS2_PLACEMENT_3D ( 'NONE', #3256, #844, #5469 ) ;
#2332 = VERTEX_POINT ( 'NONE', #4725 ) ;
#2333 = ORIENTED_EDGE ( 'NONE', *, *, #4705, .F. ) ;
#2334 = ORIENTED_EDGE ( 'NONE', *, *, #918, .T. ) ;
#2335 = FACE_OUTER_BOUND ( 'NONE', #5344, .T. ) ;
#2336 = CIRCLE ( 'NONE', #4898, 0.1296982034251579208 ) ;
#2337 = CARTESIAN_POINT ( 'NONE',  ( 3.200000000000000178, 0.1446467872876731897, 2.072500000000000231 ) ) ;
#2338 = ORIENTED_EDGE ( 'NONE', *, *, #1493, .F. ) ;
#2339 = EDGE_CURVE ( 'NONE', #4746, #4932, #4300, .T. ) ;
#2340 = DIRECTION ( 'NONE',  ( 0.000000000000000000, 0.000000000000000000, -1.000000000000000000 ) ) ;
#2341 = ADVANCED_FACE ( 'NONE', ( #6611 ), #780, .T. ) ;
#2342 = CARTESIAN_POINT ( 'NONE',  ( 3.200000000000000178, 0.1446467872876731897, 1.177499999999999991 ) ) ;
#2343 = VERTEX_POINT ( 'NONE', #3609 ) ;
#2344 = DIRECTION ( 'NONE',  ( 0.000000000000000000, 0.000000000000000000, 1.000000000000000000 ) ) ;
#2345 = DIRECTION ( 'NONE',  ( 0.000000000000000000, 0.000000000000000000, 1.000000000000000000 ) ) ;
#2346 = STYLED_ITEM ( 'NONE', ( #4338 ), #6140 ) ;
#2347 = VECTOR ( 'NONE', #4351, 1000.000000000000000 ) ;
#2348 = LINE ( 'NONE', #139, #2355 ) ;
#2349 = ORIENTED_EDGE ( 'NONE', *, *, #1, .F. ) ;
#2350 = DIRECTION ( 'NONE',  ( 0.000000000000000000, 0.000000000000000000, -1.000000000000000000 ) ) ;
#2351 = CARTESIAN_POINT ( 'NONE',  ( -2.708356294148904997, 0.4705026390080009890, -0.5274999999999999689 ) ) ;
#2352 = FILL_AREA_STYLE_COLOUR ( '', #5509 ) ;
#2353 = CARTESIAN_POINT ( 'NONE',  ( 2.200000000000000178, 0.6975000000000000089, 2.399999999999999911 ) ) ;
#2354 = VECTOR ( 'NONE', #2240, 1000.000000000000114 ) ;
#2355 = VECTOR ( 'NONE', #5396, 1000.000000000000000 ) ;
#2356 = ADVANCED_FACE ( 'NONE', ( #7018 ), #5363, .F. ) ;
#2357 = ORIENTED_EDGE ( 'NONE', *, *, #3278, .F. ) ;
#2358 = CARTESIAN_POINT ( 'NONE',  ( 2.870524920471619890, 0.2977008424331585301, -2.072500000000000231 ) ) ;
#2359 = DIRECTION ( 'NONE',  ( 0.000000000000000000, -1.000000000000000000, 0.000000000000000000 ) ) ;
#2360 = ORIENTED_EDGE ( 'NONE', *, *, #197, .F. ) ;
#2361 = AXIS2_PLACEMENT_3D ( 'NONE', #1375, #4919, #7215 ) ;
#2362 = CYLINDRICAL_SURFACE ( 'NONE', #1376, 0.2746982034251567728 ) ;
#2363 = CARTESIAN_POINT ( 'NONE',  ( -3.189885311307104843, 9.629649721936179265E-32, 0.7724999999999999645 ) ) ;
#2364 = ORIENTED_EDGE ( 'NONE', *, *, #7163, .T. ) ;
#2365 = VERTEX_POINT ( 'NONE', #671 ) ;
#2366 = CIRCLE ( 'NONE', #4203, 0.2746982034251559401 ) ;
#2367 = LINE ( 'NONE', #4380, #6765 ) ;
#2368 = ORIENTED_EDGE ( 'NONE', *, *, #5040, .F. ) ;
#2369 = LINE ( 'NONE', #6551, #6352 ) ;
#2370 = LINE ( 'NONE', #4776, #5498 ) ;
#2371 = EDGE_LOOP ( 'NONE', ( #2448, #7418, #2441, #4138, #334, #7284, #2101, #3258, #2625, #3399, #4531, #6884 ) ) ;
#2372 = EDGE_LOOP ( 'NONE', ( #3512, #1919, #6527, #3216 ) ) ;
#2373 = ORIENTED_EDGE ( 'NONE', *, *, #2785, .T. ) ;
#2374 = DIRECTION ( 'NONE',  ( -0.1710878697460359588, 0.9702875252478136980, -0.1710878697460359588 ) ) ;
#2375 = DIRECTION ( 'NONE',  ( -1.000000000000000000, 0.000000000000000000, 0.000000000000000000 ) ) ;
#2376 = ORIENTED_EDGE ( 'NONE', *, *, #7070, .T. ) ;
#2377 = CARTESIAN_POINT ( 'NONE',  ( -1.486702623836771986, 1.100000000000000089, -2.088720136967915142 ) ) ;
#2378 = DIRECTION ( 'NONE',  ( 0.000000000000000000, 0.000000000000000000, -1.000000000000000000 ) ) ;
#2379 = EDGE_LOOP ( 'NONE', ( #6135, #3831, #3906, #762 ) ) ;
#2380 = PLANE ( 'NONE',  #7312 ) ;
#2381 = DIRECTION ( 'NONE',  ( 1.000000000000000000, 0.000000000000000000, 0.000000000000000000 ) ) ;
#2382 = VERTEX_POINT ( 'NONE', #1814 ) ;
#2383 = DIRECTION ( 'NONE',  ( 5.926311581346190705E-15, -1.000000000000000000, 0.000000000000000000 ) ) ;
#2384 = ORIENTED_EDGE ( 'NONE', *, *, #3373, .T. ) ;
#2385 =( NAMED_UNIT ( * ) PLANE_ANGLE_UNIT ( ) SI_UNIT ( $, .RADIAN. ) );
#2386 = PLANE ( 'NONE',  #4407 ) ;
#2387 = FACE_OUTER_BOUND ( 'NONE', #7363, .T. ) ;
#2388 = CARTESIAN_POINT ( 'NONE',  ( -2.742797124186769686, 0.2751789857617045199, 0.7724999999999999645 ) ) ;
#2389 = UNCERTAINTY_MEASURE_WITH_UNIT (LENGTH_MEASURE( 1.000000000000000082E-05 ), #4465, 'distance_accuracy_value', 'NONE');
#2390 = EDGE_CURVE ( 'NONE', #5058, #6697, #7186, .T. ) ;
#2391 = ORIENTED_EDGE ( 'NONE', *, *, #107, .T. ) ;
#2392 = VECTOR ( 'NONE', #78, 1000.000000000000000 ) ;
#2393 = CARTESIAN_POINT ( 'NONE',  ( -2.742797124186769686, 0.2751789857617045199, -0.5274999999999999689 ) ) ;
#2394 = DIRECTION ( 'NONE',  ( 1.000000000000000000, 0.000000000000000000, 0.000000000000000000 ) ) ;
#2395 = EDGE_LOOP ( 'NONE', ( #1311, #6768, #1915, #4778 ) ) ;
#2396 = CARTESIAN_POINT ( 'NONE',  ( -2.200000000000000178, 0.6975000000000000089, -1.177499999999999991 ) ) ;
#2397 = VECTOR ( 'NONE', #7188, 1000.000000000000000 ) ;
#2398 = ORIENTED_EDGE ( 'NONE', *, *, #5541, .F. ) ;
#2399 = AXIS2_PLACEMENT_3D ( 'NONE', #5699, #7479, #3350 ) ;
#2400 = ORIENTED_EDGE ( 'NONE', *, *, #2591, .F. ) ;
#2401 = SURFACE_STYLE_USAGE ( .BOTH. , #1718 ) ;
#2402 = VECTOR ( 'NONE', #4276, 999.9999999999998863 ) ;
#2403 = CARTESIAN_POINT ( 'NONE',  ( -2.437831373677284752, 0.6975000000000000089, -1.422499999999999876 ) ) ;
#2404 = FACE_OUTER_BOUND ( 'NONE', #3173, .T. ) ;
#2405 = DIRECTION ( 'NONE',  ( 0.000000000000000000, 0.000000000000000000, 1.000000000000000000 ) ) ;
#2406 = ORIENTED_EDGE ( 'NONE', *, *, #4548, .F. ) ;
#2407 = ORIENTED_EDGE ( 'NONE', *, *, #3805, .T. ) ;
#2408 = LINE ( 'NONE', #1152, #4271 ) ;
#2409 = LINE ( 'NONE', #86, #218 ) ;
#2410 = ORIENTED_EDGE ( 'NONE', *, *, #4302, .F. ) ;
#2411 = LINE ( 'NONE', #54, #6709 ) ;
#2412 = AXIS2_PLACEMENT_3D ( 'NONE', #3830, #346, #4362 ) ;
#2413 = ORIENTED_EDGE ( 'NONE', *, *, #3050, .T. ) ;
#2414 = CARTESIAN_POINT ( 'NONE',  ( -2.565559169962134956, 0.4453236532462965247, -0.7724999999999999645 ) ) ;
#2415 = VERTEX_POINT ( 'NONE', #1288 ) ;
#2416 = DIRECTION ( 'NONE',  ( 0.1736481776669290544, 0.9848077530122083534, 0.000000000000000000 ) ) ;
#2417 = DIRECTION ( 'NONE',  ( 0.000000000000000000, 0.000000000000000000, -1.000000000000000000 ) ) ;
#2418 = ORIENTED_EDGE ( 'NONE', *, *, #4386, .T. ) ;
#2419 = CARTESIAN_POINT ( 'NONE',  ( 3.189885311307104843, 9.629649721936179265E-32, 0.5274999999999999689 ) ) ;
#2420 = ADVANCED_FACE ( 'NONE', ( #4870 ), #3689, .F. ) ;
#2421 = CARTESIAN_POINT ( 'NONE',  ( 2.437831373677284752, 0.4228017965748430140, -0.5274999999999999689 ) ) ;
#2422 = CARTESIAN_POINT ( 'NONE',  ( -2.045118427147115003, 0.2500000000000000000, 1.773857473362430129E-16 ) ) ;
#2423 = EDGE_CURVE ( 'NONE', #5491, #5306, #702, .T. ) ;
#2424 = CARTESIAN_POINT ( 'NONE',  ( 2.200000000000000178, 0.6975000000000000089, -1.827499999999999902 ) ) ;
#2425 = ORIENTED_EDGE ( 'NONE', *, *, #3211, .T. ) ;
#2426 = AXIS2_PLACEMENT_3D ( 'NONE', #3344, #6684, #4383 ) ;
#2427 = VECTOR ( 'NONE', #6411, 1000.000000000000000 ) ;
#2428 = CARTESIAN_POINT ( 'NONE',  ( -2.200000000000000178, 0.6975000000000000089, -1.422499999999999876 ) ) ;
#2429 = PRESENTATION_STYLE_ASSIGNMENT (( #2584 ) ) ;
#2430 = PLANE ( 'NONE',  #7431 ) ;
#2431 = AXIS2_PLACEMENT_3D ( 'NONE', #5636, #7368, #3429 ) ;
#2432 = ADVANCED_FACE ( 'NONE', ( #5889 ), #5330, .F. ) ;
#2433 = EDGE_CURVE ( 'NONE', #460, #4319, #2442, .T. ) ;
#2434 = DIRECTION ( 'NONE',  ( 0.000000000000000000, 0.000000000000000000, -1.000000000000000000 ) ) ;
#2435 = ORIENTED_EDGE ( 'NONE', *, *, #3010, .F. ) ;
#2436 = CARTESIAN_POINT ( 'NONE',  ( 2.101507855905375255, 0.5524355243686569494, -2.499988631206595091 ) ) ;
#2437 = CARTESIAN_POINT ( 'NONE',  ( -2.199996210330392277, 0.5524785077156445512, -2.401005270604403385 ) ) ;
#2438 = CARTESIAN_POINT ( 'NONE',  ( -2.437831373677284752, 0.4228017965748430140, 0.5274999999999999689 ) ) ;
#2439 = ORIENTED_EDGE ( 'NONE', *, *, #3167, .F. ) ;
#2440 = CIRCLE ( 'NONE', #2202, 0.1296982034251575044 ) ;
#2441 = ORIENTED_EDGE ( 'NONE', *, *, #2200, .F. ) ;
#2442 = CIRCLE ( 'NONE', #6696, 0.2746982034251567728 ) ;
#2443 = EDGE_CURVE ( 'NONE', #460, #7121, #2459, .T. ) ;
#2444 = CARTESIAN_POINT ( 'NONE',  ( -2.200000000000000178, 0.5524999999999999911, 0.1224999999999999978 ) ) ;
#2445 = DIRECTION ( 'NONE',  ( 1.000000000000000000, -4.558701216420150868E-16, 0.000000000000000000 ) ) ;
#2446 = VERTEX_POINT ( 'NONE', #1891 ) ;
#2447 = CARTESIAN_POINT ( 'NONE',  ( -2.200000000000000178, 0.6975000000000000089, 0.7724999999999999645 ) ) ;
#2448 = ORIENTED_EDGE ( 'NONE', *, *, #3133, .F. ) ;
#2449 = CARTESIAN_POINT ( 'NONE',  ( -2.437831373677284752, 0.4228017965748430140, -1.827499999999999902 ) ) ;
#2450 = VERTEX_POINT ( 'NONE', #6538 ) ;
#2451 = DIRECTION ( 'NONE',  ( 0.000000000000000000, 0.000000000000000000, -1.000000000000000000 ) ) ;
#2452 = DIRECTION ( 'NONE',  ( 8.673617379884039170E-17, 0.000000000000000000, 1.000000000000000000 ) ) ;
#2453 = ORIENTED_EDGE ( 'NONE', *, *, #3184, .T. ) ;
#2454 = VECTOR ( 'NONE', #5656, 1000.000000000000000 ) ;
#2455 = ORIENTED_EDGE ( 'NONE', *, *, #6653, .T. ) ;
#2456 = FILL_AREA_STYLE ('',( #5847 ) ) ;
#2457 = VERTEX_POINT ( 'NONE', #741 ) ;
#2458 = LINE ( 'NONE', #6501, #1600 ) ;
#2459 = LINE ( 'NONE', #7096, #4903 ) ;
#2460 = PLANE ( 'NONE',  #6562 ) ;
#2461 = AXIS2_PLACEMENT_3D ( 'NONE', #3501, #4614, #6235 ) ;
#2462 = AXIS2_PLACEMENT_3D ( 'NONE', #2516, #41, #5309 ) ;
#2463 = AXIS2_PLACEMENT_3D ( 'NONE', #7339, #5565, #2669 ) ;
#2464 = EDGE_CURVE ( 'NONE', #5070, #4146, #2208, .T. ) ;
#2465 = VECTOR ( 'NONE', #3118, 1000.000000000000000 ) ;
#2466 = ADVANCED_FACE ( 'NONE', ( #2074 ), #6759, .F. ) ;
#2467 = AXIS2_PLACEMENT_3D ( 'NONE', #1078, #1037, #3376 ) ;
#2468 = LINE ( 'NONE', #2428, #5139 ) ;
#2469 =( NAMED_UNIT ( * ) SI_UNIT ( $, .STERADIAN. ) SOLID_ANGLE_UNIT ( ) );
#2470 = PLANE ( 'NONE',  #6472 ) ;
#2471 = CARTESIAN_POINT ( 'NONE',  ( 2.742797124186769686, 0.2751789857617050195, -0.5274999999999999689 ) ) ;
#2472 = LINE ( 'NONE', #4657, #3866 ) ;
#2473 = PRESENTATION_LAYER_ASSIGNMENT (  '', '', ( #7438 ) ) ;
#2474 = AXIS2_PLACEMENT_3D ( 'NONE', #1965, #6616, #1401 ) ;
#2475 = VERTEX_POINT ( 'NONE', #6642 ) ;
#2476 = EDGE_CURVE ( 'NONE', #6297, #828, #2151, .T. ) ;
#2477 = STYLED_ITEM ( 'NONE', ( #5750 ), #1334 ) ;
#2478 = CARTESIAN_POINT ( 'NONE',  ( -2.200000000000000178, 0.5524999999999999911, -1.422499999999999876 ) ) ;
#2479 = VECTOR ( 'NONE', #7344, 1000.000000000000114 ) ;
#2480 = CARTESIAN_POINT ( 'NONE',  ( 2.870524920471619890, 0.2977008424331585301, -0.1224999999999999978 ) ) ;
#2481 = CARTESIAN_POINT ( 'NONE',  ( -2.100000000000000089, 0.6975000000000000089, 2.500000000000000000 ) ) ;
#2482 = LINE ( 'NONE', #6483, #6826 ) ;
#2483 = EDGE_CURVE ( 'NONE', #1533, #6923, #4777, .T. ) ;
#2484 = EDGE_LOOP ( 'NONE', ( #6326, #3625, #1802, #3246, #5770, #5025 ) ) ;
#2485 = EDGE_CURVE ( 'NONE', #3884, #6757, #1431, .T. ) ;
#2486 = VERTEX_POINT ( 'NONE', #2613 ) ;
#2487 = LINE ( 'NONE', #5980, #5834 ) ;
#2488 = DIRECTION ( 'NONE',  ( -0.1736481776669290544, 0.9848077530122083534, 0.000000000000000000 ) ) ;
#2489 = ORIENTED_EDGE ( 'NONE', *, *, #3666, .F. ) ;
#2490 = CARTESIAN_POINT ( 'NONE',  ( -2.861477631149734968, 0.1683185773129349805, 0.1224999999999999978 ) ) ;
#2491 = ORIENTED_EDGE ( 'NONE', *, *, #6619, .F. ) ;
#2492 = CARTESIAN_POINT ( 'NONE',  ( 2.200000000000000178, 0.6975000000000000089, 1.177499999999999991 ) ) ;
#2493 = ORIENTED_EDGE ( 'NONE', *, *, #328, .T. ) ;
#2494 = CARTESIAN_POINT ( 'NONE',  ( 2.565559169962134956, 0.4453236532462965247, -2.072500000000000231 ) ) ;
#2495 = EDGE_CURVE ( 'NONE', #459, #2508, #6675, .T. ) ;
#2496 = ORIENTED_EDGE ( 'NONE', *, *, #483, .F. ) ;
#2497 = FACE_OUTER_BOUND ( 'NONE', #3367, .T. ) ;
#2498 = CARTESIAN_POINT ( 'NONE',  ( 2.861477631149730083, 0.1683185773129355078, -0.7724999999999999645 ) ) ;
#2499 = ORIENTED_EDGE ( 'NONE', *, *, #3659, .F. ) ;
#2500 = CARTESIAN_POINT ( 'NONE',  ( 2.100000000000000089, 0.6975000000000000089, 2.500000000000000000 ) ) ;
#2501 = CARTESIAN_POINT ( 'NONE',  ( 2.200000000000000178, 0.6975000000000000089, 1.422499999999999876 ) ) ;
#2502 = FACE_OUTER_BOUND ( 'NONE', #978, .T. ) ;
#2503 = ORIENTED_EDGE ( 'NONE', *, *, #6828, .T. ) ;
#2504 = CARTESIAN_POINT ( 'NONE',  ( -2.437831373677284752, 0.4228017965748430140, 0.7724999999999999645 ) ) ;
#2505 = DIRECTION ( 'NONE',  ( 0.000000000000000000, -0.9848077530122081313, 0.1736481776669305255 ) ) ;
#2506 = DIRECTION ( 'NONE',  ( 0.1736481776669290544, -0.9848077530122083534, 0.000000000000000000 ) ) ;
#2507 = LINE ( 'NONE', #4846, #3032 ) ;
#2508 = VERTEX_POINT ( 'NONE', #4333 ) ;
#2509 = AXIS2_PLACEMENT_3D ( 'NONE', #7522, #1719, #535 ) ;
#2510 = CARTESIAN_POINT ( 'NONE',  ( 2.870524920471619890, 0.2977008424331585301, -1.422499999999999876 ) ) ;
#2511 = CARTESIAN_POINT ( 'NONE',  ( -2.437831373677284752, 0.5524999999999999911, -0.7724999999999999645 ) ) ;
#2512 = EDGE_CURVE ( 'NONE', #4248, #4005, #3304, .T. ) ;
#2513 = AXIS2_PLACEMENT_3D ( 'NONE', #6968, #6523, #5280 ) ;
#2514 = ADVANCED_FACE ( 'NONE', ( #917 ), #3761, .T. ) ;
#2515 = ORIENTED_EDGE ( 'NONE', *, *, #5621, .F. ) ;
#2516 = CARTESIAN_POINT ( 'NONE',  ( 2.437831373677284752, 0.4228017965748430140, 2.072500000000000231 ) ) ;
#2517 = VECTOR ( 'NONE', #4240, 1000.000000000000000 ) ;
#2518 = EDGE_CURVE ( 'NONE', #3293, #6757, #7347, .T. ) ;
#2519 = CARTESIAN_POINT ( 'NONE',  ( -2.708356294148904997, 0.4705026390080009890, 0.1224999999999999978 ) ) ;
#2520 = EDGE_LOOP ( 'NONE', ( #2249, #2023, #6133, #7302 ) ) ;
#2521 = CARTESIAN_POINT ( 'NONE',  ( -2.200000000000000178, 0.5524999999999999911, -0.5274999999999999689 ) ) ;
#2522 = PLANE ( 'NONE',  #5436 ) ;
#2523 = ORIENTED_EDGE ( 'NONE', *, *, #5028, .F. ) ;
#2524 = ADVANCED_FACE ( 'NONE', ( #3149 ), #816, .T. ) ;
#2525 = CARTESIAN_POINT ( 'NONE',  ( 2.100502642445350343, 0.5525000000000008793, -2.499999999999999556 ) ) ;
#2526 = PRODUCT_RELATED_PRODUCT_CATEGORY ( 'part', '', ( #3018 ) ) ;
#2527 = ORIENTED_EDGE ( 'NONE', *, *, #1035, .T. ) ;
#2528 = DIRECTION ( 'NONE',  ( 0.06975647374411807211, 0.9975640502598247528, 0.000000000000000000 ) ) ;
#2529 = EDGE_CURVE ( 'NONE', #5556, #2805, #21, .T. ) ;
#2530 = EDGE_CURVE ( 'NONE', #5008, #7021, #3798, .T. ) ;
#2531 = ORIENTED_EDGE ( 'NONE', *, *, #5777, .T. ) ;
#2532 = FACE_OUTER_BOUND ( 'NONE', #5324, .T. ) ;
#2533 = ORIENTED_EDGE ( 'NONE', *, *, #1598, .T. ) ;
#2534 = DIRECTION ( 'NONE',  ( -1.000000000000000000, 0.000000000000000000, 0.000000000000000000 ) ) ;
#2535 = ORIENTED_EDGE ( 'NONE', *, *, #328, .F. ) ;
#2536 = EDGE_LOOP ( 'NONE', ( #530, #3530, #4356, #7297 ) ) ;
#2537 = CARTESIAN_POINT ( 'NONE',  ( -2.870524920471619890, 0.2977008424331585301, -0.5274999999999999689 ) ) ;
#2538 = FACE_OUTER_BOUND ( 'NONE', #133, .T. ) ;
#2539 = ORIENTED_EDGE ( 'NONE', *, *, #5272, .T. ) ;
#2540 = ADVANCED_FACE ( 'NONE', ( #6105 ), #4904, .F. ) ;
#2541 = FACE_OUTER_BOUND ( 'NONE', #7225, .T. ) ;
#2542 = DIRECTION ( 'NONE',  ( -1.000000000000000000, 0.000000000000000000, 0.000000000000000000 ) ) ;
#2543 = CARTESIAN_POINT ( 'NONE',  ( 2.861477631149734968, 0.1683185773129355078, -0.1224999999999999978 ) ) ;
#2544 = UNCERTAINTY_MEASURE_WITH_UNIT (LENGTH_MEASURE( 1.000000000000000082E-05 ), #1284, 'distance_accuracy_value', 'NONE');
#2545 = FACE_OUTER_BOUND ( 'NONE', #2692, .T. ) ;
#2546 =( NAMED_UNIT ( * ) PLANE_ANGLE_UNIT ( ) SI_UNIT ( $, .RADIAN. ) );
#2547 = VECTOR ( 'NONE', #1127, 1000.000000000000000 ) ;
#2548 = EDGE_CURVE ( 'NONE', #5946, #4170, #3183, .T. ) ;
#2549 = DIRECTION ( 'NONE',  ( 1.971276677246369793E-16, 0.000000000000000000, 1.000000000000000000 ) ) ;
#2550 = CARTESIAN_POINT ( 'NONE',  ( -3.189885311307104843, 9.629649721936179265E-32, 0.1224999999999999978 ) ) ;
#2551 = CARTESIAN_POINT ( 'NONE',  ( 3.200000000000000178, 0.1446467872876731897, -1.177499999999999991 ) ) ;
#2552 = AXIS2_PLACEMENT_3D ( 'NONE', #3152, #5402, #3694 ) ;
#2553 = ORIENTED_EDGE ( 'NONE', *, *, #2614, .T. ) ;
#2554 = VECTOR ( 'NONE', #1320, 1000.000000000000000 ) ;
#2555 = DIRECTION ( 'NONE',  ( 0.000000000000000000, 1.000000000000000000, 0.000000000000000000 ) ) ;
#2556 = VECTOR ( 'NONE', #6145, 1000.000000000000000 ) ;
#2557 = DIRECTION ( 'NONE',  ( 0.1736481776669290544, -0.9848077530122083534, 0.000000000000000000 ) ) ;
#2558 = AXIS2_PLACEMENT_3D ( 'NONE', #6288, #1617, #4489 ) ;
#2559 = EDGE_CURVE ( 'NONE', #616, #1533, #7202, .T. ) ;
#2560 = VERTEX_POINT ( 'NONE', #316 ) ;
#2561 = DIRECTION ( 'NONE',  ( -1.000000000000000000, 0.000000000000000000, 0.000000000000000000 ) ) ;
#2562 = ORIENTED_EDGE ( 'NONE', *, *, #5359, .T. ) ;
#2563 = EDGE_CURVE ( 'NONE', #2560, #5061, #5009, .T. ) ;
#2564 = LINE ( 'NONE', #1947, #3864 ) ;
#2565 = DIRECTION ( 'NONE',  ( -0.06975647374411908519, -0.9975640502598247528, 0.000000000000000000 ) ) ;
#2566 = VERTEX_POINT ( 'NONE', #3294 ) ;
#2567 = CARTESIAN_POINT ( 'NONE',  ( -2.861477631149734968, 0.1683185773129349805, 0.7724999999999999645 ) ) ;
#2568 = ORIENTED_EDGE ( 'NONE', *, *, #2687, .F. ) ;
#2569 = DIRECTION ( 'NONE',  ( 0.1736481776669290544, -0.9848077530122083534, 0.000000000000000000 ) ) ;
#2570 = ORIENTED_EDGE ( 'NONE', *, *, #724, .F. ) ;
#2571 = DIRECTION ( 'NONE',  ( -0.1736481776669290544, 0.9848077530122083534, 0.000000000000000000 ) ) ;
#2572 = AXIS2_PLACEMENT_3D ( 'NONE', #2421, #4148, #5850 ) ;
#2573 = ORIENTED_EDGE ( 'NONE', *, *, #7108, .F. ) ;
#2574 =( BOUNDED_CURVE ( )  B_SPLINE_CURVE ( 3, ( #7177, #4426, #6117, #329 ),
 .UNSPECIFIED., .F., .F. ) 
 B_SPLINE_CURVE_WITH_KNOTS ( ( 4, 4 ),
 ( 0.000000000000000000, 0.01507913049646775021 ),
 .UNSPECIFIED. ) 
 CURVE ( )  GEOMETRIC_REPRESENTATION_ITEM ( )  RATIONAL_B_SPLINE_CURVE ( ( 1.000000000000000000, 0.9999810517417160316, 0.9999810517417160316, 1.000000000000000000 ) ) 
 REPRESENTATION_ITEM ( '' )  );
#2575 = EDGE_CURVE ( 'NONE', #617, #6565, #5608, .T. ) ;
#2576 = ORIENTED_EDGE ( 'NONE', *, *, #3025, .F. ) ;
#2577 = ADVANCED_FACE ( 'NONE', ( #7382 ), #7422, .F. ) ;
#2578 = CARTESIAN_POINT ( 'NONE',  ( 2.851362942456834748, 0.02367179002526179771, 0.7724999999999999645 ) ) ;
#2579 = EDGE_LOOP ( 'NONE', ( #2413, #3302, #2576, #2929 ) ) ;
#2580 = CARTESIAN_POINT ( 'NONE',  ( -2.870524920471619890, 0.2977008424331585301, 1.422499999999999876 ) ) ;
#2581 = PLANE ( 'NONE',  #4385 ) ;
#2582 = VECTOR ( 'NONE', #6525, 1000.000000000000114 ) ;
#2583 = ORIENTED_EDGE ( 'NONE', *, *, #4386, .F. ) ;
#2584 = SURFACE_STYLE_USAGE ( .BOTH. , #5730 ) ;
#2585 = FACE_OUTER_BOUND ( 'NONE', #4446, .T. ) ;
#2586 = VECTOR ( 'NONE', #5, 1000.000000000000000 ) ;
#2587 = LINE ( 'NONE', #4879, #5351 ) ;
#2588 = FACE_OUTER_BOUND ( 'NONE', #7088, .T. ) ;
#2589 = AXIS2_PLACEMENT_3D ( 'NONE', #1204, #4537, #477 ) ;
#2590 = VECTOR ( 'NONE', #3901, 1000.000000000000000 ) ;
#2591 = EDGE_CURVE ( 'NONE', #3440, #3998, #1111, .T. ) ;
#2592 = CARTESIAN_POINT ( 'NONE',  ( -2.437831373677284752, 0.5524999999999999911, -2.072500000000000231 ) ) ;
#2593 = CARTESIAN_POINT ( 'NONE',  ( 3.200000000000000178, 0.1446467872876731897, 0.5274999999999999689 ) ) ;
#2594 = DIRECTION ( 'NONE',  ( 0.000000000000000000, 0.000000000000000000, 1.000000000000000000 ) ) ;
#2595 = VERTEX_POINT ( 'NONE', #2188 ) ;
#2596 = CARTESIAN_POINT ( 'NONE',  ( 2.708356294148904997, 0.4705026390080009890, 1.177499999999999991 ) ) ;
#2597 = DIRECTION ( 'NONE',  ( -0.9848077530122083534, -0.1736481776669290544, 0.000000000000000000 ) ) ;
#2598 = DIRECTION ( 'NONE',  ( -1.000000000000000000, 0.000000000000000000, 0.000000000000000000 ) ) ;
#2599 = CARTESIAN_POINT ( 'NONE',  ( 2.851362942456834748, 0.02367179002526179771, -1.422499999999999876 ) ) ;
#2600 = VERTEX_POINT ( 'NONE', #5243 ) ;
#2601 = DIRECTION ( 'NONE',  ( 1.000000000000000000, 0.000000000000000000, 0.000000000000000000 ) ) ;
#2602 = AXIS2_PLACEMENT_3D ( 'NONE', #1975, #4314, #6625 ) ;
#2603 = EDGE_CURVE ( 'NONE', #4582, #131, #6895, .T. ) ;
#2604 = VERTEX_POINT ( 'NONE', #1588 ) ;
#2605 = DIRECTION ( 'NONE',  ( 0.000000000000000000, 0.000000000000000000, -1.000000000000000000 ) ) ;
#2606 = VECTOR ( 'NONE', #662, 1000.000000000000114 ) ;
#2607 = DIRECTION ( 'NONE',  ( -0.1736481776669329125, -0.9848077530122075762, 0.000000000000000000 ) ) ;
#2608 = EDGE_LOOP ( 'NONE', ( #6180, #5712, #2872, #5144, #2225, #87 ) ) ;
#2609 = ORIENTED_EDGE ( 'NONE', *, *, #4461, .F. ) ;
#2610 = LINE ( 'NONE', #3723, #7160 ) ;
#2611 = FACE_OUTER_BOUND ( 'NONE', #4824, .T. ) ;
#2612 = ORIENTED_EDGE ( 'NONE', *, *, #7348, .T. ) ;
#2613 = CARTESIAN_POINT ( 'NONE',  ( 2.565559169962134956, 0.4453236532462965247, -1.827499999999999902 ) ) ;
#2614 = EDGE_CURVE ( 'NONE', #5588, #2365, #503, .T. ) ;
#2615 = DIRECTION ( 'NONE',  ( -1.000000000000000000, 0.000000000000000000, 0.000000000000000000 ) ) ;
#2616 = LINE ( 'NONE', #2543, #3037 ) ;
#2617 = ADVANCED_FACE ( 'NONE', ( #4529 ), #2908, .T. ) ;
#2618 = PLANE ( 'NONE',  #5510 ) ;
#2619 = FACE_OUTER_BOUND ( 'NONE', #6029, .T. ) ;
#2620 = DIRECTION ( 'NONE',  ( 0.000000000000000000, 0.000000000000000000, -1.000000000000000000 ) ) ;
#2621 = PLANE ( 'NONE',  #1694 ) ;
#2622 = EDGE_CURVE ( 'NONE', #2052, #5486, #7464, .T. ) ;
#2623 = CARTESIAN_POINT ( 'NONE',  ( 2.200000000000000178, 0.6975000000000000089, -1.827499999999999902 ) ) ;
#2624 = CARTESIAN_POINT ( 'NONE',  ( -2.708356294148904997, 0.4705026390080009890, 0.5274999999999999689 ) ) ;
#2625 = ORIENTED_EDGE ( 'NONE', *, *, #1962, .F. ) ;
#2626 = CIRCLE ( 'NONE', #7480, 0.1296982034251575044 ) ;
#2627 = CARTESIAN_POINT ( 'NONE',  ( -2.861477631149734968, 0.1683185773129349805, 1.827499999999999902 ) ) ;
#2628 = LINE ( 'NONE', #4956, #5870 ) ;
#2629 = CIRCLE ( 'NONE', #922, 0.2500000000000000000 ) ;
#2630 = CARTESIAN_POINT ( 'NONE',  ( 2.100000000000000089, 0.6975000000000000089, 2.399999999999999911 ) ) ;
#2631 = ORIENTED_EDGE ( 'NONE', *, *, #3508, .F. ) ;
#2632 = CARTESIAN_POINT ( 'NONE',  ( -2.600000000000000089, 0.2500000000000000000, -0.7724999999999999645 ) ) ;
#2633 = DIRECTION ( 'NONE',  ( 0.000000000000000000, -1.000000000000000000, 0.000000000000000000 ) ) ;
#2634 = ORIENTED_EDGE ( 'NONE', *, *, #461, .T. ) ;
#2635 = DIRECTION ( 'NONE',  ( 1.000000000000000000, -4.558701216420150868E-16, 0.000000000000000000 ) ) ;
#2636 = ORIENTED_EDGE ( 'NONE', *, *, #1239, .T. ) ;
#2637 = CARTESIAN_POINT ( 'NONE',  ( 2.437831373677284752, 0.4228017965748430140, 2.072500000000000231 ) ) ;
#2638 = DIRECTION ( 'NONE',  ( 0.000000000000000000, 0.000000000000000000, -1.000000000000000000 ) ) ;
#2639 = ORIENTED_EDGE ( 'NONE', *, *, #7406, .T. ) ;
#2640 = SURFACE_STYLE_FILL_AREA ( #5572 ) ;
#2641 = DIRECTION ( 'NONE',  ( 0.000000000000000000, 0.000000000000000000, -1.000000000000000000 ) ) ;
#2642 = DIRECTION ( 'NONE',  ( 1.000000000000000000, 0.000000000000000000, 0.000000000000000000 ) ) ;
#2643 = ADVANCED_FACE ( 'NONE', ( #5120 ), #4570, .T. ) ;
#2644 = DIRECTION ( 'NONE',  ( 1.000000000000000000, 0.000000000000000000, 0.000000000000000000 ) ) ;
#2645 = ADVANCED_FACE ( 'NONE', ( #2833 ), #3369, .F. ) ;
#2646 = PLANE ( 'NONE',  #3447 ) ;
#2647 = CARTESIAN_POINT ( 'NONE',  ( 2.200000000000000178, 0.6975000000000000089, -2.072500000000000231 ) ) ;
#2648 = CARTESIAN_POINT ( 'NONE',  ( 2.045118427147115003, 1.100000000000000089, -2.429028390264845072 ) ) ;
#2649 = LINE ( 'NONE', #7240, #3041 ) ;
#2650 = AXIS2_PLACEMENT_3D ( 'NONE', #908, #3249, #985 ) ;
#2651 = DIRECTION ( 'NONE',  ( 0.000000000000000000, -0.1736481776669305532, 0.9848077530122080203 ) ) ;
#2652 = VERTEX_POINT ( 'NONE', #3954 ) ;
#2653 = DIRECTION ( 'NONE',  ( 0.000000000000000000, 0.000000000000000000, -1.000000000000000000 ) ) ;
#2654 = EDGE_CURVE ( 'NONE', #5531, #1839, #2870, .T. ) ;
#2655 = ORIENTED_EDGE ( 'NONE', *, *, #4705, .T. ) ;
#2656 = VERTEX_POINT ( 'NONE', #1110 ) ;
#2657 = CARTESIAN_POINT ( 'NONE',  ( -1.486702623836771986, 1.000000000000000000, -2.088720136967915142 ) ) ;
#2658 = CLOSED_SHELL ( 'NONE', ( #4720, #1564, #7350, #5300, #3897, #6004, #6010, #3786, #861, #4348, #5880, #4490, #7396, #7234 ) ) ;
#2659 = VECTOR ( 'NONE', #6984, 1000.000000000000000 ) ;
#2660 = VERTEX_POINT ( 'NONE', #4604 ) ;
#2661 = LINE ( 'NONE', #6777, #6232 ) ;
#2662 = VERTEX_POINT ( 'NONE', #5804 ) ;
#2663 = CARTESIAN_POINT ( 'NONE',  ( -2.437831373677284752, 0.4228017965748430140, -1.177499999999999991 ) ) ;
#2664 = DIRECTION ( 'NONE',  ( -0.9975640502598246417, 0.06975647374411987622, 0.000000000000000000 ) ) ;
#2665 = ORIENTED_EDGE ( 'NONE', *, *, #2262, .T. ) ;
#2666 = LINE ( 'NONE', #2139, #4315 ) ;
#2667 = VECTOR ( 'NONE', #1611, 999.9999999999998863 ) ;
#2668 = VERTEX_POINT ( 'NONE', #5718 ) ;
#2669 = DIRECTION ( 'NONE',  ( 1.000000000000000000, 0.000000000000000000, 0.000000000000000000 ) ) ;
#2670 = ORIENTED_EDGE ( 'NONE', *, *, #6827, .T. ) ;
#2671 = VECTOR ( 'NONE', #5192, 1000.000000000000114 ) ;
#2672 = DIRECTION ( 'NONE',  ( 0.9848077530122081313, 0.1736481776669305255, -2.562553692711366428E-16 ) ) ;
#2673 = ADVANCED_FACE ( 'NONE', ( #5648 ), #2755, .F. ) ;
#2674 = VERTEX_POINT ( 'NONE', #1033 ) ;
#2675 = EDGE_LOOP ( 'NONE', ( #5871, #7196 ) ) ;
#2676 = CARTESIAN_POINT ( 'NONE',  ( -1.486702623836771986, 1.000000000000000000, -2.088720136967915142 ) ) ;
#2677 = CYLINDRICAL_SURFACE ( 'NONE', #2842, 0.2746982034251563842 ) ;
#2678 = SURFACE_SIDE_STYLE ('',( #2640 ) ) ;
#2679 = DIRECTION ( 'NONE',  ( -0.1736481776669329125, -0.9848077530122075762, 0.000000000000000000 ) ) ;
#2680 = PLANE ( 'NONE',  #6443 ) ;
#2681 = CARTESIAN_POINT ( 'NONE',  ( -2.861477631149734968, 0.1683185773129349805, -0.1224999999999999978 ) ) ;
#2682 = LINE ( 'NONE', #926, #6359 ) ;
#2683 = CARTESIAN_POINT ( 'NONE',  ( 2.200000000000000178, 0.6975000000000000089, 2.072500000000000231 ) ) ;
#2684 = DIRECTION ( 'NONE',  ( 0.000000000000000000, 1.000000000000000000, 0.000000000000000000 ) ) ;
#2685 = DIRECTION ( 'NONE',  ( 0.000000000000000000, 0.000000000000000000, -1.000000000000000000 ) ) ;
#2686 = ORIENTED_EDGE ( 'NONE', *, *, #5777, .F. ) ;
#2687 = EDGE_CURVE ( 'NONE', #6645, #1924, #5682, .T. ) ;
#2688 = VECTOR ( 'NONE', #12, 1000.000000000000000 ) ;
#2689 = ORIENTED_EDGE ( 'NONE', *, *, #2914, .F. ) ;
#2690 = AXIS2_PLACEMENT_3D ( 'NONE', #7511, #5780, #2394 ) ;
#2691 = DIRECTION ( 'NONE',  ( 0.000000000000000000, 0.000000000000000000, -1.000000000000000000 ) ) ;
#2692 = EDGE_LOOP ( 'NONE', ( #4659, #5519, #4789, #3797 ) ) ;
#2693 = VERTEX_POINT ( 'NONE', #3916 ) ;
#2694 = VECTOR ( 'NONE', #1948, 1000.000000000000000 ) ;
#2695 = CARTESIAN_POINT ( 'NONE',  ( -2.045118427147115003, 1.000000000000000000, 2.345118427147114826 ) ) ;
#2696 = PRESENTATION_LAYER_ASSIGNMENT (  '', '', ( #4050 ) ) ;
#2697 = AXIS2_PLACEMENT_3D ( 'NONE', #5227, #6960, #6924 ) ;
#2698 = EDGE_CURVE ( 'NONE', #6524, #5927, #3444, .T. ) ;
#2699 = CARTESIAN_POINT ( 'NONE',  ( -2.200000000000000178, 0.6975000000000000089, -0.7724999999999999645 ) ) ;
#2700 = ORIENTED_EDGE ( 'NONE', *, *, #7280, .F. ) ;
#2701 = AXIS2_PLACEMENT_3D ( 'NONE', #6339, #998, #2876 ) ;
#2702 = DIRECTION ( 'NONE',  ( 0.000000000000000000, 1.000000000000000000, 0.000000000000000000 ) ) ;
#2703 = CARTESIAN_POINT ( 'NONE',  ( -2.851362942456834748, 0.02367179002526179771, 1.827499999999999902 ) ) ;
#2704 = ORIENTED_EDGE ( 'NONE', *, *, #317, .F. ) ;
#2705 = CARTESIAN_POINT ( 'NONE',  ( -2.600000000000000089, 0.2500000000000000000, 0.1224999999999999978 ) ) ;
#2706 = ORIENTED_EDGE ( 'NONE', *, *, #2603, .F. ) ;
#2707 = LINE ( 'NONE', #1100, #6476 ) ;
#2708 = ADVANCED_FACE ( 'NONE', ( #3988 ), #6294, .F. ) ;
#2709 = VECTOR ( 'NONE', #6603, 1000.000000000000114 ) ;
#2710 = ORIENTED_EDGE ( 'NONE', *, *, #1929, .T. ) ;
#2711 = DIRECTION ( 'NONE',  ( -1.000000000000000000, 0.000000000000000000, 0.000000000000000000 ) ) ;
#2712 = VECTOR ( 'NONE', #6866, 1000.000000000000114 ) ;
#2713 = EDGE_CURVE ( 'NONE', #4101, #2662, #6221, .T. ) ;
#2714 = ORIENTED_EDGE ( 'NONE', *, *, #2559, .F. ) ;
#2715 = CARTESIAN_POINT ( 'NONE',  ( 2.870524920471619890, 0.2977008424331585301, 0.1224999999999999978 ) ) ;
#2716 = LINE ( 'NONE', #5047, #2479 ) ;
#2717 = EDGE_LOOP ( 'NONE', ( #2028, #3498, #8 ) ) ;
#2718 = AXIS2_PLACEMENT_3D ( 'NONE', #5184, #1093, #6919 ) ;
#2719 = DIRECTION ( 'NONE',  ( 0.000000000000000000, 0.000000000000000000, 1.000000000000000000 ) ) ;
#2720 = AXIS2_PLACEMENT_3D ( 'NONE', #1584, #3951, #2831 ) ;
#2721 = DIRECTION ( 'NONE',  ( 0.06975647374411987622, -0.9975640502598246417, 0.000000000000000000 ) ) ;
#2722 = EDGE_CURVE ( 'NONE', #6293, #5965, #3679, .T. ) ;
#2723 = DIRECTION ( 'NONE',  ( 0.000000000000000000, 0.000000000000000000, -1.000000000000000000 ) ) ;
#2724 = VECTOR ( 'NONE', #4360, 1000.000000000000000 ) ;
#2725 = CARTESIAN_POINT ( 'NONE',  ( -2.101005270604403563, 0.6975214922843544496, 2.499996210330392099 ) ) ;
#2726 = CARTESIAN_POINT ( 'NONE',  ( -3.189885311307104843, 9.629649721936179265E-32, -1.177499999999999991 ) ) ;
#2727 = DIRECTION ( 'NONE',  ( 0.000000000000000000, 0.000000000000000000, -1.000000000000000000 ) ) ;
#2728 = DIRECTION ( 'NONE',  ( 0.9848077530122083534, 0.1736481776669290544, 0.000000000000000000 ) ) ;
#2729 = DIRECTION ( 'NONE',  ( 0.06975647374411987622, -0.9975640502598246417, 0.000000000000000000 ) ) ;
#2730 = VERTEX_POINT ( 'NONE', #6970 ) ;
#2731 = CARTESIAN_POINT ( 'NONE',  ( -3.189885311307104843, 9.629649721936179265E-32, -0.5274999999999999689 ) ) ;
#2732 = CARTESIAN_POINT ( 'NONE',  ( 2.200000000000000178, 0.6975000000000000089, -1.827499999999999902 ) ) ;
#2733 = VERTEX_POINT ( 'NONE', #692 ) ;
#2734 = ORIENTED_EDGE ( 'NONE', *, *, #4871, .T. ) ;
#2735 = CARTESIAN_POINT ( 'NONE',  ( -2.742797124186769686, 0.2751789857617045199, 2.072500000000000231 ) ) ;
#2736 = CARTESIAN_POINT ( 'NONE',  ( -2.437831373677284752, 0.4228017965748430140, 1.177499999999999991 ) ) ;
#2737 = ORIENTED_EDGE ( 'NONE', *, *, #1073, .F. ) ;
#2738 = EDGE_CURVE ( 'NONE', #949, #2365, #2411, .T. ) ;
#2739 = EDGE_CURVE ( 'NONE', #7453, #2693, #1806, .T. ) ;
#2740 = LINE ( 'NONE', #5067, #4345 ) ;
#2741 = EDGE_CURVE ( 'NONE', #1868, #7226, #2991, .T. ) ;
#2742 = CARTESIAN_POINT ( 'NONE',  ( -2.200000000000000178, 0.6975000000000000089, -0.5274999999999999689 ) ) ;
#2743 = ORIENTED_EDGE ( 'NONE', *, *, #3238, .F. ) ;
#2744 = CARTESIAN_POINT ( 'NONE',  ( 2.100000000000000089, 0.6975000000000000089, -2.500000000000000000 ) ) ;
#2745 = DIRECTION ( 'NONE',  ( -0.1736481776669290544, 0.9848077530122083534, 0.000000000000000000 ) ) ;
#2746 = VERTEX_POINT ( 'NONE', #7043 ) ;
#2747 = CARTESIAN_POINT ( 'NONE',  ( 2.200000000000000178, 0.6975000000000000089, -2.072500000000000231 ) ) ;
#2748 = EDGE_LOOP ( 'NONE', ( #2710, #7079, #3364, #5240, #1434, #3817, #635, #6447, #7338, #5918, #1959, #1227 ) ) ;
#2749 = AXIS2_PLACEMENT_3D ( 'NONE', #3938, #2702, #4442 ) ;
#2750 = VERTEX_POINT ( 'NONE', #211 ) ;
#2751 = ADVANCED_FACE ( 'NONE', ( #5945 ), #4102, .F. ) ;
#2752 = DIRECTION ( 'NONE',  ( -0.1710878697460355147, -0.9702875252478139201, -0.1710878697460360143 ) ) ;
#2753 = LINE ( 'NONE', #2185, #1866 ) ;
#2754 = ORIENTED_EDGE ( 'NONE', *, *, #6273, .T. ) ;
#2755 = PLANE ( 'NONE',  #378 ) ;
#2756 = EDGE_CURVE ( 'NONE', #2668, #4704, #6471, .T. ) ;
#2757 = CARTESIAN_POINT ( 'NONE',  ( -2.200000000000000178, 0.5524999999999999911, -0.1224999999999999978 ) ) ;
#2758 = CIRCLE ( 'NONE', #1045, 0.2746982034251563842 ) ;
#2759 = EDGE_LOOP ( 'NONE', ( #936, #4081, #1805, #6623, #5015, #7437, #6147, #7007, #2754, #6633, #538, #3582 ) ) ;
#2760 = AXIS2_PLACEMENT_3D ( 'NONE', #6845, #1645, #3972 ) ;
#2761 = ORIENTED_EDGE ( 'NONE', *, *, #7484, .T. ) ;
#2762 = FACE_OUTER_BOUND ( 'NONE', #1778, .T. ) ;
#2763 = DIRECTION ( 'NONE',  ( 0.000000000000000000, 0.000000000000000000, -1.000000000000000000 ) ) ;
#2764 = FACE_OUTER_BOUND ( 'NONE', #6487, .T. ) ;
#2765 = FACE_OUTER_BOUND ( 'NONE', #31, .T. ) ;
#2766 = LINE ( 'NONE', #892, #3900 ) ;
#2767 = ORIENTED_EDGE ( 'NONE', *, *, #5782, .F. ) ;
#2768 = ADVANCED_FACE ( 'NONE', ( #3634 ), #5840, .F. ) ;
#2769 = DIRECTION ( 'NONE',  ( -1.000000000000000000, 2.279350608210075138E-15, 0.000000000000000000 ) ) ;
#2770 = DIRECTION ( 'NONE',  ( -1.000000000000000000, 0.000000000000000000, 0.000000000000000000 ) ) ;
#2771 = ORIENTED_EDGE ( 'NONE', *, *, #1167, .F. ) ;
#2772 = ORIENTED_EDGE ( 'NONE', *, *, #4539, .F. ) ;
#2773 = VECTOR ( 'NONE', #2745, 1000.000000000000114 ) ;
#2774 = DIRECTION ( 'NONE',  ( 0.000000000000000000, 0.000000000000000000, -1.000000000000000000 ) ) ;
#2775 = LINE ( 'NONE', #977, #2954 ) ;
#2776 = EDGE_LOOP ( 'NONE', ( #2631, #3537, #1540, #3555 ) ) ;
#2777 = DIRECTION ( 'NONE',  ( 0.000000000000000000, 0.000000000000000000, 1.000000000000000000 ) ) ;
#2778 = AXIS2_PLACEMENT_3D ( 'NONE', #4298, #5466, #247 ) ;
#2779 = CARTESIAN_POINT ( 'NONE',  ( 2.742797124186769686, 0.2751789857617050195, -1.827499999999999902 ) ) ;
#2780 = VERTEX_POINT ( 'NONE', #732 ) ;
#2781 = DIRECTION ( 'NONE',  ( 0.1710878697460360143, 0.9702875252478140311, -0.1710878697460355147 ) ) ;
#2782 = DIRECTION ( 'NONE',  ( -1.000000000000000000, 0.000000000000000000, 0.000000000000000000 ) ) ;
#2783 = VERTEX_POINT ( 'NONE', #1195 ) ;
#2784 = VECTOR ( 'NONE', #7319, 1000.000000000000000 ) ;
#2785 = EDGE_CURVE ( 'NONE', #2128, #5568, #1840, .T. ) ;
#2786 = ADVANCED_FACE ( 'NONE', ( #4787 ), #3523, .F. ) ;
#2787 = AXIS2_PLACEMENT_3D ( 'NONE', #689, #545, #85 ) ;
#2788 = VERTEX_POINT ( 'NONE', #4178 ) ;
#2789 = ORIENTED_EDGE ( 'NONE', *, *, #1331, .T. ) ;
#2790 = DIRECTION ( 'NONE',  ( 1.000000000000000000, 4.558701216420150868E-16, 0.000000000000000000 ) ) ;
#2791 = EDGE_LOOP ( 'NONE', ( #283, #2994, #3316, #710 ) ) ;
#2792 = AXIS2_PLACEMENT_3D ( 'NONE', #7277, #1597, #3924 ) ;
#2793 = CARTESIAN_POINT ( 'NONE',  ( 2.565559169962134956, 0.4453236532462965247, -1.177499999999999991 ) ) ;
#2794 = LINE ( 'NONE', #6971, #293 ) ;
#2795 = VECTOR ( 'NONE', #6366, 1000.000000000000000 ) ;
#2796 = CARTESIAN_POINT ( 'NONE',  ( -2.104401861300145171, 0.5862130623165889842, 2.404401861300144994 ) ) ;
#2797 = EDGE_CURVE ( 'NONE', #2595, #1357, #430, .T. ) ;
#2798 = EDGE_CURVE ( 'NONE', #3063, #4540, #1880, .T. ) ;
#2799 = AXIS2_PLACEMENT_3D ( 'NONE', #3110, #4294, #7161 ) ;
#2800 = CARTESIAN_POINT ( 'NONE',  ( -2.437831373677284752, 0.4228017965748430140, -0.1224999999999999978 ) ) ;
#2801 = CARTESIAN_POINT ( 'NONE',  ( 2.565559169962134956, 0.4453236532462965247, -0.7724999999999999645 ) ) ;
#2802 = DIRECTION ( 'NONE',  ( -1.000000000000000000, 0.000000000000000000, 0.000000000000000000 ) ) ;
#2803 = CARTESIAN_POINT ( 'NONE',  ( -2.565559169962134956, 0.4453236532462965247, -0.7724999999999999645 ) ) ;
#2804 = DIRECTION ( 'NONE',  ( 0.000000000000000000, 0.000000000000000000, -1.000000000000000000 ) ) ;
#2805 = VERTEX_POINT ( 'NONE', #176 ) ;
#2806 = ADVANCED_FACE ( 'NONE', ( #1234 ), #4253, .F. ) ;
#2807 = STYLED_ITEM ( 'NONE', ( #1466 ), #5723 ) ;
#2808 = EDGE_CURVE ( 'NONE', #7458, #3440, #1344, .T. ) ;
#2809 = CARTESIAN_POINT ( 'NONE',  ( 2.200000000000000178, 0.6975000000000000089, 1.422499999999999876 ) ) ;
#2810 = VERTEX_POINT ( 'NONE', #1274 ) ;
#2811 = CARTESIAN_POINT ( 'NONE',  ( -2.870524920471619890, 0.2977008424331585301, 1.177499999999999991 ) ) ;
#2812 = ORIENTED_EDGE ( 'NONE', *, *, #3254, .T. ) ;
#2813 = LINE ( 'NONE', #449, #4115 ) ;
#2814 = EDGE_CURVE ( 'NONE', #1989, #131, #6451, .T. ) ;
#2815 = VECTOR ( 'NONE', #409, 1000.000000000000000 ) ;
#2816 = DIRECTION ( 'NONE',  ( -0.9975640502598247528, -0.06975647374411829416, 0.000000000000000000 ) ) ;
#2817 = AXIS2_PLACEMENT_3D ( 'NONE', #6333, #2269, #1624 ) ;
#2818 = PLANE ( 'NONE',  #2875 ) ;
#2819 = CARTESIAN_POINT ( 'NONE',  ( -2.045118427147115003, 0.2326351822333074804, 2.443599202448334839 ) ) ;
#2820 = VECTOR ( 'NONE', #6308, 1000.000000000000114 ) ;
#2821 = DIRECTION ( 'NONE',  ( -1.000000000000000000, 0.000000000000000000, 0.000000000000000000 ) ) ;
#2822 = VECTOR ( 'NONE', #612, 1000.000000000000000 ) ;
#2823 = DIRECTION ( 'NONE',  ( 0.000000000000000000, -1.000000000000000000, 0.000000000000000000 ) ) ;
#2824 = CARTESIAN_POINT ( 'NONE',  ( -2.437831373677284752, 0.4228017965748430140, -0.7724999999999999645 ) ) ;
#2825 = AXIS2_PLACEMENT_3D ( 'NONE', #1852, #1960, #3645 ) ;
#2826 = AXIS2_PLACEMENT_3D ( 'NONE', #5702, #489, #4992 ) ;
#2827 = ORIENTED_EDGE ( 'NONE', *, *, #3010, .T. ) ;
#2828 = ORIENTED_EDGE ( 'NONE', *, *, #3882, .F. ) ;
#2829 = ORIENTED_EDGE ( 'NONE', *, *, #2155, .F. ) ;
#2830 = CARTESIAN_POINT ( 'NONE',  ( -2.143599202448335017, 0.2326351822333074804, -2.345118427147114826 ) ) ;
#2831 = DIRECTION ( 'NONE',  ( 0.000000000000000000, -0.1736481776669308308, -0.9848077530122080203 ) ) ;
#2832 = ORIENTED_EDGE ( 'NONE', *, *, #6060, .F. ) ;
#2833 = FACE_OUTER_BOUND ( 'NONE', #3835, .T. ) ;
#2834 = FILL_AREA_STYLE_COLOUR ( '', #4809 ) ;
#2835 = COLOUR_RGB ( '',0.7921568627450980005, 0.8196078431372548767, 0.9333333333333333481 ) ;
#2836 = VECTOR ( 'NONE', #6459, 1000.000000000000000 ) ;
#2837 = ORIENTED_EDGE ( 'NONE', *, *, #3125, .F. ) ;
#2838 = DIRECTION ( 'NONE',  ( -0.1710878697460360143, 0.9702875252478140311, 0.1710878697460355147 ) ) ;
#2839 = CYLINDRICAL_SURFACE ( 'NONE', #517, 0.1296982034251575044 ) ;
#2840 = CARTESIAN_POINT ( 'NONE',  ( 2.851362942456834748, 0.02367179002526179771, 2.072500000000000231 ) ) ;
#2841 = VECTOR ( 'NONE', #5207, 1000.000000000000000 ) ;
#2842 = AXIS2_PLACEMENT_3D ( 'NONE', #6608, #3219, #815 ) ;
#2843 = CARTESIAN_POINT ( 'NONE',  ( 2.101507855905375255, 0.5524355243686569494, 2.499988631206595091 ) ) ;
#2844 = PLANE ( 'NONE',  #4598 ) ;
#2845 = CARTESIAN_POINT ( 'NONE',  ( -2.870524920471619890, 0.2977008424331585301, 0.1224999999999999978 ) ) ;
#2846 = EDGE_CURVE ( 'NONE', #3827, #1419, #3104, .T. ) ;
#2847 = PLANE ( 'NONE',  #3649 ) ;
#2848 = EDGE_CURVE ( 'NONE', #7278, #5115, #3748, .T. ) ;
#2849 = ORIENTED_EDGE ( 'NONE', *, *, #3596, .T. ) ;
#2850 = VECTOR ( 'NONE', #7337, 1000.000000000000000 ) ;
#2851 = FACE_OUTER_BOUND ( 'NONE', #679, .T. ) ;
#2852 = LINE ( 'NONE', #1788, #1367 ) ;
#2853 = ORIENTED_EDGE ( 'NONE', *, *, #6341, .T. ) ;
#2854 = EDGE_CURVE ( 'NONE', #5556, #2693, #4658, .T. ) ;
#2855 = ADVANCED_FACE ( 'NONE', ( #1416 ), #6054, .F. ) ;
#2856 = DIRECTION ( 'NONE',  ( 0.06975647374411987622, -0.9975640502598246417, 0.000000000000000000 ) ) ;
#2857 = EDGE_CURVE ( 'NONE', #2805, #2693, #1964, .T. ) ;
#2858 = LINE ( 'NONE', #537, #2667 ) ;
#2859 = ORIENTED_EDGE ( 'NONE', *, *, #1596, .F. ) ;
#2860 = CARTESIAN_POINT ( 'NONE',  ( 2.200000000000000178, 0.5524999999999999911, 0.5274999999999999689 ) ) ;
#2861 = CARTESIAN_POINT ( 'NONE',  ( -2.437831373677284752, 0.6975000000000000089, 1.422499999999999876 ) ) ;
#2862 = DIRECTION ( 'NONE',  ( 0.000000000000000000, -1.000000000000000000, 0.000000000000000000 ) ) ;
#2863 = VERTEX_POINT ( 'NONE', #6662 ) ;
#2864 = ORIENTED_EDGE ( 'NONE', *, *, #5934, .T. ) ;
#2865 = ADVANCED_FACE ( 'NONE', ( #7190 ), #4925, .F. ) ;
#2866 = CARTESIAN_POINT ( 'NONE',  ( 2.045118427147115003, 1.017364817766692076, 2.443599202448334839 ) ) ;
#2867 = LINE ( 'NONE', #4495, #2237 ) ;
#2868 = ORIENTED_EDGE ( 'NONE', *, *, #6620, .T. ) ;
#2869 = VERTEX_POINT ( 'NONE', #6090 ) ;
#2870 = LINE ( 'NONE', #1734, #7181 ) ;
#2871 = LINE ( 'NONE', #7499, #5886 ) ;
#2872 = ORIENTED_EDGE ( 'NONE', *, *, #932, .T. ) ;
#2873 = CARTESIAN_POINT ( 'NONE',  ( 2.437831373677284752, 0.5524999999999999911, -1.422499999999999876 ) ) ;
#2874 = DIRECTION ( 'NONE',  ( -1.000000000000000000, 0.000000000000000000, 0.000000000000000000 ) ) ;
#2875 = AXIS2_PLACEMENT_3D ( 'NONE', #6812, #2256, #341 ) ;
#2876 = DIRECTION ( 'NONE',  ( 0.000000000000000000, 0.000000000000000000, -1.000000000000000000 ) ) ;
#2877 = CARTESIAN_POINT ( 'NONE',  ( 2.200000000000000178, 0.5524999999999999911, 1.422499999999999876 ) ) ;
#2878 = CARTESIAN_POINT ( 'NONE',  ( -2.200000000000000178, 0.5524999999999999911, -0.5274999999999999689 ) ) ;
#2879 = CARTESIAN_POINT ( 'NONE',  ( 2.199988631206595269, 0.6975644756313429395, 2.401507855905375077 ) ) ;
#2880 = VECTOR ( 'NONE', #6265, 1000.000000000000000 ) ;
#2881 = LINE ( 'NONE', #5774, #4547 ) ;
#2882 = AXIS2_PLACEMENT_3D ( 'NONE', #6776, #1091, #7447 ) ;
#2883 = CARTESIAN_POINT ( 'NONE',  ( -1.486702623836771986, 1.100000000000000089, -1.838720136967914920 ) ) ;
#2884 = VERTEX_POINT ( 'NONE', #6169 ) ;
#2885 = EDGE_CURVE ( 'NONE', #3165, #4132, #3113, .T. ) ;
#2886 = EDGE_CURVE ( 'NONE', #4510, #2446, #3782, .T. ) ;
#2887 = CARTESIAN_POINT ( 'NONE',  ( -2.200000000000000178, 0.6975000000000000089, -2.500000000000000000 ) ) ;
#2888 = CARTESIAN_POINT ( 'NONE',  ( -4.622877260815799511E-16, 0.2500000000000000000, -2.345118427147114826 ) ) ;
#2889 = VERTEX_POINT ( 'NONE', #2599 ) ;
#2890 = LINE ( 'NONE', #4646, #399 ) ;
#2891 = CARTESIAN_POINT ( 'NONE',  ( -2.199996210330392277, 0.6975214922843544496, -2.401005270604403385 ) ) ;
#2892 = EDGE_LOOP ( 'NONE', ( #737, #7002, #5785, #1996 ) ) ;
#2893 = EDGE_LOOP ( 'NONE', ( #4754, #5717 ) ) ;
#2894 = EDGE_CURVE ( 'NONE', #373, #4359, #3205, .T. ) ;
#2895 = ADVANCED_FACE ( 'NONE', ( #3280 ), #4358, .T. ) ;
#2896 = CARTESIAN_POINT ( 'NONE',  ( 2.045118427147115003, 1.000000000000000000, -2.345118427147114826 ) ) ;
#2897 = CARTESIAN_POINT ( 'NONE',  ( 2.200000000000000178, 0.5525000000000029887, -2.400502642445350610 ) ) ;
#2898 = LINE ( 'NONE', #3699, #7519 ) ;
#2899 = CARTESIAN_POINT ( 'NONE',  ( -2.200000000000000178, 0.5524999999999999911, 0.7724999999999999645 ) ) ;
#2900 = CARTESIAN_POINT ( 'NONE',  ( 2.437831373677284752, 0.4228017965748430140, -0.1224999999999999978 ) ) ;
#2901 = DIRECTION ( 'NONE',  ( 0.000000000000000000, 0.000000000000000000, 1.000000000000000000 ) ) ;
#2902 = ORIENTED_EDGE ( 'NONE', *, *, #1962, .T. ) ;
#2903 = ORIENTED_EDGE ( 'NONE', *, *, #6484, .F. ) ;
#2904 = VERTEX_POINT ( 'NONE', #240 ) ;
#2905 = DIRECTION ( 'NONE',  ( 1.000000000000000000, 0.000000000000000000, 0.000000000000000000 ) ) ;
#2906 = DIRECTION ( 'NONE',  ( 0.9975640502598247528, 0.06975647374411807211, 0.000000000000000000 ) ) ;
#2907 = ORIENTED_EDGE ( 'NONE', *, *, #5644, .F. ) ;
#2908 = CYLINDRICAL_SURFACE ( 'NONE', #4045, 0.2746982034251559401 ) ;
#2909 = CARTESIAN_POINT ( 'NONE',  ( -2.199988631206595269, 0.5524355243686569494, -2.401507855905375077 ) ) ;
#2910 = ORIENTED_EDGE ( 'NONE', *, *, #3264, .F. ) ;
#2911 = CYLINDRICAL_SURFACE ( 'NONE', #4799, 0.1000000000000001721 ) ;
#2912 = CLOSED_SHELL ( 'NONE', ( #793, #6692, #885, #7133, #2617, #114, #1402, #1057, #862, #7335, #3465, #204, #5233, #6761 ) ) ;
#2913 = CARTESIAN_POINT ( 'NONE',  ( -2.437831373677284752, 0.4228017965748430140, 1.422499999999999876 ) ) ;
#2914 = EDGE_CURVE ( 'NONE', #5292, #2332, #4398, .T. ) ;
#2915 = ORIENTED_EDGE ( 'NONE', *, *, #521, .T. ) ;
#2916 = AXIS2_PLACEMENT_3D ( 'NONE', #851, #6767, #3193 ) ;
#2917 = CARTESIAN_POINT ( 'NONE',  ( -2.200000000000000178, 0.6975000000000000089, -0.1224999999999999978 ) ) ;
#2918 = SURFACE_SIDE_STYLE ('',( #5129 ) ) ;
#2919 = AXIS2_PLACEMENT_3D ( 'NONE', #7080, #1382, #1877 ) ;
#2920 = CARTESIAN_POINT ( 'NONE',  ( 2.565559169962134956, 0.4453236532462965247, 2.072500000000000231 ) ) ;
#2921 = CYLINDRICAL_SURFACE ( 'NONE', #3932, 0.1296982034251579208 ) ;
#2922 = LINE ( 'NONE', #1323, #7201 ) ;
#2923 = LINE ( 'NONE', #3460, #472 ) ;
#2924 = LINE ( 'NONE', #1170, #4873 ) ;
#2925 = VECTOR ( 'NONE', #698, 1000.000000000000000 ) ;
#2926 = ORIENTED_EDGE ( 'NONE', *, *, #7375, .T. ) ;
#2927 = LINE ( 'NONE', #3346, #1480 ) ;
#2928 = CARTESIAN_POINT ( 'NONE',  ( 2.437831373677284752, 0.5524999999999999911, -1.177499999999999991 ) ) ;
#2929 = ORIENTED_EDGE ( 'NONE', *, *, #2548, .T. ) ;
#2930 = LINE ( 'NONE', #1215, #6955 ) ;
#2931 = FACE_OUTER_BOUND ( 'NONE', #5594, .T. ) ;
#2932 = VERTEX_POINT ( 'NONE', #1453 ) ;
#2933 = CARTESIAN_POINT ( 'NONE',  ( 2.200000000000000178, 0.6975000000000000089, 1.422499999999999876 ) ) ;
#2934 = CARTESIAN_POINT ( 'NONE',  ( -2.045118427147115003, 0.1499999999999999944, -2.429028390264839743 ) ) ;
#2935 = ORIENTED_EDGE ( 'NONE', *, *, #6921, .T. ) ;
#2936 = LINE ( 'NONE', #5275, #4051 ) ;
#2937 = EDGE_CURVE ( 'NONE', #1659, #6600, #5597, .T. ) ;
#2938 = LINE ( 'NONE', #4595, #160 ) ;
#2939 = VECTOR ( 'NONE', #2230, 1000.000000000000114 ) ;
#2940 = VERTEX_POINT ( 'NONE', #3826 ) ;
#2941 = EDGE_LOOP ( 'NONE', ( #6243, #582, #3020, #443 ) ) ;
#2942 = ORIENTED_EDGE ( 'NONE', *, *, #4812, .T. ) ;
#2943 = DIRECTION ( 'NONE',  ( 0.000000000000000000, 0.000000000000000000, -1.000000000000000000 ) ) ;
#2944 = VECTOR ( 'NONE', #4655, 1000.000000000000000 ) ;
#2945 = CARTESIAN_POINT ( 'NONE',  ( -2.200000000000000178, 0.6975000000000000089, 1.827499999999999902 ) ) ;
#2946 = ORIENTED_EDGE ( 'NONE', *, *, #5844, .T. ) ;
#2947 = DIRECTION ( 'NONE',  ( -1.000000000000000000, 0.000000000000000000, 0.000000000000000000 ) ) ;
#2948 = AXIS2_PLACEMENT_3D ( 'NONE', #7334, #5705, #5069 ) ;
#2949 = LINE ( 'NONE', #55, #1518 ) ;
#2950 = CIRCLE ( 'NONE', #2825, 0.2746982034251563842 ) ;
#2951 = EDGE_CURVE ( 'NONE', #6757, #2205, #3687, .T. ) ;
#2952 = ORIENTED_EDGE ( 'NONE', *, *, #1262, .F. ) ;
#2953 = PLANE ( 'NONE',  #760 ) ;
#2954 = VECTOR ( 'NONE', #3318, 1000.000000000000114 ) ;
#2955 = DIRECTION ( 'NONE',  ( 0.000000000000000000, 0.000000000000000000, -1.000000000000000000 ) ) ;
#2956 = CIRCLE ( 'NONE', #4422, 0.2746982034251567728 ) ;
#2957 = ORIENTED_EDGE ( 'NONE', *, *, #315, .F. ) ;
#2958 = ORIENTED_EDGE ( 'NONE', *, *, #3271, .F. ) ;
#2959 =( NAMED_UNIT ( * ) SI_UNIT ( $, .STERADIAN. ) SOLID_ANGLE_UNIT ( ) );
#2960 = ORIENTED_EDGE ( 'NONE', *, *, #5734, .F. ) ;
#2961 = DIRECTION ( 'NONE',  ( 0.000000000000000000, 0.000000000000000000, -1.000000000000000000 ) ) ;
#2962 = AXIS2_PLACEMENT_3D ( 'NONE', #3747, #3204, #304 ) ;
#2963 = ADVANCED_FACE ( 'NONE', ( #3137 ), #6022, .F. ) ;
#2964 =( LENGTH_UNIT ( ) NAMED_UNIT ( * ) SI_UNIT ( .MILLI., .METRE. ) );
#2965 = DIRECTION ( 'NONE',  ( 0.000000000000000000, 0.000000000000000000, -1.000000000000000000 ) ) ;
#2966 = LINE ( 'NONE', #1709, #1079 ) ;
#2967 = ORIENTED_EDGE ( 'NONE', *, *, #5666, .T. ) ;
#2968 = VECTOR ( 'NONE', #6152, 1000.000000000000000 ) ;
#2969 = CARTESIAN_POINT ( 'NONE',  ( 2.437831373677284752, 0.4228017965748430140, -2.072500000000000231 ) ) ;
#2970 = ORIENTED_EDGE ( 'NONE', *, *, #3092, .T. ) ;
#2971 = CIRCLE ( 'NONE', #408, 0.1000000000000000472 ) ;
#2972 = CARTESIAN_POINT ( 'NONE',  ( -2.200000000000000178, 0.5524999999999999911, 1.422499999999999876 ) ) ;
#2973 = PRESENTATION_LAYER_ASSIGNMENT (  '', '', ( #6244 ) ) ;
#2974 = ORIENTED_EDGE ( 'NONE', *, *, #714, .F. ) ;
#2975 = ORIENTED_EDGE ( 'NONE', *, *, #2559, .T. ) ;
#2976 = VECTOR ( 'NONE', #4374, 1000.000000000000000 ) ;
#2977 = LINE ( 'NONE', #5308, #5790 ) ;
#2978 = VERTEX_POINT ( 'NONE', #803 ) ;
#2979 = FACE_OUTER_BOUND ( 'NONE', #5452, .T. ) ;
#2980 = DIRECTION ( 'NONE',  ( 0.000000000000000000, 0.000000000000000000, -1.000000000000000000 ) ) ;
#2981 = ADVANCED_FACE ( 'NONE', ( #4996 ), #2100, .F. ) ;
#2982 = EDGE_CURVE ( 'NONE', #1175, #7067, #1537, .T. ) ;
#2983 = ORIENTED_EDGE ( 'NONE', *, *, #7111, .F. ) ;
#2984 = ORIENTED_EDGE ( 'NONE', *, *, #1498, .T. ) ;
#2985 = ADVANCED_FACE ( 'NONE', ( #3473 ), #3322, .F. ) ;
#2986 = ORIENTED_EDGE ( 'NONE', *, *, #3379, .T. ) ;
#2987 = ORIENTED_EDGE ( 'NONE', *, *, #6324, .T. ) ;
#2988 = DIRECTION ( 'NONE',  ( 0.1736481776669290544, 0.9848077530122083534, 0.000000000000000000 ) ) ;
#2989 = DIRECTION ( 'NONE',  ( -0.1710878697460355147, -0.9702875252478140311, 0.1710878697460355147 ) ) ;
#2990 = ORIENTED_EDGE ( 'NONE', *, *, #5856, .T. ) ;
#2991 = LINE ( 'NONE', #4218, #2582 ) ;
#2992 = ORIENTED_EDGE ( 'NONE', *, *, #2848, .T. ) ;
#2993 = CARTESIAN_POINT ( 'NONE',  ( -2.200000000000000178, 0.6975000000000000089, -1.422499999999999876 ) ) ;
#2994 = ORIENTED_EDGE ( 'NONE', *, *, #2886, .T. ) ;
#2995 = CARTESIAN_POINT ( 'NONE',  ( -2.200000000000000178, 0.6975000000000000089, -1.177499999999999991 ) ) ;
#2996 = VERTEX_POINT ( 'NONE', #2819 ) ;
#2997 = EDGE_CURVE ( 'NONE', #602, #1876, #5105, .T. ) ;
#2998 = EDGE_CURVE ( 'NONE', #1189, #2566, #5504, .T. ) ;
#2999 = SURFACE_STYLE_FILL_AREA ( #1202 ) ;
#3000 = ORIENTED_EDGE ( 'NONE', *, *, #4114, .T. ) ;
#3001 = DIRECTION ( 'NONE',  ( -1.000000000000000000, 2.279350608210070011E-15, 0.000000000000000000 ) ) ;
#3002 = CARTESIAN_POINT ( 'NONE',  ( 2.200000000000000178, 0.5524999999999999911, -0.7724999999999999645 ) ) ;
#3003 = CYLINDRICAL_SURFACE ( 'NONE', #7259, 0.1296982034251575044 ) ;
#3004 = AXIS2_PLACEMENT_3D ( 'NONE', #7030, #1828, #5339 ) ;
#3005 = DIRECTION ( 'NONE',  ( -1.000000000000000000, 0.000000000000000000, 0.000000000000000000 ) ) ;
#3006 = CARTESIAN_POINT ( 'NONE',  ( -2.742797124186769686, 0.2751789857617045199, 0.5274999999999999689 ) ) ;
#3007 = CARTESIAN_POINT ( 'NONE',  ( 2.437831373677284752, 0.4228017965748430140, 1.177499999999999991 ) ) ;
#3008 = DIRECTION ( 'NONE',  ( -1.000000000000000000, 0.000000000000000000, 0.000000000000000000 ) ) ;
#3009 = ORIENTED_EDGE ( 'NONE', *, *, #7111, .T. ) ;
#3010 = EDGE_CURVE ( 'NONE', #2996, #2415, #7411, .T. ) ;
#3011 = FILL_AREA_STYLE ('',( #4621 ) ) ;
#3012 = DIRECTION ( 'NONE',  ( -0.9975640502598247528, -0.06975647374411829416, 0.000000000000000000 ) ) ;
#3013 = PLANE ( 'NONE',  #4664 ) ;
#3014 = FACE_OUTER_BOUND ( 'NONE', #5815, .T. ) ;
#3015 = EDGE_LOOP ( 'NONE', ( #4850, #3635, #4227, #28, #4254, #663, #5691, #1066, #5896, #1544, #5259, #5949 ) ) ;
#3016 = ORIENTED_EDGE ( 'NONE', *, *, #5231, .F. ) ;
#3017 = CARTESIAN_POINT ( 'NONE',  ( -2.861477631149734968, 0.1683185773129349805, 0.1224999999999999978 ) ) ;
#3018 = PRODUCT ( 'MAX5484EUD+', 'MAX5484EUD+', '', ( #4373 ) ) ;
#3019 = CARTESIAN_POINT ( 'NONE',  ( -2.200000000000000178, 0.6975000000000000089, -2.072500000000000231 ) ) ;
#3020 = ORIENTED_EDGE ( 'NONE', *, *, #2045, .F. ) ;
#3021 = CARTESIAN_POINT ( 'NONE',  ( 2.129028390264844806, 0.1499999999999999944, -2.345118427147114826 ) ) ;
#3022 = AXIS2_PLACEMENT_3D ( 'NONE', #6095, #309, #2633 ) ;
#3023 = ORIENTED_EDGE ( 'NONE', *, *, #604, .T. ) ;
#3024 = LINE ( 'NONE', #5350, #4451 ) ;
#3025 = EDGE_CURVE ( 'NONE', #5946, #1794, #4049, .T. ) ;
#3026 = ORIENTED_EDGE ( 'NONE', *, *, #4937, .F. ) ;
#3027 = CARTESIAN_POINT ( 'NONE',  ( 2.200000000000000178, 0.6975000000000000089, 0.7724999999999999645 ) ) ;
#3028 = EDGE_CURVE ( 'NONE', #2475, #201, #3976, .T. ) ;
#3029 = ORIENTED_EDGE ( 'NONE', *, *, #2687, .T. ) ;
#3030 = CARTESIAN_POINT ( 'NONE',  ( 2.851362942456834748, 0.02367179002526179771, 0.7724999999999999645 ) ) ;
#3031 = ORIENTED_EDGE ( 'NONE', *, *, #2483, .F. ) ;
#3032 = VECTOR ( 'NONE', #7141, 1000.000000000000000 ) ;
#3033 = LINE ( 'NONE', #2498, #5286 ) ;
#3034 = CARTESIAN_POINT ( 'NONE',  ( 3.200000000000000178, 0.1446467872876731897, 1.422499999999999876 ) ) ;
#3035 = DIRECTION ( 'NONE',  ( -1.000000000000000000, 0.000000000000000000, 0.000000000000000000 ) ) ;
#3036 = DIRECTION ( 'NONE',  ( 0.000000000000000000, 0.000000000000000000, -1.000000000000000000 ) ) ;
#3037 = VECTOR ( 'NONE', #4335, 999.9999999999998863 ) ;
#3038 = ADVANCED_FACE ( 'NONE', ( #3354 ), #6883, .F. ) ;
#3039 = DIRECTION ( 'NONE',  ( 0.000000000000000000, 0.000000000000000000, -1.000000000000000000 ) ) ;
#3040 = EDGE_CURVE ( 'NONE', #386, #4248, #3939, .T. ) ;
#3041 = VECTOR ( 'NONE', #6802, 1000.000000000000000 ) ;
#3042 = ORIENTED_EDGE ( 'NONE', *, *, #4718, .T. ) ;
#3043 = DIRECTION ( 'NONE',  ( 0.000000000000000000, -1.000000000000000000, 0.000000000000000000 ) ) ;
#3044 = DIRECTION ( 'NONE',  ( 1.000000000000000000, 0.000000000000000000, 0.000000000000000000 ) ) ;
#3045 = CARTESIAN_POINT ( 'NONE',  ( -2.708356294148904997, 0.4705026390080009890, -2.072500000000000231 ) ) ;
#3046 = AXIS2_PLACEMENT_3D ( 'NONE', #6814, #4623, #4592 ) ;
#3047 = DIRECTION ( 'NONE',  ( 1.000000000000000000, 4.558701216420150868E-16, 0.000000000000000000 ) ) ;
#3048 = VECTOR ( 'NONE', #808, 1000.000000000000000 ) ;
#3049 = ORIENTED_EDGE ( 'NONE', *, *, #3821, .T. ) ;
#3050 = EDGE_CURVE ( 'NONE', #4170, #1413, #3905, .T. ) ;
#3051 = ORIENTED_EDGE ( 'NONE', *, *, #4161, .F. ) ;
#3052 = LINE ( 'NONE', #4815, #5878 ) ;
#3053 = DIRECTION ( 'NONE',  ( 1.000000000000000000, 4.558701216420150868E-16, 0.000000000000000000 ) ) ;
#3054 = EDGE_CURVE ( 'NONE', #1881, #4619, #7488, .T. ) ;
#3055 = DIRECTION ( 'NONE',  ( -0.9975640502598246417, 0.06975647374411907131, 0.000000000000000000 ) ) ;
#3056 = CARTESIAN_POINT ( 'NONE',  ( -2.101507855905375255, 0.5524355243686569494, 2.499988631206595091 ) ) ;
#3057 = EDGE_LOOP ( 'NONE', ( #6875, #6205, #2573, #5534 ) ) ;
#3058 = DIRECTION ( 'NONE',  ( 0.9975640502598247528, -0.06975647374411807211, 0.000000000000000000 ) ) ;
#3059 =( BOUNDED_CURVE ( )  B_SPLINE_CURVE ( 3, ( #4207, #3428, #4662, #4622 ),
 .UNSPECIFIED., .F., .F. ) 
 B_SPLINE_CURVE_WITH_KNOTS ( ( 4, 4 ),
 ( 5.512866274278620082, 7.053504340080559487 ),
 .UNSPECIFIED. ) 
 CURVE ( )  GEOMETRIC_REPRESENTATION_ITEM ( )  RATIONAL_B_SPLINE_CURVE ( ( 1.000000000000000000, 0.8117923620232490034, 0.8117923620232490034, 1.000000000000000000 ) ) 
 REPRESENTATION_ITEM ( '' )  );
#3060 = DIRECTION ( 'NONE',  ( -1.000000000000000000, 0.000000000000000000, 0.000000000000000000 ) ) ;
#3061 = ORIENTED_EDGE ( 'NONE', *, *, #836, .T. ) ;
#3062 = CARTESIAN_POINT ( 'NONE',  ( 2.100000000000000089, 0.5524999999999999911, -2.500000000000000000 ) ) ;
#3063 = VERTEX_POINT ( 'NONE', #6922 ) ;
#3064 = EDGE_LOOP ( 'NONE', ( #310, #1070, #1140, #7466 ) ) ;
#3065 = DIRECTION ( 'NONE',  ( -1.000000000000000000, 0.000000000000000000, 0.000000000000000000 ) ) ;
#3066 = AXIS2_PLACEMENT_3D ( 'NONE', #6862, #6934, #4027 ) ;
#3067 = CARTESIAN_POINT ( 'NONE',  ( 2.200000000000000178, 0.6975000000000000089, -2.500000000000000000 ) ) ;
#3068 = ORIENTED_EDGE ( 'NONE', *, *, #7450, .F. ) ;
#3069 = VECTOR ( 'NONE', #6120, 1000.000000000000000 ) ;
#3070 = ORIENTED_EDGE ( 'NONE', *, *, #3921, .T. ) ;
#3071 = PLANE ( 'NONE',  #237 ) ;
#3072 = PLANE ( 'NONE',  #1132 ) ;
#3073 = AXIS2_PLACEMENT_3D ( 'NONE', #4968, #397, #2033 ) ;
#3074 = FACE_OUTER_BOUND ( 'NONE', #3312, .T. ) ;
#3075 = CYLINDRICAL_SURFACE ( 'NONE', #6718, 0.1296982034251575044 ) ;
#3076 = COLOUR_RGB ( '',0.2509803921568627416, 0.2509803921568627416, 0.2509803921568627416 ) ;
#3077 = AXIS2_PLACEMENT_3D ( 'NONE', #1263, #3587, #5901 ) ;
#3078 = FACE_OUTER_BOUND ( 'NONE', #588, .T. ) ;
#3079 = UNCERTAINTY_MEASURE_WITH_UNIT (LENGTH_MEASURE( 1.000000000000000082E-05 ), #694, 'distance_accuracy_value', 'NONE');
#3080 = AXIS2_PLACEMENT_3D ( 'NONE', #2840, #7468, #2723 ) ;
#3081 = PRESENTATION_STYLE_ASSIGNMENT (( #1930 ) ) ;
#3082 = ADVANCED_FACE ( 'NONE', ( #5036 ), #6319, .F. ) ;
#3083 = CARTESIAN_POINT ( 'NONE',  ( -2.100000000000000089, 0.5524999999999999911, -2.500000000000000000 ) ) ;
#3084 = EDGE_CURVE ( 'NONE', #2932, #7265, #1720, .T. ) ;
#3085 = CARTESIAN_POINT ( 'NONE',  ( 2.045118427147115003, 1.000000000000000000, -2.345118427147114826 ) ) ;
#3086 = DIRECTION ( 'NONE',  ( 0.000000000000000000, 0.000000000000000000, -1.000000000000000000 ) ) ;
#3087 = AXIS2_PLACEMENT_3D ( 'NONE', #3994, #6829, #6384 ) ;
#3088 = COLOUR_RGB ( '',0.7921568627450980005, 0.8196078431372548767, 0.9333333333333333481 ) ;
#3089 = ORIENTED_EDGE ( 'NONE', *, *, #5039, .T. ) ;
#3090 = PRESENTATION_LAYER_ASSIGNMENT (  '', '', ( #880 ) ) ;
#3091 = EDGE_CURVE ( 'NONE', #3107, #1643, #2137, .T. ) ;
#3092 = EDGE_CURVE ( 'NONE', #4603, #6751, #2858, .T. ) ;
#3093 = DIRECTION ( 'NONE',  ( 0.1736481776669290544, 0.9848077530122083534, 0.000000000000000000 ) ) ;
#3094 = CARTESIAN_POINT ( 'NONE',  ( -2.199988631206595269, 0.5524355243686569494, -2.401507855905375077 ) ) ;
#3095 = DIRECTION ( 'NONE',  ( 0.000000000000000000, 0.000000000000000000, -1.000000000000000000 ) ) ;
#3096 = AXIS2_PLACEMENT_3D ( 'NONE', #6782, #805, #3139 ) ;
#3097 = EDGE_CURVE ( 'NONE', #4160, #2595, #453, .T. ) ;
#3098 = ORIENTED_EDGE ( 'NONE', *, *, #3586, .F. ) ;
#3099 = CARTESIAN_POINT ( 'NONE',  ( 2.437831373677284752, 0.5524999999999999911, -1.827499999999999902 ) ) ;
#3100 = ORIENTED_EDGE ( 'NONE', *, *, #1925, .F. ) ;
#3101 = CARTESIAN_POINT ( 'NONE',  ( 2.200000000000000178, 0.6975000000000000089, -2.399999999999999911 ) ) ;
#3102 = DIRECTION ( 'NONE',  ( 0.000000000000000000, 0.000000000000000000, -1.000000000000000000 ) ) ;
#3103 = VERTEX_POINT ( 'NONE', #6209 ) ;
#3104 = LINE ( 'NONE', #5422, #1725 ) ;
#3105 = EDGE_LOOP ( 'NONE', ( #3197, #2244, #4262, #2263 ) ) ;
#3106 =( NAMED_UNIT ( * ) PLANE_ANGLE_UNIT ( ) SI_UNIT ( $, .RADIAN. ) );
#3107 = VERTEX_POINT ( 'NONE', #421 ) ;
#3108 = CARTESIAN_POINT ( 'NONE',  ( 2.708356294148904997, 0.4705026390080009890, -1.422499999999999876 ) ) ;
#3109 = VERTEX_POINT ( 'NONE', #1020 ) ;
#3110 = CARTESIAN_POINT ( 'NONE',  ( -2.437831373677284752, 0.4228017965748430140, 1.422499999999999876 ) ) ;
#3111 = ADVANCED_FACE ( 'NONE', ( #981 ), #6280, .F. ) ;
#3112 = ORIENTED_EDGE ( 'NONE', *, *, #3823, .F. ) ;
#3113 =( BOUNDED_CURVE ( )  B_SPLINE_CURVE ( 3, ( #4957, #865, #7220, #5528 ),
 .UNSPECIFIED., .F., .T. ) 
 B_SPLINE_CURVE_WITH_KNOTS ( ( 4, 4 ),
 ( 2.371273620688825190, 3.911911686490759710 ),
 .UNSPECIFIED. ) 
 CURVE ( )  GEOMETRIC_REPRESENTATION_ITEM ( )  RATIONAL_B_SPLINE_CURVE ( ( 1.000000000000000000, 0.8117923620232510018, 0.8117923620232510018, 1.000000000000000000 ) ) 
 REPRESENTATION_ITEM ( '' )  );
#3114 = ORIENTED_EDGE ( 'NONE', *, *, #4500, .T. ) ;
#3115 = PLANE ( 'NONE',  #6435 ) ;
#3116 = ORIENTED_EDGE ( 'NONE', *, *, #6060, .T. ) ;
#3117 = DIRECTION ( 'NONE',  ( 0.000000000000000000, 0.000000000000000000, -1.000000000000000000 ) ) ;
#3118 = DIRECTION ( 'NONE',  ( 0.000000000000000000, 0.000000000000000000, -1.000000000000000000 ) ) ;
#3119 = DIRECTION ( 'NONE',  ( -1.000000000000000000, 0.000000000000000000, 1.971276677246369793E-16 ) ) ;
#3120 = CARTESIAN_POINT ( 'NONE',  ( 2.202882636601364741, 0.5688482445498960205, -2.404401861300144994 ) ) ;
#3121 = CARTESIAN_POINT ( 'NONE',  ( -2.708356294148904997, 0.4705026390080009890, 1.177499999999999991 ) ) ;
#3122 = CARTESIAN_POINT ( 'NONE',  ( 2.045118427147115003, 1.000000000000000000, -2.345118427147114826 ) ) ;
#3123 = CARTESIAN_POINT ( 'NONE',  ( -2.742797124186769686, 0.2751789857617045199, -2.072500000000000231 ) ) ;
#3124 = DIRECTION ( 'NONE',  ( -0.9975640502598247528, -0.06975647374411829416, 0.000000000000000000 ) ) ;
#3125 = EDGE_CURVE ( 'NONE', #2863, #3239, #1058, .T. ) ;
#3126 = EDGE_CURVE ( 'NONE', #2940, #7226, #6195, .T. ) ;
#3127 = ORIENTED_EDGE ( 'NONE', *, *, #5359, .F. ) ;
#3128 = AXIS2_PLACEMENT_3D ( 'NONE', #6779, #1019, #1574 ) ;
#3129 = CYLINDRICAL_SURFACE ( 'NONE', #4313, 0.1296982034251579208 ) ;
#3130 = VECTOR ( 'NONE', #904, 1000.000000000000000 ) ;
#3131 = DIRECTION ( 'NONE',  ( 0.000000000000000000, 0.000000000000000000, -1.000000000000000000 ) ) ;
#3132 = VECTOR ( 'NONE', #2856, 1000.000000000000000 ) ;
#3133 = EDGE_CURVE ( 'NONE', #5604, #5058, #2005, .T. ) ;
#3134 = EDGE_CURVE ( 'NONE', #5562, #4101, #154, .T. ) ;
#3135 = EDGE_LOOP ( 'NONE', ( #5312, #4361, #6214 ) ) ;
#3136 = DIRECTION ( 'NONE',  ( 4.558701216420150868E-16, 1.000000000000000000, 0.000000000000000000 ) ) ;
#3137 = FACE_OUTER_BOUND ( 'NONE', #6673, .T. ) ;
#3138 = ORIENTED_EDGE ( 'NONE', *, *, #613, .F. ) ;
#3139 = DIRECTION ( 'NONE',  ( -4.336808689942025625E-15, 0.000000000000000000, 1.000000000000000000 ) ) ;
#3140 = ORIENTED_EDGE ( 'NONE', *, *, #6579, .T. ) ;
#3141 = DIRECTION ( 'NONE',  ( 0.000000000000000000, 0.000000000000000000, 1.000000000000000000 ) ) ;
#3142 = EDGE_CURVE ( 'NONE', #2780, #2062, #7271, .T. ) ;
#3143 = ORIENTED_EDGE ( 'NONE', *, *, #7346, .T. ) ;
#3144 = DIRECTION ( 'NONE',  ( 0.000000000000000000, 0.000000000000000000, -1.000000000000000000 ) ) ;
#3145 = ORIENTED_EDGE ( 'NONE', *, *, #1448, .T. ) ;
#3146 = CARTESIAN_POINT ( 'NONE',  ( 2.708356294148904997, 0.4705026390080009890, -1.422499999999999876 ) ) ;
#3147 = CARTESIAN_POINT ( 'NONE',  ( 2.199988631206595269, 0.5524355243686569494, 2.401507855905375077 ) ) ;
#3148 = ORIENTED_EDGE ( 'NONE', *, *, #4581, .T. ) ;
#3149 = FACE_OUTER_BOUND ( 'NONE', #6065, .T. ) ;
#3150 = DIRECTION ( 'NONE',  ( -1.000000000000000000, 2.279350608210070011E-15, 0.000000000000000000 ) ) ;
#3151 = EDGE_CURVE ( 'NONE', #6427, #1952, #4342, .T. ) ;
#3152 = CARTESIAN_POINT ( 'NONE',  ( 2.437831373677284752, 0.4228017965748430140, 0.5274999999999999689 ) ) ;
#3153 = CARTESIAN_POINT ( 'NONE',  ( 2.708356294148904997, 0.4705026390080009890, 1.422499999999999876 ) ) ;
#3154 = CLOSED_SHELL ( 'NONE', ( #5185, #6933, #2751, #1664, #6119, #3461, #1103, #6015, #824, #6141, #6420, #4588, #1963, #5549 ) ) ;
#3155 = LINE ( 'NONE', #257, #3189 ) ;
#3156 = DIRECTION ( 'NONE',  ( -0.1736481776669290544, 0.9848077530122083534, 0.000000000000000000 ) ) ;
#3157 = CARTESIAN_POINT ( 'NONE',  ( -2.861477631149734968, 0.1683185773129349805, -0.5274999999999999689 ) ) ;
#3158 = AXIS2_PLACEMENT_3D ( 'NONE', #431, #5077, #2184 ) ;
#3159 = VERTEX_POINT ( 'NONE', #2471 ) ;
#3160 = LINE ( 'NONE', #5480, #7183 ) ;
#3161 = LINE ( 'NONE', #1444, #290 ) ;
#3162 = VECTOR ( 'NONE', #5394, 1000.000000000000000 ) ;
#3163 = CARTESIAN_POINT ( 'NONE',  ( -2.861477631149734968, 0.1683185773129349805, -0.5274999999999999689 ) ) ;
#3164 = ORIENTED_EDGE ( 'NONE', *, *, #7019, .F. ) ;
#3165 = VERTEX_POINT ( 'NONE', #788 ) ;
#3166 = ADVANCED_FACE ( 'NONE', ( #819 ), #3732, .T. ) ;
#3167 = EDGE_CURVE ( 'NONE', #1307, #6553, #6544, .T. ) ;
#3168 = DIRECTION ( 'NONE',  ( 1.000000000000000000, 0.000000000000000000, 0.000000000000000000 ) ) ;
#3169 = DIRECTION ( 'NONE',  ( 4.558701216420150868E-16, 1.000000000000000000, 0.000000000000000000 ) ) ;
#3170 = EDGE_CURVE ( 'NONE', #2730, #6369, #1859, .T. ) ;
#3171 = ORIENTED_EDGE ( 'NONE', *, *, #1088, .T. ) ;
#3172 = CARTESIAN_POINT ( 'NONE',  ( 2.200000000000000178, 0.6975000000000000089, 0.5274999999999999689 ) ) ;
#3173 = EDGE_LOOP ( 'NONE', ( #1771, #6121, #306, #3281 ) ) ;
#3174 = CARTESIAN_POINT ( 'NONE',  ( -2.437831373677284752, 0.4228017965748430140, -1.827499999999999902 ) ) ;
#3175 = ORIENTED_EDGE ( 'NONE', *, *, #5448, .T. ) ;
#3176 = DIRECTION ( 'NONE',  ( -1.000000000000000000, 0.000000000000000000, 0.000000000000000000 ) ) ;
#3177 = VECTOR ( 'NONE', #3767, 1000.000000000000000 ) ;
#3178 = VERTEX_POINT ( 'NONE', #7523 ) ;
#3179 = ORIENTED_EDGE ( 'NONE', *, *, #5621, .T. ) ;
#3180 = CARTESIAN_POINT ( 'NONE',  ( -3.200000000000000178, 0.1446467872876731897, 2.072500000000000231 ) ) ;
#3181 = ORIENTED_EDGE ( 'NONE', *, *, #7138, .T. ) ;
#3182 = APPLICATION_PROTOCOL_DEFINITION ( 'draft international standard', 'automotive_design', 1998, #5203 ) ;
#3183 = LINE ( 'NONE', #356, #6589 ) ;
#3184 = EDGE_CURVE ( 'NONE', #1922, #4068, #4985, .T. ) ;
#3185 = DIRECTION ( 'NONE',  ( 0.000000000000000000, -1.000000000000000000, 0.000000000000000000 ) ) ;
#3186 = AXIS2_PLACEMENT_3D ( 'NONE', #3880, #2641, #6182 ) ;
#3187 = EDGE_CURVE ( 'NONE', #3636, #2730, #5586, .T. ) ;
#3188 = VERTEX_POINT ( 'NONE', #712 ) ;
#3189 = VECTOR ( 'NONE', #6038, 1000.000000000000000 ) ;
#3190 = CARTESIAN_POINT ( 'NONE',  ( 2.200000000000000178, 0.5524999999999999911, 0.1224999999999999978 ) ) ;
#3191 = DIRECTION ( 'NONE',  ( 0.000000000000000000, 0.000000000000000000, -1.000000000000000000 ) ) ;
#3192 = CIRCLE ( 'NONE', #2086, 0.1296982034251575044 ) ;
#3193 = DIRECTION ( 'NONE',  ( -0.1736481776669305255, 0.9848077530122081313, 0.000000000000000000 ) ) ;
#3194 = AXIS2_PLACEMENT_3D ( 'NONE', #2900, #5756, #5109 ) ;
#3195 = CARTESIAN_POINT ( 'NONE',  ( 2.600000000000000089, 0.2500000000000000000, -1.177499999999999991 ) ) ;
#3196 = AXIS2_PLACEMENT_3D ( 'NONE', #6648, #7239, #7355 ) ;
#3197 = ORIENTED_EDGE ( 'NONE', *, *, #2808, .T. ) ;
#3198 = CARTESIAN_POINT ( 'NONE',  ( -2.437831373677284752, 0.6975000000000000089, -1.827499999999999902 ) ) ;
#3199 = CARTESIAN_POINT ( 'NONE',  ( -2.437831373677284752, 0.5524999999999999911, 1.422499999999999876 ) ) ;
#3200 = COLOUR_RGB ( '',0.7921568627450980005, 0.8196078431372548767, 0.9333333333333333481 ) ;
#3201 = CARTESIAN_POINT ( 'NONE',  ( -2.870524920471619890, 0.2977008424331585301, 2.072500000000000231 ) ) ;
#3202 = MECHANICAL_DESIGN_GEOMETRIC_PRESENTATION_REPRESENTATION (  '', ( #6003 ), #179 ) ;
#3203 = LINE ( 'NONE', #5982, #3739 ) ;
#3204 = DIRECTION ( 'NONE',  ( 0.06975647374411828028, -0.9975640502598247528, 0.000000000000000000 ) ) ;
#3205 = LINE ( 'NONE', #6632, #387 ) ;
#3206 = ORIENTED_EDGE ( 'NONE', *, *, #2103, .T. ) ;
#3207 = CARTESIAN_POINT ( 'NONE',  ( -2.437831373677284752, 0.6975000000000000089, 2.072500000000000231 ) ) ;
#3208 = EDGE_LOOP ( 'NONE', ( #6744, #157, #3265, #5374 ) ) ;
#3209 = LINE ( 'NONE', #1457, #6299 ) ;
#3210 = ORIENTED_EDGE ( 'NONE', *, *, #4135, .T. ) ;
#3211 = EDGE_CURVE ( 'NONE', #5266, #5026, #7102, .T. ) ;
#3212 = VECTOR ( 'NONE', #1455, 1000.000000000000000 ) ;
#3213 = EDGE_CURVE ( 'NONE', #806, #6332, #2898, .T. ) ;
#3214 = CARTESIAN_POINT ( 'NONE',  ( 2.600000000000000089, 0.2500000000000000000, 0.5274999999999999689 ) ) ;
#3215 = EDGE_CURVE ( 'NONE', #3633, #6680, #4239, .T. ) ;
#3216 = ORIENTED_EDGE ( 'NONE', *, *, #1955, .T. ) ;
#3217 = EDGE_LOOP ( 'NONE', ( #3374, #2903, #5110, #5250 ) ) ;
#3218 = DIRECTION ( 'NONE',  ( 0.9975640502598246417, 0.06975647374411987622, 0.000000000000000000 ) ) ;
#3219 = DIRECTION ( 'NONE',  ( 0.000000000000000000, 0.000000000000000000, -1.000000000000000000 ) ) ;
#3220 = ORIENTED_EDGE ( 'NONE', *, *, #6691, .T. ) ;
#3221 = AXIS2_PLACEMENT_3D ( 'NONE', #6334, #1034, #467 ) ;
#3222 = CARTESIAN_POINT ( 'NONE',  ( -2.437831373677284752, 0.4228017965748430140, 0.1224999999999999978 ) ) ;
#3223 = CARTESIAN_POINT ( 'NONE',  ( -3.200000000000000178, 0.1446467872876731897, 0.1224999999999999978 ) ) ;
#3224 = ADVANCED_FACE ( 'NONE', ( #6649 ), #3656, .F. ) ;
#3225 = EDGE_CURVE ( 'NONE', #3159, #5979, #748, .T. ) ;
#3226 = LINE ( 'NONE', #322, #5751 ) ;
#3227 = DIRECTION ( 'NONE',  ( 0.000000000000000000, 0.000000000000000000, -1.000000000000000000 ) ) ;
#3228 = CARTESIAN_POINT ( 'NONE',  ( 2.200000000000000178, 0.6975000000000000089, -1.422499999999999876 ) ) ;
#3229 = DIRECTION ( 'NONE',  ( 0.1710878697460355147, 0.9702875252478139201, 0.1710878697460360143 ) ) ;
#3230 = DIRECTION ( 'NONE',  ( -0.9975640502598246417, 0.06975647374411987622, 0.000000000000000000 ) ) ;
#3231 = CARTESIAN_POINT ( 'NONE',  ( 2.742797124186769686, 0.2751789857617050195, 2.072500000000000231 ) ) ;
#3232 = VERTEX_POINT ( 'NONE', #7140 ) ;
#3233 = FACE_OUTER_BOUND ( 'NONE', #6421, .T. ) ;
#3234 = DIRECTION ( 'NONE',  ( 0.000000000000000000, 0.000000000000000000, -1.000000000000000000 ) ) ;
#3235 = ORIENTED_EDGE ( 'NONE', *, *, #95, .F. ) ;
#3236 = VERTEX_POINT ( 'NONE', #1404 ) ;
#3237 = CARTESIAN_POINT ( 'NONE',  ( 2.851362942456834748, 0.02367179002526179771, 0.1224999999999999978 ) ) ;
#3238 = EDGE_CURVE ( 'NONE', #6680, #5343, #5476, .T. ) ;
#3239 = VERTEX_POINT ( 'NONE', #3123 ) ;
#3240 = LINE ( 'NONE', #6277, #6357 ) ;
#3241 = VERTEX_POINT ( 'NONE', #2550 ) ;
#3242 = CIRCLE ( 'NONE', #3128, 0.09999999999999999167 ) ;
#3243 = DIRECTION ( 'NONE',  ( 0.000000000000000000, 0.1736481776669305532, -0.9848077530122080203 ) ) ;
#3244 = VECTOR ( 'NONE', #4125, 1000.000000000000000 ) ;
#3245 = DIRECTION ( 'NONE',  ( 1.000000000000000000, 0.000000000000000000, 0.000000000000000000 ) ) ;
#3246 = ORIENTED_EDGE ( 'NONE', *, *, #5404, .T. ) ;
#3247 = CARTESIAN_POINT ( 'NONE',  ( -3.200000000000000178, 0.1446467872876731897, 1.177499999999999991 ) ) ;
#3248 = ORIENTED_EDGE ( 'NONE', *, *, #2854, .F. ) ;
#3249 = DIRECTION ( 'NONE',  ( 0.000000000000000000, 0.000000000000000000, 1.000000000000000000 ) ) ;
#3250 = ORIENTED_EDGE ( 'NONE', *, *, #6769, .F. ) ;
#3251 = CARTESIAN_POINT ( 'NONE',  ( -2.708356294148904997, 0.4705026390080009890, -0.5274999999999999689 ) ) ;
#3252 = ORIENTED_EDGE ( 'NONE', *, *, #1207, .F. ) ;
#3253 = DIRECTION ( 'NONE',  ( 0.000000000000000000, 0.000000000000000000, 1.000000000000000000 ) ) ;
#3254 = EDGE_CURVE ( 'NONE', #7082, #909, #2587, .T. ) ;
#3255 = DIRECTION ( 'NONE',  ( 1.000000000000000000, 0.000000000000000000, 0.000000000000000000 ) ) ;
#3256 = CARTESIAN_POINT ( 'NONE',  ( 2.045118427147115003, 1.000000000000000000, 2.345118427147114826 ) ) ;
#3257 = LINE ( 'NONE', #1432, #1883 ) ;
#3258 = ORIENTED_EDGE ( 'NONE', *, *, #3357, .F. ) ;
#3259 = PLANE ( 'NONE',  #6000 ) ;
#3260 = FACE_OUTER_BOUND ( 'NONE', #1021, .T. ) ;
#3261 = CARTESIAN_POINT ( 'NONE',  ( -2.100502642445350343, 0.5525000000000008793, 2.499999999999999556 ) ) ;
#3262 = DIRECTION ( 'NONE',  ( 1.000000000000000000, 0.000000000000000000, 0.000000000000000000 ) ) ;
#3263 = CARTESIAN_POINT ( 'NONE',  ( 2.600000000000000089, 0.2500000000000000000, -1.177499999999999991 ) ) ;
#3264 = EDGE_CURVE ( 'NONE', #4091, #639, #4017, .T. ) ;
#3265 = ORIENTED_EDGE ( 'NONE', *, *, #375, .F. ) ;
#3266 = EDGE_LOOP ( 'NONE', ( #7129, #6973, #448, #2935 ) ) ;
#3267 = DIRECTION ( 'NONE',  ( 0.000000000000000000, 0.000000000000000000, 1.000000000000000000 ) ) ;
#3268 = FACE_OUTER_BOUND ( 'NONE', #1218, .T. ) ;
#3269 = ORIENTED_EDGE ( 'NONE', *, *, #61, .F. ) ;
#3270 = ORIENTED_EDGE ( 'NONE', *, *, #3821, .F. ) ;
#3271 = EDGE_CURVE ( 'NONE', #668, #1741, #6078, .T. ) ;
#3272 = DIRECTION ( 'NONE',  ( 0.9848077530122076872, -0.1736481776669329680, 0.000000000000000000 ) ) ;
#3273 = CIRCLE ( 'NONE', #4134, 0.2746982034251567728 ) ;
#3274 = VERTEX_POINT ( 'NONE', #4945 ) ;
#3275 = AXIS2_PLACEMENT_3D ( 'NONE', #817, #225, #3119 ) ;
#3276 = DIRECTION ( 'NONE',  ( 0.06975647374411987622, -0.9975640502598246417, 0.000000000000000000 ) ) ;
#3277 = AXIS2_PLACEMENT_3D ( 'NONE', #3520, #2943, #3671 ) ;
#3278 = EDGE_CURVE ( 'NONE', #6645, #4603, #3301, .T. ) ;
#3279 = CARTESIAN_POINT ( 'NONE',  ( -2.861477631149734968, 0.1683185773129349805, -0.5274999999999999689 ) ) ;
#3280 = FACE_OUTER_BOUND ( 'NONE', #3500, .T. ) ;
#3281 = ORIENTED_EDGE ( 'NONE', *, *, #1, .T. ) ;
#3282 = DIRECTION ( 'NONE',  ( 0.1710878697460359588, -0.9702875252478136980, 0.1710878697460359588 ) ) ;
#3283 = AXIS2_PLACEMENT_3D ( 'NONE', #3619, #5931, #4845 ) ;
#3284 = ORIENTED_EDGE ( 'NONE', *, *, #660, .F. ) ;
#3285 = DIRECTION ( 'NONE',  ( -0.06975647374411807211, 0.9975640502598247528, 0.000000000000000000 ) ) ;
#3286 = ORIENTED_EDGE ( 'NONE', *, *, #3891, .F. ) ;
#3287 = CIRCLE ( 'NONE', #6444, 0.1296982034251575044 ) ;
#3288 = LINE ( 'NONE', #3911, #2317 ) ;
#3289 = VERTEX_POINT ( 'NONE', #7356 ) ;
#3290 = ORIENTED_EDGE ( 'NONE', *, *, #1128, .F. ) ;
#3291 = DIRECTION ( 'NONE',  ( -2.279350608210070011E-15, -1.000000000000000000, 0.000000000000000000 ) ) ;
#3292 = DIRECTION ( 'NONE',  ( 0.000000000000000000, 0.000000000000000000, -1.000000000000000000 ) ) ;
#3293 = VERTEX_POINT ( 'NONE', #2161 ) ;
#3294 = CARTESIAN_POINT ( 'NONE',  ( -2.600000000000000089, 0.2500000000000000000, 0.7724999999999999645 ) ) ;
#3295 = LINE ( 'NONE', #7204, #5525 ) ;
#3296 = ORIENTED_EDGE ( 'NONE', *, *, #2143, .F. ) ;
#3297 = SURFACE_STYLE_FILL_AREA ( #4501 ) ;
#3298 = LINE ( 'NONE', #6763, #6110 ) ;
#3299 = LINE ( 'NONE', #5615, #6276 ) ;
#3300 = CARTESIAN_POINT ( 'NONE',  ( 2.045118427147115003, 1.000000000000000000, -2.345118427147114826 ) ) ;
#3301 = LINE ( 'NONE', #406, #718 ) ;
#3302 = ORIENTED_EDGE ( 'NONE', *, *, #3463, .F. ) ;
#3303 = ADVANCED_FACE ( 'NONE', ( #2082 ), #5619, .T. ) ;
#3304 = CIRCLE ( 'NONE', #3073, 0.1296982034251579208 ) ;
#3305 = EDGE_CURVE ( 'NONE', #1533, #1832, #7393, .T. ) ;
#3306 = EDGE_CURVE ( 'NONE', #602, #953, #2766, .T. ) ;
#3307 = VECTOR ( 'NONE', #3855, 1000.000000000000000 ) ;
#3308 = EDGE_CURVE ( 'NONE', #5542, #1881, #2649, .T. ) ;
#3309 = DIRECTION ( 'NONE',  ( 0.000000000000000000, 1.000000000000000000, 0.000000000000000000 ) ) ;
#3310 = DIRECTION ( 'NONE',  ( -0.1710878697460355147, -0.9702875252478140311, -0.1710878697460355147 ) ) ;
#3311 = VERTEX_POINT ( 'NONE', #5546 ) ;
#3312 = EDGE_LOOP ( 'NONE', ( #4712, #2334, #7518, #6436, #5461, #2299, #5987, #1671, #338, #4899, #3912, #6256 ) ) ;
#3313 = CARTESIAN_POINT ( 'NONE',  ( -2.200000000000000178, 0.6974999999999990097, -2.400502642445350610 ) ) ;
#3314 = VECTOR ( 'NONE', #6006, 1000.000000000000000 ) ;
#3315 = CIRCLE ( 'NONE', #4303, 0.2746982034251567728 ) ;
#3316 = ORIENTED_EDGE ( 'NONE', *, *, #923, .T. ) ;
#3317 = EDGE_CURVE ( 'NONE', #821, #974, #5948, .T. ) ;
#3318 = DIRECTION ( 'NONE',  ( 0.1736481776669290544, 0.9848077530122083534, 0.000000000000000000 ) ) ;
#3319 = EDGE_CURVE ( 'NONE', #2660, #5781, #4538, .T. ) ;
#3320 = VECTOR ( 'NONE', #4320, 1000.000000000000000 ) ;
#3321 = CARTESIAN_POINT ( 'NONE',  ( -2.056527340730185394, 1.511173884129110023, 2.258046565428965202 ) ) ;
#3322 = PLANE ( 'NONE',  #2948 ) ;
#3323 = ORIENTED_EDGE ( 'NONE', *, *, #3050, .F. ) ;
#3324 = CARTESIAN_POINT ( 'NONE',  ( 2.101507855905375255, 0.6975644756313429395, -2.499988631206595091 ) ) ;
#3325 = DIRECTION ( 'NONE',  ( -1.000000000000000000, 0.000000000000000000, 0.000000000000000000 ) ) ;
#3326 = ORIENTED_EDGE ( 'NONE', *, *, #706, .T. ) ;
#3327 = CARTESIAN_POINT ( 'NONE',  ( -2.200000000000000178, 0.6975000000000000089, 1.827499999999999902 ) ) ;
#3328 =( GEOMETRIC_REPRESENTATION_CONTEXT ( 3 ) GLOBAL_UNCERTAINTY_ASSIGNED_CONTEXT ( ( #4152 ) ) GLOBAL_UNIT_ASSIGNED_CONTEXT ( ( #4835, #1995, #7228 ) ) REPRESENTATION_CONTEXT ( 'NONE', 'WORKASPACE' ) );
#3329 = ORIENTED_EDGE ( 'NONE', *, *, #4921, .T. ) ;
#3330 = ORIENTED_EDGE ( 'NONE', *, *, #1120, .T. ) ;
#3331 = DIRECTION ( 'NONE',  ( -0.1736481776669290544, 0.9848077530122083534, 0.000000000000000000 ) ) ;
#3332 = DIRECTION ( 'NONE',  ( 0.000000000000000000, 0.000000000000000000, -1.000000000000000000 ) ) ;
#3333 = ORIENTED_EDGE ( 'NONE', *, *, #3837, .F. ) ;
#3334 =( GEOMETRIC_REPRESENTATION_CONTEXT ( 3 ) GLOBAL_UNCERTAINTY_ASSIGNED_CONTEXT ( ( #3538 ) ) GLOBAL_UNIT_ASSIGNED_CONTEXT ( ( #1223, #4010, #7486 ) ) REPRESENTATION_CONTEXT ( 'NONE', 'WORKASPACE' ) );
#3335 = CARTESIAN_POINT ( 'NONE',  ( -2.565559169962134956, 0.4453236532462965247, 0.5274999999999999689 ) ) ;
#3336 = DIRECTION ( 'NONE',  ( 0.000000000000000000, 0.000000000000000000, -1.000000000000000000 ) ) ;
#3337 = VECTOR ( 'NONE', #7370, 1000.000000000000000 ) ;
#3338 = EDGE_CURVE ( 'NONE', #1568, #3874, #6230, .T. ) ;
#3339 = CARTESIAN_POINT ( 'NONE',  ( -2.851362942456834748, 0.02367179002526179771, 2.072500000000000231 ) ) ;
#3340 = AXIS2_PLACEMENT_3D ( 'NONE', #5574, #2000, #4941 ) ;
#3341 = LINE ( 'NONE', #4034, #7314 ) ;
#3342 = DIRECTION ( 'NONE',  ( 0.9848077530122083534, 0.1736481776669290544, 0.000000000000000000 ) ) ;
#3343 = CARTESIAN_POINT ( 'NONE',  ( -2.045118427147115003, 1.017364817766692076, 2.443599202448334839 ) ) ;
#3344 = CARTESIAN_POINT ( 'NONE',  ( -2.708356294148904997, 0.4705026390080009890, 1.422499999999999876 ) ) ;
#3345 = ORIENTED_EDGE ( 'NONE', *, *, #6341, .F. ) ;
#3346 = CARTESIAN_POINT ( 'NONE',  ( 2.200000000000000178, 0.6975000000000000089, 0.1224999999999999978 ) ) ;
#3347 = DIRECTION ( 'NONE',  ( 0.000000000000000000, 0.000000000000000000, -1.000000000000000000 ) ) ;
#3348 = ORIENTED_EDGE ( 'NONE', *, *, #6805, .T. ) ;
#3349 = ADVANCED_FACE ( 'NONE', ( #2041 ), #1005, .F. ) ;
#3350 = DIRECTION ( 'NONE',  ( 0.000000000000000000, 0.000000000000000000, -1.000000000000000000 ) ) ;
#3351 = CYLINDRICAL_SURFACE ( 'NONE', #2826, 0.2746982034251563842 ) ;
#3352 = ORIENTED_EDGE ( 'NONE', *, *, #3306, .F. ) ;
#3353 = LINE ( 'NONE', #6279, #5063 ) ;
#3354 = FACE_OUTER_BOUND ( 'NONE', #561, .T. ) ;
#3355 = ORIENTED_EDGE ( 'NONE', *, *, #4471, .F. ) ;
#3356 = CARTESIAN_POINT ( 'NONE',  ( -3.200000000000000178, 0.1446467872876731897, -1.177499999999999991 ) ) ;
#3357 = EDGE_CURVE ( 'NONE', #7441, #5983, #1478, .T. ) ;
#3358 = ADVANCED_FACE ( 'NONE', ( #3810 ), #6116, .F. ) ;
#3359 = CARTESIAN_POINT ( 'NONE',  ( -2.851362942456834748, 0.02367179002526179771, 0.1224999999999999978 ) ) ;
#3360 = ORIENTED_EDGE ( 'NONE', *, *, #150, .T. ) ;
#3361 = FACE_OUTER_BOUND ( 'NONE', #2608, .T. ) ;
#3362 = ORIENTED_EDGE ( 'NONE', *, *, #4229, .T. ) ;
#3363 = VECTOR ( 'NONE', #1142, 1000.000000000000000 ) ;
#3364 = ORIENTED_EDGE ( 'NONE', *, *, #4459, .T. ) ;
#3365 = CARTESIAN_POINT ( 'NONE',  ( -2.565559169962134956, 0.4453236532462965247, -1.422499999999999876 ) ) ;
#3366 = CARTESIAN_POINT ( 'NONE',  ( 2.437831373677284752, 0.4228017965748430140, 0.1224999999999999978 ) ) ;
#3367 = EDGE_LOOP ( 'NONE', ( #2228, #3628, #1105, #752, #4863, #3330, #3029, #607, #1006, #9, #911, #5937 ) ) ;
#3368 = EDGE_CURVE ( 'NONE', #1619, #7324, #327, .T. ) ;
#3369 = PLANE ( 'NONE',  #2817 ) ;
#3370 = EDGE_CURVE ( 'NONE', #806, #3944, #5090, .T. ) ;
#3371 = CARTESIAN_POINT ( 'NONE',  ( -2.565559169962134956, 0.4453236532462965247, -0.5274999999999999689 ) ) ;
#3372 = VECTOR ( 'NONE', #4216, 1000.000000000000000 ) ;
#3373 = EDGE_CURVE ( 'NONE', #4961, #5451, #929, .T. ) ;
#3374 = ORIENTED_EDGE ( 'NONE', *, *, #4289, .T. ) ;
#3375 = AXIS2_PLACEMENT_3D ( 'NONE', #7217, #7182, #4437 ) ;
#3376 = DIRECTION ( 'NONE',  ( -1.000000000000000000, 0.000000000000000000, 0.000000000000000000 ) ) ;
#3377 = DIRECTION ( 'NONE',  ( -0.9975640502598247528, 0.06975647374411908519, 0.000000000000000000 ) ) ;
#3378 = FILL_AREA_STYLE ('',( #593 ) ) ;
#3379 = EDGE_CURVE ( 'NONE', #3668, #7307, #4753, .T. ) ;
#3380 = PLANE ( 'NONE',  #6937 ) ;
#3381 = CARTESIAN_POINT ( 'NONE',  ( 0.000000000000000000, 1.100000000000000089, 0.000000000000000000 ) ) ;
#3382 = CARTESIAN_POINT ( 'NONE',  ( -2.851362942456834748, 0.02367179002526179771, -0.5274999999999999689 ) ) ;
#3383 = ORIENTED_EDGE ( 'NONE', *, *, #4161, .T. ) ;
#3384 = DIRECTION ( 'NONE',  ( -1.000000000000000000, 2.279350608210075138E-15, 0.000000000000000000 ) ) ;
#3385 = DIRECTION ( 'NONE',  ( 0.06975647374411987622, -0.9975640502598246417, 0.000000000000000000 ) ) ;
#3386 = VERTEX_POINT ( 'NONE', #1562 ) ;
#3387 = VERTEX_POINT ( 'NONE', #2127 ) ;
#3388 = CARTESIAN_POINT ( 'NONE',  ( -2.600000000000000089, 0.2500000000000000000, 0.7724999999999999645 ) ) ;
#3389 = CARTESIAN_POINT ( 'NONE',  ( -2.708356294148904997, 0.4705026390080009890, 1.827499999999999902 ) ) ;
#3390 = DIRECTION ( 'NONE',  ( 0.000000000000000000, 0.000000000000000000, -1.000000000000000000 ) ) ;
#3391 = AXIS2_PLACEMENT_3D ( 'NONE', #3684, #841, #5430 ) ;
#3392 = DIRECTION ( 'NONE',  ( 0.000000000000000000, 0.000000000000000000, -1.000000000000000000 ) ) ;
#3393 = ORIENTED_EDGE ( 'NONE', *, *, #2314, .F. ) ;
#3394 = DIRECTION ( 'NONE',  ( 1.941328555084367191E-16, -0.1736481776669305255, 0.9848077530122081313 ) ) ;
#3395 = LINE ( 'NONE', #5708, #3811 ) ;
#3396 = VECTOR ( 'NONE', #1205, 1000.000000000000000 ) ;
#3397 = CARTESIAN_POINT ( 'NONE',  ( -2.708356294148904997, 0.4705026390080009890, 1.422499999999999876 ) ) ;
#3398 = ORIENTED_EDGE ( 'NONE', *, *, #1743, .F. ) ;
#3399 = ORIENTED_EDGE ( 'NONE', *, *, #1447, .F. ) ;
#3400 = LINE ( 'NONE', #2676, #2180 ) ;
#3401 = EDGE_CURVE ( 'NONE', #4091, #3188, #69, .T. ) ;
#3402 = CARTESIAN_POINT ( 'NONE',  ( 2.861477631149734968, 0.1683185773129355078, 0.1224999999999999978 ) ) ;
#3403 = ORIENTED_EDGE ( 'NONE', *, *, #1101, .F. ) ;
#3404 = VECTOR ( 'NONE', #4483, 1000.000000000000000 ) ;
#3405 = DIRECTION ( 'NONE',  ( -1.000000000000000000, 0.000000000000000000, 0.000000000000000000 ) ) ;
#3406 = DIRECTION ( 'NONE',  ( 0.1736481776669290544, 0.9848077530122083534, 0.000000000000000000 ) ) ;
#3407 = AXIS2_PLACEMENT_3D ( 'NONE', #4668, #6962, #1765 ) ;
#3408 = ORIENTED_EDGE ( 'NONE', *, *, #4162, .T. ) ;
#3409 = CARTESIAN_POINT ( 'NONE',  ( -2.708356294148904997, 0.4705026390080009890, -1.827499999999999902 ) ) ;
#3410 = EDGE_CURVE ( 'NONE', #1499, #1568, #520, .T. ) ;
#3411 = DIRECTION ( 'NONE',  ( -0.9975640502598247528, 0.06975647374411908519, 0.000000000000000000 ) ) ;
#3412 = DIRECTION ( 'NONE',  ( 1.000000000000000000, 0.000000000000000000, -1.971276677246369793E-16 ) ) ;
#3413 = DIRECTION ( 'NONE',  ( 0.000000000000000000, 0.000000000000000000, -1.000000000000000000 ) ) ;
#3414 = LINE ( 'NONE', #4578, #3396 ) ;
#3415 = VERTEX_POINT ( 'NONE', #4652 ) ;
#3416 = EDGE_CURVE ( 'NONE', #4544, #128, #6914, .T. ) ;
#3417 =( GEOMETRIC_REPRESENTATION_CONTEXT ( 3 ) GLOBAL_UNCERTAINTY_ASSIGNED_CONTEXT ( ( #5891 ) ) GLOBAL_UNIT_ASSIGNED_CONTEXT ( ( #881, #3842, #958 ) ) REPRESENTATION_CONTEXT ( 'NONE', 'WORKASPACE' ) );
#3418 = CIRCLE ( 'NONE', #5270, 0.1000000000000000472 ) ;
#3419 = CARTESIAN_POINT ( 'NONE',  ( 2.200000000000000178, 0.6974999999999990097, 2.400502642445350610 ) ) ;
#3420 = DIRECTION ( 'NONE',  ( 0.000000000000000000, 0.000000000000000000, 1.000000000000000000 ) ) ;
#3421 = VERTEX_POINT ( 'NONE', #3382 ) ;
#3422 = CARTESIAN_POINT ( 'NONE',  ( -2.861477631149734968, 0.1683185773129349805, 2.072500000000000231 ) ) ;
#3423 = ADVANCED_FACE ( 'NONE', ( #2387 ), #2847, .T. ) ;
#3424 = VECTOR ( 'NONE', #651, 1000.000000000000000 ) ;
#3425 = DIRECTION ( 'NONE',  ( 0.9975640502598247528, 0.06975647374411807211, 0.000000000000000000 ) ) ;
#3426 = VECTOR ( 'NONE', #4460, 1000.000000000000114 ) ;
#3427 = FILL_AREA_STYLE_COLOUR ( '', #7206 ) ;
#3428 = CARTESIAN_POINT ( 'NONE',  ( -2.158688739809629720, 0.5475451589536791674, 2.499126327838414596 ) ) ;
#3429 = DIRECTION ( 'NONE',  ( 0.000000000000000000, 0.000000000000000000, 1.000000000000000000 ) ) ;
#3430 = VECTOR ( 'NONE', #5928, 1000.000000000000114 ) ;
#3431 = AXIS2_PLACEMENT_3D ( 'NONE', #2695, #5029, #5450 ) ;
#3432 = EDGE_LOOP ( 'NONE', ( #282, #3681, #3352, #4458 ) ) ;
#3433 = DIRECTION ( 'NONE',  ( 0.000000000000000000, 0.000000000000000000, -1.000000000000000000 ) ) ;
#3434 = CIRCLE ( 'NONE', #5742, 0.1296982034251575044 ) ;
#3435 = DIRECTION ( 'NONE',  ( -1.000000000000000000, 0.000000000000000000, 0.000000000000000000 ) ) ;
#3436 = CARTESIAN_POINT ( 'NONE',  ( -1.486702623836771986, 1.100000000000000089, -1.838720136967914920 ) ) ;
#3437 = AXIS2_PLACEMENT_3D ( 'NONE', #5096, #3310, #2204 ) ;
#3438 = ORIENTED_EDGE ( 'NONE', *, *, #1221, .T. ) ;
#3439 = ORIENTED_EDGE ( 'NONE', *, *, #4539, .T. ) ;
#3440 = VERTEX_POINT ( 'NONE', #2313 ) ;
#3441 = PLANE ( 'NONE',  #4388 ) ;
#3442 = CARTESIAN_POINT ( 'NONE',  ( 2.437831373677284752, 0.6975000000000000089, 0.5274999999999999689 ) ) ;
#3443 = ORIENTED_EDGE ( 'NONE', *, *, #5458, .T. ) ;
#3444 = LINE ( 'NONE', #5765, #1608 ) ;
#3445 = VECTOR ( 'NONE', #1279, 1000.000000000000000 ) ;
#3446 = CARTESIAN_POINT ( 'NONE',  ( -2.158688739809630608, 0.5475451589536782793, -2.499126327838408379 ) ) ;
#3447 = AXIS2_PLACEMENT_3D ( 'NONE', #7237, #1593, #295 ) ;
#3448 =( GEOMETRIC_REPRESENTATION_CONTEXT ( 3 ) GLOBAL_UNCERTAINTY_ASSIGNED_CONTEXT ( ( #2544 ) ) GLOBAL_UNIT_ASSIGNED_CONTEXT ( ( #1284, #7132, #2959 ) ) REPRESENTATION_CONTEXT ( 'NONE', 'WORKASPACE' ) );
#3449 = VERTEX_POINT ( 'NONE', #2353 ) ;
#3450 = CARTESIAN_POINT ( 'NONE',  ( -2.158688739809631940, 0.7024548410463219428, -2.499126327838411044 ) ) ;
#3451 = EDGE_CURVE ( 'NONE', #4217, #382, #2923, .T. ) ;
#3452 = CARTESIAN_POINT ( 'NONE',  ( 2.437831373677284752, 0.4228017965748430140, -1.827499999999999902 ) ) ;
#3453 = ORIENTED_EDGE ( 'NONE', *, *, #2848, .F. ) ;
#3454 =( GEOMETRIC_REPRESENTATION_CONTEXT ( 3 ) GLOBAL_UNCERTAINTY_ASSIGNED_CONTEXT ( ( #560 ) ) GLOBAL_UNIT_ASSIGNED_CONTEXT ( ( #6956, #6400, #5269 ) ) REPRESENTATION_CONTEXT ( 'NONE', 'WORKASPACE' ) );
#3455 = AXIS2_PLACEMENT_3D ( 'NONE', #395, #1658, #6292 ) ;
#3456 = DIRECTION ( 'NONE',  ( 0.000000000000000000, 0.000000000000000000, 1.000000000000000000 ) ) ;
#3457 = FACE_OUTER_BOUND ( 'NONE', #3057, .T. ) ;
#3458 = PLANE ( 'NONE',  #3562 ) ;
#3459 = LINE ( 'NONE', #6945, #4553 ) ;
#3460 = CARTESIAN_POINT ( 'NONE',  ( -2.056527340730185394, -0.2611738841291115221, -2.258046565428965202 ) ) ;
#3461 = ADVANCED_FACE ( 'NONE', ( #5210 ), #7020, .F. ) ;
#3462 = CARTESIAN_POINT ( 'NONE',  ( -1.975609200933505116, 1.411571228687630075, -2.374089976234724730 ) ) ;
#3463 = EDGE_CURVE ( 'NONE', #1794, #1413, #1043, .T. ) ;
#3464 = UNCERTAINTY_MEASURE_WITH_UNIT (LENGTH_MEASURE( 1.000000000000000082E-05 ), #3653, 'distance_accuracy_value', 'NONE');
#3465 = ADVANCED_FACE ( 'NONE', ( #479 ), #6946, .T. ) ;
#3466 = VECTOR ( 'NONE', #4827, 1000.000000000000114 ) ;
#3467 = CARTESIAN_POINT ( 'NONE',  ( -2.565559169962134956, 0.4453236532462965247, 1.827499999999999902 ) ) ;
#3468 = LINE ( 'NONE', #642, #6947 ) ;
#3469 = ORIENTED_EDGE ( 'NONE', *, *, #2302, .T. ) ;
#3470 = CARTESIAN_POINT ( 'NONE',  ( 3.189885311307104843, 9.629649721936179265E-32, 1.422499999999999876 ) ) ;
#3471 = CARTESIAN_POINT ( 'NONE',  ( 2.870524920471619890, 0.2977008424331585301, -0.1224999999999999978 ) ) ;
#3472 = EDGE_CURVE ( 'NONE', #1307, #5182, #25, .T. ) ;
#3473 = FACE_OUTER_BOUND ( 'NONE', #5589, .T. ) ;
#3474 = ORIENTED_EDGE ( 'NONE', *, *, #790, .T. ) ;
#3475 = DIRECTION ( 'NONE',  ( 0.000000000000000000, 0.000000000000000000, -1.000000000000000000 ) ) ;
#3476 = CARTESIAN_POINT ( 'NONE',  ( -2.200000000000000178, 0.6975000000000000089, 1.422499999999999876 ) ) ;
#3477 = DIRECTION ( 'NONE',  ( 0.9975640502598247528, 0.06975647374411807211, 0.000000000000000000 ) ) ;
#3478 = VERTEX_POINT ( 'NONE', #4695 ) ;
#3479 = ORIENTED_EDGE ( 'NONE', *, *, #7236, .F. ) ;
#3480 = ORIENTED_EDGE ( 'NONE', *, *, #435, .T. ) ;
#3481 = DIRECTION ( 'NONE',  ( 1.000000000000000000, -4.558701216420150868E-16, 0.000000000000000000 ) ) ;
#3482 = LINE ( 'NONE', #4100, #1793 ) ;
#3483 = VERTEX_POINT ( 'NONE', #4080 ) ;
#3484 = DIRECTION ( 'NONE',  ( 0.06975647374411807211, 0.9975640502598247528, 0.000000000000000000 ) ) ;
#3485 =( LENGTH_UNIT ( ) NAMED_UNIT ( * ) SI_UNIT ( .MILLI., .METRE. ) );
#3486 = ORIENTED_EDGE ( 'NONE', *, *, #2614, .F. ) ;
#3487 = DIRECTION ( 'NONE',  ( -1.000000000000000000, 0.000000000000000000, 0.000000000000000000 ) ) ;
#3488 = CARTESIAN_POINT ( 'NONE',  ( -2.200000000000000178, 0.6975000000000000089, -1.827499999999999902 ) ) ;
#3489 = CIRCLE ( 'NONE', #3984, 0.1000000000000001721 ) ;
#3490 = ORIENTED_EDGE ( 'NONE', *, *, #7108, .T. ) ;
#3491 = EDGE_CURVE ( 'NONE', #2113, #330, #6426, .T. ) ;
#3492 = CARTESIAN_POINT ( 'NONE',  ( -2.851362942456834748, 0.02367179002526179771, -1.177499999999999991 ) ) ;
#3493 = FACE_OUTER_BOUND ( 'NONE', #1275, .T. ) ;
#3494 = VECTOR ( 'NONE', #2906, 1000.000000000000114 ) ;
#3495 = DIRECTION ( 'NONE',  ( 1.000000000000000000, 0.000000000000000000, 0.000000000000000000 ) ) ;
#3496 = VECTOR ( 'NONE', #5967, 1000.000000000000114 ) ;
#3497 = DIRECTION ( 'NONE',  ( 0.000000000000000000, 0.000000000000000000, -1.000000000000000000 ) ) ;
#3498 = ORIENTED_EDGE ( 'NONE', *, *, #764, .T. ) ;
#3499 = EDGE_CURVE ( 'NONE', #4058, #5913, #3414, .T. ) ;
#3500 = EDGE_LOOP ( 'NONE', ( #366, #5075, #1656, #5922, #734, #4225, #2926, #2162 ) ) ;
#3501 = CARTESIAN_POINT ( 'NONE',  ( 3.200000000000000178, 0.1446467872876731897, -0.5274999999999999689 ) ) ;
#3502 = CARTESIAN_POINT ( 'NONE',  ( 2.851362942456834748, 0.02367179002526179771, 2.072500000000000231 ) ) ;
#3503 = ORIENTED_EDGE ( 'NONE', *, *, #4162, .F. ) ;
#3504 = ADVANCED_FACE ( 'NONE', ( #3536 ), #7435, .F. ) ;
#3505 = DIRECTION ( 'NONE',  ( 4.336808689942017736E-15, -1.000000000000000000, 0.000000000000000000 ) ) ;
#3506 = VERTEX_POINT ( 'NONE', #7473 ) ;
#3507 = VERTEX_POINT ( 'NONE', #4611 ) ;
#3508 = EDGE_CURVE ( 'NONE', #4160, #4473, #5852, .T. ) ;
#3509 = FACE_OUTER_BOUND ( 'NONE', #1599, .T. ) ;
#3510 = EDGE_CURVE ( 'NONE', #7261, #5316, #2966, .T. ) ;
#3511 = CARTESIAN_POINT ( 'NONE',  ( 2.199996210330392277, 0.5524785077156475488, -2.401005270604403385 ) ) ;
#3512 = ORIENTED_EDGE ( 'NONE', *, *, #3133, .T. ) ;
#3513 = PLANE ( 'NONE',  #3194 ) ;
#3514 = CARTESIAN_POINT ( 'NONE',  ( -2.851362942456834748, 0.02367179002526179771, 1.177499999999999991 ) ) ;
#3515 = ADVANCED_FACE ( 'NONE', ( #5776 ), #558, .T. ) ;
#3516 = ORIENTED_EDGE ( 'NONE', *, *, #6890, .T. ) ;
#3517 = ORIENTED_EDGE ( 'NONE', *, *, #22, .F. ) ;
#3518 = ORIENTED_EDGE ( 'NONE', *, *, #46, .T. ) ;
#3519 = AXIS2_PLACEMENT_3D ( 'NONE', #5954, #3218, #1994 ) ;
#3520 = CARTESIAN_POINT ( 'NONE',  ( -2.870524920471619890, 0.2977008424331585301, -1.177499999999999991 ) ) ;
#3521 = DIRECTION ( 'NONE',  ( 1.000000000000000000, 0.000000000000000000, -1.971276677246374970E-16 ) ) ;
#3522 = ORIENTED_EDGE ( 'NONE', *, *, #4311, .T. ) ;
#3523 = PLANE ( 'NONE',  #5010 ) ;
#3524 =( NAMED_UNIT ( * ) SI_UNIT ( $, .STERADIAN. ) SOLID_ANGLE_UNIT ( ) );
#3525 = VERTEX_POINT ( 'NONE', #596 ) ;
#3526 = LINE ( 'NONE', #6939, #4434 ) ;
#3527 = CARTESIAN_POINT ( 'NONE',  ( -2.437831373677284752, 0.4228017965748430140, -0.7724999999999999645 ) ) ;
#3528 = ORIENTED_EDGE ( 'NONE', *, *, #6389, .T. ) ;
#3529 = STYLED_ITEM ( 'NONE', ( #4150 ), #3630 ) ;
#3530 = ORIENTED_EDGE ( 'NONE', *, *, #425, .F. ) ;
#3531 = FACE_OUTER_BOUND ( 'NONE', #4759, .T. ) ;
#3532 = AXIS2_PLACEMENT_3D ( 'NONE', #3913, #3291, #6821 ) ;
#3533 = DIRECTION ( 'NONE',  ( 1.000000000000000000, 0.000000000000000000, 0.000000000000000000 ) ) ;
#3534 = FACE_OUTER_BOUND ( 'NONE', #4605, .T. ) ;
#3535 = LINE ( 'NONE', #5296, #1754 ) ;
#3536 = FACE_OUTER_BOUND ( 'NONE', #5743, .T. ) ;
#3537 = ORIENTED_EDGE ( 'NONE', *, *, #3097, .T. ) ;
#3538 = UNCERTAINTY_MEASURE_WITH_UNIT (LENGTH_MEASURE( 1.000000000000000082E-05 ), #1223, 'distance_accuracy_value', 'NONE');
#3539 = AXIS2_PLACEMENT_3D ( 'NONE', #6926, #2901, #5232 ) ;
#3540 = DIRECTION ( 'NONE',  ( -1.000000000000000000, 0.000000000000000000, 0.000000000000000000 ) ) ;
#3541 = DIRECTION ( 'NONE',  ( 1.000000000000000000, 0.000000000000000000, -1.971276677246374970E-16 ) ) ;
#3542 = ORIENTED_EDGE ( 'NONE', *, *, #6042, .F. ) ;
#3543 = CARTESIAN_POINT ( 'NONE',  ( -2.708356294148904997, 0.4705026390080009890, -0.7724999999999999645 ) ) ;
#3544 = ADVANCED_FACE ( 'NONE', ( #251 ), #2581, .T. ) ;
#3545 = AXIS2_PLACEMENT_3D ( 'NONE', #4761, #5433, #3035 ) ;
#3546 = VERTEX_POINT ( 'NONE', #781 ) ;
#3547 = PLANE ( 'NONE',  #6035 ) ;
#3548 = CARTESIAN_POINT ( 'NONE',  ( -2.742797124186769686, 0.2751789857617045199, 0.7724999999999999645 ) ) ;
#3549 = PLANE ( 'NONE',  #7420 ) ;
#3550 = ADVANCED_FACE ( 'NONE', ( #2502 ), #1961, .F. ) ;
#3551 = VECTOR ( 'NONE', #5985, 1000.000000000000000 ) ;
#3552 = VERTEX_POINT ( 'NONE', #3002 ) ;
#3553 = VECTOR ( 'NONE', #3578, 1000.000000000000000 ) ;
#3554 = VERTEX_POINT ( 'NONE', #5331 ) ;
#3555 = ORIENTED_EDGE ( 'NONE', *, *, #1399, .T. ) ;
#3556 = CARTESIAN_POINT ( 'NONE',  ( -2.708356294148904997, 0.4705026390080009890, 0.5274999999999999689 ) ) ;
#3557 = VECTOR ( 'NONE', #3969, 1000.000000000000000 ) ;
#3558 = DIRECTION ( 'NONE',  ( 0.000000000000000000, 0.000000000000000000, 1.000000000000000000 ) ) ;
#3559 = ORIENTED_EDGE ( 'NONE', *, *, #5039, .F. ) ;
#3560 = CARTESIAN_POINT ( 'NONE',  ( 3.200000000000000178, 0.1446467872876731897, -0.1224999999999999978 ) ) ;
#3561 = CARTESIAN_POINT ( 'NONE',  ( -2.708356294148904997, 0.4705026390080009890, -1.177499999999999991 ) ) ;
#3562 = AXIS2_PLACEMENT_3D ( 'NONE', #4651, #7392, #1632 ) ;
#3563 = ORIENTED_EDGE ( 'NONE', *, *, #888, .F. ) ;
#3564 = DIRECTION ( 'NONE',  ( 0.000000000000000000, 1.000000000000000000, 0.000000000000000000 ) ) ;
#3565 = FACE_OUTER_BOUND ( 'NONE', #554, .T. ) ;
#3566 = CIRCLE ( 'NONE', #2094, 0.2746982034251563842 ) ;
#3567 = VERTEX_POINT ( 'NONE', #3646 ) ;
#3568 = ORIENTED_EDGE ( 'NONE', *, *, #579, .F. ) ;
#3569 = DIRECTION ( 'NONE',  ( 0.06975647374411987622, -0.9975640502598246417, 0.000000000000000000 ) ) ;
#3570 = STYLED_ITEM ( 'NONE', ( #6582 ), #1114 ) ;
#3571 = DIRECTION ( 'NONE',  ( 0.000000000000000000, 0.000000000000000000, -1.000000000000000000 ) ) ;
#3572 = DIRECTION ( 'NONE',  ( 0.000000000000000000, -1.000000000000000000, 0.000000000000000000 ) ) ;
#3573 = DIRECTION ( 'NONE',  ( 0.000000000000000000, 0.000000000000000000, -1.000000000000000000 ) ) ;
#3574 = EDGE_CURVE ( 'NONE', #953, #4091, #5434, .T. ) ;
#3575 = ORIENTED_EDGE ( 'NONE', *, *, #1315, .F. ) ;
#3576 = VECTOR ( 'NONE', #7388, 1000.000000000000000 ) ;
#3577 = CARTESIAN_POINT ( 'NONE',  ( 2.101005270604403563, 0.6975214922843544496, 2.499996210330387214 ) ) ;
#3578 = DIRECTION ( 'NONE',  ( 0.000000000000000000, 0.000000000000000000, -1.000000000000000000 ) ) ;
#3579 = VECTOR ( 'NONE', #6773, 1000.000000000000114 ) ;
#3580 = CARTESIAN_POINT ( 'NONE',  ( -2.200000000000000178, 0.6975000000000000089, 1.422499999999999876 ) ) ;
#3581 = VECTOR ( 'NONE', #7010, 1000.000000000000114 ) ;
#3582 = ORIENTED_EDGE ( 'NONE', *, *, #5825, .T. ) ;
#3583 = ORIENTED_EDGE ( 'NONE', *, *, #5284, .F. ) ;
#3584 = ADVANCED_FACE ( 'NONE', ( #7056 ), #2460, .F. ) ;
#3585 = DIRECTION ( 'NONE',  ( -1.000000000000000000, -5.926311581346190705E-15, 0.000000000000000000 ) ) ;
#3586 = EDGE_CURVE ( 'NONE', #1419, #1939, #1823, .T. ) ;
#3587 = DIRECTION ( 'NONE',  ( 0.000000000000000000, 0.000000000000000000, -1.000000000000000000 ) ) ;
#3588 = CARTESIAN_POINT ( 'NONE',  ( 2.045118427147115003, 0.2326351822333070085, -2.443599202448334839 ) ) ;
#3589 = ORIENTED_EDGE ( 'NONE', *, *, #2951, .T. ) ;
#3590 = EDGE_LOOP ( 'NONE', ( #6128, #5194, #2333, #2983 ) ) ;
#3591 = DIRECTION ( 'NONE',  ( -1.000000000000000000, 0.000000000000000000, 0.000000000000000000 ) ) ;
#3592 =( BOUNDED_CURVE ( )  B_SPLINE_CURVE ( 3, ( #5074, #7374, #6251, #4523 ),
 .UNSPECIFIED., .F., .F. ) 
 B_SPLINE_CURVE_WITH_KNOTS ( ( 4, 4 ),
 ( 3.126513523093314983, 3.141592653589795336 ),
 .UNSPECIFIED. ) 
 CURVE ( )  GEOMETRIC_REPRESENTATION_ITEM ( )  RATIONAL_B_SPLINE_CURVE ( ( 1.000000000000000000, 0.9999810517417160316, 0.9999810517417160316, 1.000000000000000000 ) ) 
 REPRESENTATION_ITEM ( '' )  );
#3593 = CARTESIAN_POINT ( 'NONE',  ( -2.045118427147115003, 1.000000000000000000, 2.345118427147114826 ) ) ;
#3594 = ORIENTED_EDGE ( 'NONE', *, *, #2103, .F. ) ;
#3595 = EDGE_CURVE ( 'NONE', #2600, #4131, #5831, .T. ) ;
#3596 = EDGE_CURVE ( 'NONE', #1366, #2205, #103, .T. ) ;
#3597 = DIRECTION ( 'NONE',  ( 0.06975647374411987622, 0.9975640502598246417, 0.000000000000000000 ) ) ;
#3598 = ADVANCED_FACE ( 'NONE', ( #3691 ), #4872, .F. ) ;
#3599 = ORIENTED_EDGE ( 'NONE', *, *, #1264, .F. ) ;
#3600 = CARTESIAN_POINT ( 'NONE',  ( 2.437831373677284752, 0.5524999999999999911, 1.422499999999999876 ) ) ;
#3601 = ORIENTED_EDGE ( 'NONE', *, *, #1957, .F. ) ;
#3602 = DIRECTION ( 'NONE',  ( 0.000000000000000000, 1.000000000000000000, 0.000000000000000000 ) ) ;
#3603 = FACE_OUTER_BOUND ( 'NONE', #5164, .T. ) ;
#3604 = ORIENTED_EDGE ( 'NONE', *, *, #4688, .T. ) ;
#3605 = EDGE_LOOP ( 'NONE', ( #3756, #930, #6454, #2562 ) ) ;
#3606 = CARTESIAN_POINT ( 'NONE',  ( -2.200000000000000178, 0.6975000000000000089, 1.422499999999999876 ) ) ;
#3607 = ORIENTED_EDGE ( 'NONE', *, *, #5427, .F. ) ;
#3608 = DIRECTION ( 'NONE',  ( 0.000000000000000000, 0.000000000000000000, -1.000000000000000000 ) ) ;
#3609 = CARTESIAN_POINT ( 'NONE',  ( -2.742797124186769686, 0.2751789857617045199, -0.7724999999999999645 ) ) ;
#3610 = ADVANCED_FACE ( 'NONE', ( #1853 ), #5401, .F. ) ;
#3611 = LINE ( 'NONE', #4905, #1936 ) ;
#3612 = CARTESIAN_POINT ( 'NONE',  ( 2.437831373677284752, 0.4228017965748430140, -0.1224999999999999978 ) ) ;
#3613 = UNCERTAINTY_MEASURE_WITH_UNIT (LENGTH_MEASURE( 1.000000000000000082E-05 ), #71, 'distance_accuracy_value', 'NONE');
#3614 = EDGE_CURVE ( 'NONE', #5607, #6558, #3611, .T. ) ;
#3615 = CIRCLE ( 'NONE', #3736, 0.09999999999999982514 ) ;
#3616 = LINE ( 'NONE', #6507, #5738 ) ;
#3617 = CIRCLE ( 'NONE', #3375, 0.1296982034251575044 ) ;
#3618 = CARTESIAN_POINT ( 'NONE',  ( 2.708356294148904997, 0.4705026390080009890, -1.177499999999999991 ) ) ;
#3619 = CARTESIAN_POINT ( 'NONE',  ( 2.437831373677284752, 0.4228017965748430140, 1.177499999999999991 ) ) ;
#3620 = CARTESIAN_POINT ( 'NONE',  ( 2.200000000000000178, 0.6975000000000000089, 2.072500000000000231 ) ) ;
#3621 = EDGE_LOOP ( 'NONE', ( #6253, #1483, #924, #3528 ) ) ;
#3622 = ORIENTED_EDGE ( 'NONE', *, *, #292, .F. ) ;
#3623 = CARTESIAN_POINT ( 'NONE',  ( 2.742797124186769686, 0.2751789857617050195, -0.7724999999999999645 ) ) ;
#3624 = CARTESIAN_POINT ( 'NONE',  ( -2.101005270604403563, 0.5524785077156445512, 2.499996210330392099 ) ) ;
#3625 = ORIENTED_EDGE ( 'NONE', *, *, #6028, .T. ) ;
#3626 = CARTESIAN_POINT ( 'NONE',  ( -2.851362942456834748, 0.02367179002526179771, -0.1224999999999999978 ) ) ;
#3627 = CARTESIAN_POINT ( 'NONE',  ( 2.200000000000000178, 0.6975000000000000089, -1.177499999999999991 ) ) ;
#3628 = ORIENTED_EDGE ( 'NONE', *, *, #278, .T. ) ;
#3629 = ORIENTED_EDGE ( 'NONE', *, *, #6181, .T. ) ;
#3630 = MANIFOLD_SOLID_BREP ( 'NONE', #6555 ) ;
#3631 = DIRECTION ( 'NONE',  ( 1.000000000000000000, 0.000000000000000000, 0.000000000000000000 ) ) ;
#3632 = DIRECTION ( 'NONE',  ( 0.000000000000000000, 0.000000000000000000, 1.000000000000000000 ) ) ;
#3633 = VERTEX_POINT ( 'NONE', #6578 ) ;
#3634 = FACE_OUTER_BOUND ( 'NONE', #5154, .T. ) ;
#3635 = ORIENTED_EDGE ( 'NONE', *, *, #326, .T. ) ;
#3636 = VERTEX_POINT ( 'NONE', #4334 ) ;
#3637 = CARTESIAN_POINT ( 'NONE',  ( 2.437831373677284752, 0.4228017965748430140, 1.422499999999999876 ) ) ;
#3638 = ADVANCED_FACE ( 'NONE', ( #6676 ), #7349, .T. ) ;
#3639 = VERTEX_POINT ( 'NONE', #7231 ) ;
#3640 = ADVANCED_FACE ( 'NONE', ( #3799 ), #2680, .F. ) ;
#3641 = AXIS2_PLACEMENT_3D ( 'NONE', #1439, #3769, #6733 ) ;
#3642 = ORIENTED_EDGE ( 'NONE', *, *, #2012, .F. ) ;
#3643 = DIRECTION ( 'NONE',  ( 0.1736481776669290544, 0.9848077530122083534, 0.000000000000000000 ) ) ;
#3644 = CARTESIAN_POINT ( 'NONE',  ( 2.200000000000000178, 0.5524999999999999911, 2.072500000000000231 ) ) ;
#3645 = DIRECTION ( 'NONE',  ( -1.000000000000000000, 0.000000000000000000, 0.000000000000000000 ) ) ;
#3646 = CARTESIAN_POINT ( 'NONE',  ( -2.200000000000000178, 0.5524999999999999911, 0.1224999999999999978 ) ) ;
#3647 = CLOSED_SHELL ( 'NONE', ( #566, #835, #7090, #1587, #2708, #2963, #4316, #2291, #3224, #4222, #3584, #5775, #2420, #5736 ) ) ;
#3648 = DIRECTION ( 'NONE',  ( 0.000000000000000000, 0.000000000000000000, -1.000000000000000000 ) ) ;
#3649 = AXIS2_PLACEMENT_3D ( 'NONE', #5690, #1168, #2279 ) ;
#3650 = EDGE_CURVE ( 'NONE', #666, #1029, #7395, .T. ) ;
#3651 = ADVANCED_FACE ( 'NONE', ( #288 ), #5011, .F. ) ;
#3652 = FILL_AREA_STYLE ('',( #5367 ) ) ;
#3653 =( LENGTH_UNIT ( ) NAMED_UNIT ( * ) SI_UNIT ( .MILLI., .METRE. ) );
#3654 = FACE_OUTER_BOUND ( 'NONE', #2776, .T. ) ;
#3655 = ORIENTED_EDGE ( 'NONE', *, *, #6380, .F. ) ;
#3656 = PLANE ( 'NONE',  #1942 ) ;
#3657 = AXIS2_PLACEMENT_3D ( 'NONE', #2742, #2214, #6851 ) ;
#3658 = DIRECTION ( 'NONE',  ( 0.000000000000000000, 0.000000000000000000, -1.000000000000000000 ) ) ;
#3659 = EDGE_CURVE ( 'NONE', #875, #3507, #436, .T. ) ;
#3660 = ORIENTED_EDGE ( 'NONE', *, *, #4040, .T. ) ;
#3661 = ORIENTED_EDGE ( 'NONE', *, *, #749, .T. ) ;
#3662 = CARTESIAN_POINT ( 'NONE',  ( -2.437831373677284752, 0.4228017965748430140, 2.072500000000000231 ) ) ;
#3663 = LINE ( 'NONE', #927, #6877 ) ;
#3664 = VECTOR ( 'NONE', #1780, 1000.000000000000000 ) ;
#3665 = DIRECTION ( 'NONE',  ( -0.06975647374411908519, -0.9975640502598247528, 0.000000000000000000 ) ) ;
#3666 = EDGE_CURVE ( 'NONE', #7324, #828, #3295, .T. ) ;
#3667 = CARTESIAN_POINT ( 'NONE',  ( 2.200000000000000178, 0.5524999999999999911, -0.7724999999999999645 ) ) ;
#3668 = VERTEX_POINT ( 'NONE', #6070 ) ;
#3669 = CARTESIAN_POINT ( 'NONE',  ( 2.565559169962134956, 0.4453236532462965247, 2.072500000000000231 ) ) ;
#3670 = ORIENTED_EDGE ( 'NONE', *, *, #106, .F. ) ;
#3671 = DIRECTION ( 'NONE',  ( -1.000000000000000000, 0.000000000000000000, 0.000000000000000000 ) ) ;
#3672 = DIRECTION ( 'NONE',  ( 8.673617379884039170E-17, 0.000000000000000000, 1.000000000000000000 ) ) ;
#3673 = ORIENTED_EDGE ( 'NONE', *, *, #1570, .F. ) ;
#3674 = CARTESIAN_POINT ( 'NONE',  ( -2.851362942456834748, 0.02367179002526179771, -0.7724999999999999645 ) ) ;
#3675 = LINE ( 'NONE', #5877, #2606 ) ;
#3676 = VERTEX_POINT ( 'NONE', #845 ) ;
#3677 = CARTESIAN_POINT ( 'NONE',  ( -2.565559169962134956, 0.4453236532462965247, 0.7724999999999999645 ) ) ;
#3678 = ORIENTED_EDGE ( 'NONE', *, *, #1646, .T. ) ;
#3679 = CIRCLE ( 'NONE', #3802, 0.1296982034251579208 ) ;
#3680 = DIRECTION ( 'NONE',  ( 0.000000000000000000, 0.000000000000000000, -1.000000000000000000 ) ) ;
#3681 = ORIENTED_EDGE ( 'NONE', *, *, #4670, .F. ) ;
#3682 = CIRCLE ( 'NONE', #5861, 0.1000000000000000472 ) ;
#3683 = ORIENTED_EDGE ( 'NONE', *, *, #4590, .F. ) ;
#3684 = CARTESIAN_POINT ( 'NONE',  ( -2.870524920471619890, 0.2977008424331585301, -0.5274999999999999689 ) ) ;
#3685 = CARTESIAN_POINT ( 'NONE',  ( -2.200000000000000178, 0.6975000000000000089, 2.072500000000000231 ) ) ;
#3686 = ORIENTED_EDGE ( 'NONE', *, *, #6978, .F. ) ;
#3687 = CIRCLE ( 'NONE', #4661, 0.1296982034251575044 ) ;
#3688 = DIRECTION ( 'NONE',  ( 0.000000000000000000, 0.000000000000000000, -1.000000000000000000 ) ) ;
#3689 = PLANE ( 'NONE',  #514 ) ;
#3690 = ADVANCED_FACE ( 'NONE', ( #1468 ), #4498, .F. ) ;
#3691 = FACE_OUTER_BOUND ( 'NONE', #6891, .T. ) ;
#3692 =( GEOMETRIC_REPRESENTATION_CONTEXT ( 3 ) GLOBAL_UNCERTAINTY_ASSIGNED_CONTEXT ( ( #3613 ) ) GLOBAL_UNIT_ASSIGNED_CONTEXT ( ( #71, #5405, #227 ) ) REPRESENTATION_CONTEXT ( 'NONE', 'WORKASPACE' ) );
#3693 = AXIS2_PLACEMENT_3D ( 'NONE', #7144, #6404, #1185 ) ;
#3694 = DIRECTION ( 'NONE',  ( 0.000000000000000000, -1.000000000000000000, 0.000000000000000000 ) ) ;
#3695 = UNCERTAINTY_MEASURE_WITH_UNIT (LENGTH_MEASURE( 1.000000000000000082E-05 ), #676, 'distance_accuracy_value', 'NONE');
#3696 = DIRECTION ( 'NONE',  ( -1.000000000000000000, -5.926311581346190705E-15, 0.000000000000000000 ) ) ;
#3697 = DIRECTION ( 'NONE',  ( 0.000000000000000000, 0.000000000000000000, -1.000000000000000000 ) ) ;
#3698 = DIRECTION ( 'NONE',  ( 0.000000000000000000, 0.000000000000000000, -1.000000000000000000 ) ) ;
#3699 = CARTESIAN_POINT ( 'NONE',  ( -2.200000000000000178, 0.6975000000000000089, -1.177499999999999991 ) ) ;
#3700 = EDGE_CURVE ( 'NONE', #488, #974, #6622, .T. ) ;
#3701 = EDGE_CURVE ( 'NONE', #715, #4101, #5892, .T. ) ;
#3702 = VECTOR ( 'NONE', #6899, 1000.000000000000000 ) ;
#3703 = LINE ( 'NONE', #1479, #4620 ) ;
#3704 = MECHANICAL_DESIGN_GEOMETRIC_PRESENTATION_REPRESENTATION (  '', ( #5997 ), #5397 ) ;
#3705 = MECHANICAL_DESIGN_GEOMETRIC_PRESENTATION_REPRESENTATION (  '', ( #5149 ), #3448 ) ;
#3706 = CARTESIAN_POINT ( 'NONE',  ( -2.870524920471619890, 0.2977008424331585301, -1.827499999999999902 ) ) ;
#3707 = VECTOR ( 'NONE', #4567, 1000.000000000000000 ) ;
#3708 = PLANE ( 'NONE',  #5618 ) ;
#3709 = CIRCLE ( 'NONE', #1637, 0.1296982034251575044 ) ;
#3710 = ORIENTED_EDGE ( 'NONE', *, *, #6612, .T. ) ;
#3711 = CARTESIAN_POINT ( 'NONE',  ( 2.870524920471619890, 0.2977008424331585301, -1.827499999999999902 ) ) ;
#3712 = EDGE_CURVE ( 'NONE', #1917, #498, #7099, .T. ) ;
#3713 = DIRECTION ( 'NONE',  ( 0.06975647374411987622, -0.9975640502598246417, 0.000000000000000000 ) ) ;
#3714 = DIRECTION ( 'NONE',  ( -1.000000000000000000, 0.000000000000000000, 0.000000000000000000 ) ) ;
#3715 = DIRECTION ( 'NONE',  ( 0.000000000000000000, 0.000000000000000000, -1.000000000000000000 ) ) ;
#3716 = EDGE_LOOP ( 'NONE', ( #1726, #1627, #242, #5497 ) ) ;
#3717 = LINE ( 'NONE', #3561, #1395 ) ;
#3718 = ORIENTED_EDGE ( 'NONE', *, *, #6389, .F. ) ;
#3719 = CYLINDRICAL_SURFACE ( 'NONE', #4003, 0.1296982034251575044 ) ;
#3720 = ORIENTED_EDGE ( 'NONE', *, *, #1775, .T. ) ;
#3721 = PLANE ( 'NONE',  #1222 ) ;
#3722 = ORIENTED_EDGE ( 'NONE', *, *, #724, .T. ) ;
#3723 = CARTESIAN_POINT ( 'NONE',  ( 2.200000000000000178, 0.6975000000000000089, -0.7724999999999999645 ) ) ;
#3724 = PRESENTATION_STYLE_ASSIGNMENT (( #6672 ) ) ;
#3725 = ORIENTED_EDGE ( 'NONE', *, *, #3238, .T. ) ;
#3726 = CARTESIAN_POINT ( 'NONE',  ( 2.861477631149734968, 0.1683185773129355078, 1.422499999999999876 ) ) ;
#3727 = SURFACE_SIDE_STYLE ('',( #703 ) ) ;
#3728 = DIRECTION ( 'NONE',  ( -0.1736481776669290544, 0.9848077530122083534, 0.000000000000000000 ) ) ;
#3729 = FILL_AREA_STYLE ('',( #818 ) ) ;
#3730 = DIRECTION ( 'NONE',  ( 0.1736481776669290544, 0.9848077530122083534, 0.000000000000000000 ) ) ;
#3731 = ORIENTED_EDGE ( 'NONE', *, *, #2857, .T. ) ;
#3732 = CYLINDRICAL_SURFACE ( 'NONE', #4757, 0.09999999999999982514 ) ;
#3733 = LINE ( 'NONE', #3157, #2032 ) ;
#3734 = ORIENTED_EDGE ( 'NONE', *, *, #7333, .F. ) ;
#3735 = EDGE_CURVE ( 'NONE', #2884, #1198, #4318, .T. ) ;
#3736 = AXIS2_PLACEMENT_3D ( 'NONE', #1083, #2275, #1631 ) ;
#3737 = EDGE_CURVE ( 'NONE', #1717, #5803, #3257, .T. ) ;
#3738 = DIRECTION ( 'NONE',  ( -2.279350608210070011E-15, -1.000000000000000000, 0.000000000000000000 ) ) ;
#3739 = VECTOR ( 'NONE', #3102, 1000.000000000000000 ) ;
#3740 = CARTESIAN_POINT ( 'NONE',  ( 3.200000000000000178, 0.1446467872876731897, -1.177499999999999991 ) ) ;
#3741 = VECTOR ( 'NONE', #1759, 1000.000000000000000 ) ;
#3742 = EDGE_LOOP ( 'NONE', ( #6247, #3683, #3355, #2231 ) ) ;
#3743 = ORIENTED_EDGE ( 'NONE', *, *, #5499, .F. ) ;
#3744 = EDGE_CURVE ( 'NONE', #970, #5946, #7269, .T. ) ;
#3745 = ORIENTED_EDGE ( 'NONE', *, *, #281, .T. ) ;
#3746 = LINE ( 'NONE', #4823, #3130 ) ;
#3747 = CARTESIAN_POINT ( 'NONE',  ( -2.861477631149734968, 0.1683185773129349805, -1.827499999999999902 ) ) ;
#3748 = LINE ( 'NONE', #6599, #4293 ) ;
#3749 = EDGE_LOOP ( 'NONE', ( #2553, #4325, #344, #1454 ) ) ;
#3750 = CARTESIAN_POINT ( 'NONE',  ( 2.202882636601370070, 0.6811517554501049787, 2.404401861300144994 ) ) ;
#3751 = ORIENTED_EDGE ( 'NONE', *, *, #5447, .T. ) ;
#3752 = DIRECTION ( 'NONE',  ( 0.000000000000000000, 0.000000000000000000, -1.000000000000000000 ) ) ;
#3753 = VERTEX_POINT ( 'NONE', #2757 ) ;
#3754 = CARTESIAN_POINT ( 'NONE',  ( -3.189885311307104843, 9.629649721936179265E-32, -1.827499999999999902 ) ) ;
#3755 = EDGE_CURVE ( 'NONE', #7121, #6965, #56, .T. ) ;
#3756 = ORIENTED_EDGE ( 'NONE', *, *, #669, .T. ) ;
#3757 = ORIENTED_EDGE ( 'NONE', *, *, #7149, .T. ) ;
#3758 = LINE ( 'NONE', #3180, #4379 ) ;
#3759 = AXIS2_PLACEMENT_3D ( 'NONE', #7047, #6025, #3564 ) ;
#3760 = ORIENTED_EDGE ( 'NONE', *, *, #6949, .T. ) ;
#3761 = CYLINDRICAL_SURFACE ( 'NONE', #1850, 0.1000000000000000472 ) ;
#3762 = MANIFOLD_SOLID_BREP ( 'NONE', #1077 ) ;
#3763 = PRESENTATION_STYLE_ASSIGNMENT (( #996 ) ) ;
#3764 = CARTESIAN_POINT ( 'NONE',  ( -2.742797124186769686, 0.2751789857617045199, -0.1224999999999999978 ) ) ;
#3765 = CARTESIAN_POINT ( 'NONE',  ( -2.100000000000000089, 0.5524999999999999911, -2.500000000000000000 ) ) ;
#3766 = VECTOR ( 'NONE', #1784, 1000.000000000000114 ) ;
#3767 = DIRECTION ( 'NONE',  ( 0.000000000000000000, 0.000000000000000000, -1.000000000000000000 ) ) ;
#3768 = CARTESIAN_POINT ( 'NONE',  ( 2.200000000000000178, 0.6975000000000000089, -0.5274999999999999689 ) ) ;
#3769 = DIRECTION ( 'NONE',  ( 0.000000000000000000, 0.000000000000000000, -1.000000000000000000 ) ) ;
#3770 = AXIS2_PLACEMENT_3D ( 'NONE', #365, #2685, #5020 ) ;
#3771 = ORIENTED_EDGE ( 'NONE', *, *, #5824, .F. ) ;
#3772 = CARTESIAN_POINT ( 'NONE',  ( 2.861477631149730083, 0.1683185773129355078, -1.827499999999999902 ) ) ;
#3773 = VECTOR ( 'NONE', #1682, 1000.000000000000000 ) ;
#3774 = FACE_OUTER_BOUND ( 'NONE', #4433, .T. ) ;
#3775 = ADVANCED_FACE ( 'NONE', ( #587 ), #1589, .T. ) ;
#3776 = AXIS2_PLACEMENT_3D ( 'NONE', #3436, #2862, #6889 ) ;
#3777 = EDGE_CURVE ( 'NONE', #4217, #3676, #4429, .T. ) ;
#3778 = DIRECTION ( 'NONE',  ( -0.9848077530122083534, -0.1736481776669290544, 0.000000000000000000 ) ) ;
#3779 = ORIENTED_EDGE ( 'NONE', *, *, #335, .T. ) ;
#3780 = CARTESIAN_POINT ( 'NONE',  ( -2.437831373677284752, 0.4228017965748430140, -2.072500000000000231 ) ) ;
#3781 = EDGE_CURVE ( 'NONE', #2595, #1993, #3989, .T. ) ;
#3782 = LINE ( 'NONE', #944, #5014 ) ;
#3783 = ORIENTED_EDGE ( 'NONE', *, *, #6579, .F. ) ;
#3784 = LINE ( 'NONE', #1418, #2724 ) ;
#3785 = ADVANCED_FACE ( 'NONE', ( #5082 ), #5244, .F. ) ;
#3786 = ADVANCED_FACE ( 'NONE', ( #5202 ), #13, .F. ) ;
#3787 = ORIENTED_EDGE ( 'NONE', *, *, #3777, .T. ) ;
#3788 = FACE_OUTER_BOUND ( 'NONE', #3015, .T. ) ;
#3789 = ORIENTED_EDGE ( 'NONE', *, *, #3187, .T. ) ;
#3790 = CARTESIAN_POINT ( 'NONE',  ( 2.045118427147115003, 1.100000000000000089, 2.345118427147114826 ) ) ;
#3791 = VECTOR ( 'NONE', #7017, 1000.000000000000000 ) ;
#3792 = VECTOR ( 'NONE', #6345, 1000.000000000000000 ) ;
#3793 = ORIENTED_EDGE ( 'NONE', *, *, #4858, .F. ) ;
#3794 = VERTEX_POINT ( 'NONE', #549 ) ;
#3795 = CARTESIAN_POINT ( 'NONE',  ( 2.861477631149730083, 0.1683185773129355078, -1.827499999999999902 ) ) ;
#3796 = LINE ( 'NONE', #2071, #1981 ) ;
#3797 = ORIENTED_EDGE ( 'NONE', *, *, #3091, .T. ) ;
#3798 = LINE ( 'NONE', #4939, #3426 ) ;
#3799 = FACE_OUTER_BOUND ( 'NONE', #580, .T. ) ;
#3800 = CARTESIAN_POINT ( 'NONE',  ( 2.437831373677284752, 0.4228017965748430140, 1.177499999999999991 ) ) ;
#3801 = AXIS2_PLACEMENT_3D ( 'NONE', #7243, #3738, #1443 ) ;
#3802 = AXIS2_PLACEMENT_3D ( 'NONE', #4825, #88, #5876 ) ;
#3803 = ORIENTED_EDGE ( 'NONE', *, *, #1498, .F. ) ;
#3804 = CARTESIAN_POINT ( 'NONE',  ( -2.101507855905375255, 0.5524355243686569494, -2.499988631206595091 ) ) ;
#3805 = EDGE_CURVE ( 'NONE', #2750, #175, #6506, .T. ) ;
#3806 = CARTESIAN_POINT ( 'NONE',  ( 2.437831373677284752, 0.4228017965748430140, -0.7724999999999999645 ) ) ;
#3807 = CARTESIAN_POINT ( 'NONE',  ( -2.437831373677284752, 0.4228017965748430140, -1.177499999999999991 ) ) ;
#3808 = AXIS2_PLACEMENT_3D ( 'NONE', #4000, #5817, #2203 ) ;
#3809 = VECTOR ( 'NONE', #4817, 1000.000000000000000 ) ;
#3810 = FACE_OUTER_BOUND ( 'NONE', #2219, .T. ) ;
#3811 = VECTOR ( 'NONE', #496, 1000.000000000000000 ) ;
#3812 = DIRECTION ( 'NONE',  ( -0.9975640502598247528, -0.06975647374411829416, 0.000000000000000000 ) ) ;
#3813 = AXIS2_PLACEMENT_3D ( 'NONE', #1359, #5958, #4149 ) ;
#3814 = ORIENTED_EDGE ( 'NONE', *, *, #1469, .T. ) ;
#3815 = DIRECTION ( 'NONE',  ( 0.000000000000000000, 0.000000000000000000, -1.000000000000000000 ) ) ;
#3816 = CARTESIAN_POINT ( 'NONE',  ( 2.437831373677284752, 0.4228017965748430140, -0.5274999999999999689 ) ) ;
#3817 = ORIENTED_EDGE ( 'NONE', *, *, #4009, .T. ) ;
#3818 = ORIENTED_EDGE ( 'NONE', *, *, #7236, .T. ) ;
#3819 = COLOUR_RGB ( '',0.7921568627450980005, 0.8196078431372548767, 0.9333333333333333481 ) ;
#3820 = LINE ( 'NONE', #901, #320 ) ;
#3821 = EDGE_CURVE ( 'NONE', #7261, #2730, #1074, .T. ) ;
#3822 = CARTESIAN_POINT ( 'NONE',  ( -3.200000000000000178, 0.1446467872876731897, -0.1224999999999999978 ) ) ;
#3823 = EDGE_CURVE ( 'NONE', #6565, #5584, #3709, .T. ) ;
#3824 = CARTESIAN_POINT ( 'NONE',  ( -2.851362942456834748, 0.02367179002526179771, -1.177499999999999991 ) ) ;
#3825 = DIRECTION ( 'NONE',  ( 0.000000000000000000, 0.000000000000000000, -1.000000000000000000 ) ) ;
#3826 = CARTESIAN_POINT ( 'NONE',  ( 2.045118427147115003, 1.017364817766692076, -2.443599202448334839 ) ) ;
#3827 = VERTEX_POINT ( 'NONE', #2342 ) ;
#3828 = CARTESIAN_POINT ( 'NONE',  ( -2.200000000000000178, 0.6975000000000000089, 0.5274999999999999689 ) ) ;
#3829 = ORIENTED_EDGE ( 'NONE', *, *, #4009, .F. ) ;
#3830 = CARTESIAN_POINT ( 'NONE',  ( 2.870524920471619890, 0.2977008424331585301, -0.5274999999999999689 ) ) ;
#3831 = ORIENTED_EDGE ( 'NONE', *, *, #2293, .F. ) ;
#3832 = CIRCLE ( 'NONE', #5043, 0.2746982034251563842 ) ;
#3833 = CARTESIAN_POINT ( 'NONE',  ( 2.200000000000000178, 0.6975000000000000089, -1.177499999999999991 ) ) ;
#3834 = VERTEX_POINT ( 'NONE', #1197 ) ;
#3835 = EDGE_LOOP ( 'NONE', ( #5657, #234, #1328, #522 ) ) ;
#3836 = CARTESIAN_POINT ( 'NONE',  ( 2.200000000000000178, 0.6975000000000000089, 1.177499999999999991 ) ) ;
#3837 = EDGE_CURVE ( 'NONE', #1538, #6524, #2871, .T. ) ;
#3838 = DIRECTION ( 'NONE',  ( 0.000000000000000000, 0.000000000000000000, -1.000000000000000000 ) ) ;
#3839 = ORIENTED_EDGE ( 'NONE', *, *, #2284, .T. ) ;
#3840 = AXIS2_PLACEMENT_3D ( 'NONE', #318, #5649, #2642 ) ;
#3841 = ORIENTED_EDGE ( 'NONE', *, *, #5028, .T. ) ;
#3842 =( NAMED_UNIT ( * ) PLANE_ANGLE_UNIT ( ) SI_UNIT ( $, .RADIAN. ) );
#3843 = DIRECTION ( 'NONE',  ( 0.000000000000000000, 0.000000000000000000, -1.000000000000000000 ) ) ;
#3844 = EDGE_CURVE ( 'NONE', #386, #4524, #2794, .T. ) ;
#3845 = ADVANCED_FACE ( 'NONE', ( #7424 ), #4682, .F. ) ;
#3846 = DIRECTION ( 'NONE',  ( -0.1736481776669290544, 0.9848077530122083534, 0.000000000000000000 ) ) ;
#3847 = CARTESIAN_POINT ( 'NONE',  ( 2.861477631149734968, 0.1683185773129355078, -0.1224999999999999978 ) ) ;
#3848 = CARTESIAN_POINT ( 'NONE',  ( 2.143599202448335017, 1.017364817766692076, -2.345118427147114826 ) ) ;
#3849 = CARTESIAN_POINT ( 'NONE',  ( 2.200000000000000178, 0.6975000000000000089, -2.500000000000000000 ) ) ;
#3850 =( BOUNDED_CURVE ( )  B_SPLINE_CURVE ( 3, ( #4142, #7011, #3450, #1700 ),
 .UNSPECIFIED., .F., .T. ) 
 B_SPLINE_CURVE_WITH_KNOTS ( ( 4, 4 ),
 ( 5.512866274278620082, 7.053504340080570145 ),
 .UNSPECIFIED. ) 
 CURVE ( )  GEOMETRIC_REPRESENTATION_ITEM ( )  RATIONAL_B_SPLINE_CURVE ( ( 1.000000000000000000, 0.8117923620232480042, 0.8117923620232480042, 1.000000000000000000 ) ) 
 REPRESENTATION_ITEM ( '' )  );
#3851 = DIRECTION ( 'NONE',  ( 0.000000000000000000, 0.000000000000000000, -1.000000000000000000 ) ) ;
#3852 = ORIENTED_EDGE ( 'NONE', *, *, #7026, .T. ) ;
#3853 = EDGE_LOOP ( 'NONE', ( #4252, #7235, #2714, #4514 ) ) ;
#3854 = EDGE_CURVE ( 'NONE', #4602, #4830, #5122, .T. ) ;
#3855 = DIRECTION ( 'NONE',  ( 0.000000000000000000, 0.000000000000000000, -1.000000000000000000 ) ) ;
#3856 = CARTESIAN_POINT ( 'NONE',  ( -2.200000000000000178, 0.6975000000000000089, 1.177499999999999991 ) ) ;
#3857 = ORIENTED_EDGE ( 'NONE', *, *, #5364, .T. ) ;
#3858 = EDGE_LOOP ( 'NONE', ( #3480, #6663, #1655, #53 ) ) ;
#3859 = CARTESIAN_POINT ( 'NONE',  ( -2.437831373677284752, 0.4228017965748430140, -2.072500000000000231 ) ) ;
#3860 = CIRCLE ( 'NONE', #7354, 0.1296982034251575044 ) ;
#3861 = LINE ( 'NONE', #5101, #5393 ) ;
#3862 = ORIENTED_EDGE ( 'NONE', *, *, #1529, .T. ) ;
#3863 = MANIFOLD_SOLID_BREP ( 'NONE', #2912 ) ;
#3864 = VECTOR ( 'NONE', #3672, 1000.000000000000000 ) ;
#3865 = FACE_OUTER_BOUND ( 'NONE', #1240, .T. ) ;
#3866 = VECTOR ( 'NONE', #1898, 1000.000000000000114 ) ;
#3867 = DIRECTION ( 'NONE',  ( 0.000000000000000000, 1.000000000000000000, -4.336808689942017736E-15 ) ) ;
#3868 = ORIENTED_EDGE ( 'NONE', *, *, #369, .F. ) ;
#3869 = CARTESIAN_POINT ( 'NONE',  ( -2.565559169962134956, 0.4453236532462965247, 1.422499999999999876 ) ) ;
#3870 = ORIENTED_EDGE ( 'NONE', *, *, #3499, .F. ) ;
#3871 = CARTESIAN_POINT ( 'NONE',  ( -2.851362942456834748, 0.02367179002526179771, 2.072500000000000231 ) ) ;
#3872 = ORIENTED_EDGE ( 'NONE', *, *, #3892, .T. ) ;
#3873 = PLANE ( 'NONE',  #2558 ) ;
#3874 = VERTEX_POINT ( 'NONE', #506 ) ;
#3875 = ORIENTED_EDGE ( 'NONE', *, *, #4580, .F. ) ;
#3876 = ORIENTED_EDGE ( 'NONE', *, *, #4554, .T. ) ;
#3877 = CARTESIAN_POINT ( 'NONE',  ( -4.622877260815799511E-16, 1.000000000000000000, -2.345118427147114826 ) ) ;
#3878 = DIRECTION ( 'NONE',  ( 1.000000000000000000, 0.000000000000000000, 0.000000000000000000 ) ) ;
#3879 = ORIENTED_EDGE ( 'NONE', *, *, #1861, .T. ) ;
#3880 = CARTESIAN_POINT ( 'NONE',  ( -2.870524920471619890, 0.2977008424331585301, 1.422499999999999876 ) ) ;
#3881 = DIRECTION ( 'NONE',  ( 0.000000000000000000, 0.000000000000000000, -1.000000000000000000 ) ) ;
#3882 = EDGE_CURVE ( 'NONE', #5675, #2450, #4140, .T. ) ;
#3883 = ADVANCED_FACE ( 'NONE', ( #178 ), #90, .F. ) ;
#3884 = VERTEX_POINT ( 'NONE', #770 ) ;
#3885 = PLANE ( 'NONE',  #2474 ) ;
#3886 = CARTESIAN_POINT ( 'NONE',  ( -2.101005270604403563, 0.5524785077156445512, -2.499996210330387214 ) ) ;
#3887 = PLANE ( 'NONE',  #2017 ) ;
#3888 = PLANE ( 'NONE',  #7410 ) ;
#3889 = DIRECTION ( 'NONE',  ( 0.000000000000000000, 0.000000000000000000, 1.000000000000000000 ) ) ;
#3890 = ORIENTED_EDGE ( 'NONE', *, *, #2722, .T. ) ;
#3891 = EDGE_CURVE ( 'NONE', #4558, #666, #2949, .T. ) ;
#3892 = EDGE_CURVE ( 'NONE', #286, #1314, #213, .T. ) ;
#3893 = LINE ( 'NONE', #4312, #5732 ) ;
#3894 = LINE ( 'NONE', #4392, #4057 ) ;
#3895 = ORIENTED_EDGE ( 'NONE', *, *, #938, .F. ) ;
#3896 = ORIENTED_EDGE ( 'NONE', *, *, #2563, .T. ) ;
#3897 = ADVANCED_FACE ( 'NONE', ( #6024 ), #6561, .F. ) ;
#3898 = CARTESIAN_POINT ( 'NONE',  ( -1.486702623836771986, 1.100000000000000089, -1.588720136967914920 ) ) ;
#3899 = VECTOR ( 'NONE', #7057, 1000.000000000000000 ) ;
#3900 = VECTOR ( 'NONE', #968, 1000.000000000000000 ) ;
#3901 = DIRECTION ( 'NONE',  ( 1.000000000000000000, -4.558701216420150868E-16, 0.000000000000000000 ) ) ;
#3902 = CIRCLE ( 'NONE', #606, 0.2746982034251563842 ) ;
#3903 = FACE_OUTER_BOUND ( 'NONE', #347, .T. ) ;
#3904 = EDGE_CURVE ( 'NONE', #3998, #2142, #1235, .T. ) ;
#3905 = LINE ( 'NONE', #2703, #2061 ) ;
#3906 = ORIENTED_EDGE ( 'NONE', *, *, #3211, .F. ) ;
#3907 = PLANE ( 'NONE',  #6377 ) ;
#3908 = CARTESIAN_POINT ( 'NONE',  ( -3.200000000000000178, 0.1446467872876731897, 0.5274999999999999689 ) ) ;
#3909 = ORIENTED_EDGE ( 'NONE', *, *, #44, .F. ) ;
#3910 = AXIS2_PLACEMENT_3D ( 'NONE', #7341, #388, #2711 ) ;
#3911 = CARTESIAN_POINT ( 'NONE',  ( -2.143599202448335017, 0.2326351822333074804, 2.429028390264845072 ) ) ;
#3912 = ORIENTED_EDGE ( 'NONE', *, *, #5973, .T. ) ;
#3913 = CARTESIAN_POINT ( 'NONE',  ( 2.200000000000000178, 0.6975000000000000089, 0.1224999999999999978 ) ) ;
#3914 = CARTESIAN_POINT ( 'NONE',  ( -2.861477631149734968, 0.1683185773129349805, -0.7724999999999999645 ) ) ;
#3915 = ORIENTED_EDGE ( 'NONE', *, *, #5176, .F. ) ;
#3916 = CARTESIAN_POINT ( 'NONE',  ( 2.045118427147115003, 0.1499999999999999944, -2.345118427147114826 ) ) ;
#3917 = SURFACE_STYLE_FILL_AREA ( #6720 ) ;
#3918 = EDGE_CURVE ( 'NONE', #5675, #2788, #4717, .T. ) ;
#3919 = ORIENTED_EDGE ( 'NONE', *, *, #2284, .F. ) ;
#3920 = PLANE ( 'NONE',  #1629 ) ;
#3921 = EDGE_CURVE ( 'NONE', #1835, #7229, #3717, .T. ) ;
#3922 = DIRECTION ( 'NONE',  ( 1.000000000000000000, 0.000000000000000000, 0.000000000000000000 ) ) ;
#3923 = CARTESIAN_POINT ( 'NONE',  ( 2.870524920471619890, 0.2977008424331585301, -1.177499999999999991 ) ) ;
#3924 = DIRECTION ( 'NONE',  ( 1.000000000000000000, 0.000000000000000000, 0.000000000000000000 ) ) ;
#3925 = VERTEX_POINT ( 'NONE', #1916 ) ;
#3926 = AXIS2_PLACEMENT_3D ( 'NONE', #261, #3309, #331 ) ;
#3927 = PLANE ( 'NONE',  #6712 ) ;
#3928 = EDGE_CURVE ( 'NONE', #5216, #5292, #3675, .T. ) ;
#3929 = EDGE_LOOP ( 'NONE', ( #4393, #3909, #3559, #1810 ) ) ;
#3930 = ORIENTED_EDGE ( 'NONE', *, *, #706, .F. ) ;
#3931 = ADVANCED_FACE ( 'NONE', ( #1310 ), #5318, .T. ) ;
#3932 = AXIS2_PLACEMENT_3D ( 'NONE', #2845, #5173, #5255 ) ;
#3933 = FACE_OUTER_BOUND ( 'NONE', #7257, .T. ) ;
#3934 = CIRCLE ( 'NONE', #6830, 0.2746982034251559401 ) ;
#3935 = VECTOR ( 'NONE', #4666, 1000.000000000000114 ) ;
#3936 = CARTESIAN_POINT ( 'NONE',  ( 2.437831373677284752, 0.5524999999999999911, 0.7724999999999999645 ) ) ;
#3937 = ORIENTED_EDGE ( 'NONE', *, *, #3357, .T. ) ;
#3938 = CARTESIAN_POINT ( 'NONE',  ( -1.486702623836771986, 1.100000000000000089, -1.838720136967914920 ) ) ;
#3939 = LINE ( 'NONE', #1144, #3773 ) ;
#3940 = EDGE_LOOP ( 'NONE', ( #135, #2357, #7342, #6399 ) ) ;
#3941 = LINE ( 'NONE', #2899, #1990 ) ;
#3942 = EDGE_LOOP ( 'NONE', ( #843, #5449, #6803, #4025 ) ) ;
#3943 = CARTESIAN_POINT ( 'NONE',  ( 2.437831373677284752, 0.4228017965748430140, -0.7724999999999999645 ) ) ;
#3944 = VERTEX_POINT ( 'NONE', #2993 ) ;
#3945 = CYLINDRICAL_SURFACE ( 'NONE', #360, 0.2746982034251567728 ) ;
#3946 = PRESENTATION_LAYER_ASSIGNMENT (  '', '', ( #5149 ) ) ;
#3947 = EDGE_CURVE ( 'NONE', #6600, #3636, #1276, .T. ) ;
#3948 = ORIENTED_EDGE ( 'NONE', *, *, #3921, .F. ) ;
#3949 = ORIENTED_EDGE ( 'NONE', *, *, #1493, .T. ) ;
#3950 = CARTESIAN_POINT ( 'NONE',  ( -2.708356294148904997, 0.4705026390080009890, 0.7724999999999999645 ) ) ;
#3951 = DIRECTION ( 'NONE',  ( 0.1710878697460354869, -0.9702875252478138091, 0.1710878697460359865 ) ) ;
#3952 = ORIENTED_EDGE ( 'NONE', *, *, #1448, .F. ) ;
#3953 = ORIENTED_EDGE ( 'NONE', *, *, #6921, .F. ) ;
#3954 = CARTESIAN_POINT ( 'NONE',  ( 2.851362942456834748, 0.02367179002526179771, -2.072500000000000231 ) ) ;
#3955 = DIRECTION ( 'NONE',  ( 1.000000000000000000, 0.000000000000000000, 0.000000000000000000 ) ) ;
#3956 = VECTOR ( 'NONE', #1346, 1000.000000000000000 ) ;
#3957 = ORIENTED_EDGE ( 'NONE', *, *, #2885, .T. ) ;
#3958 = CARTESIAN_POINT ( 'NONE',  ( -2.200000000000000178, 0.5524999999999999911, 1.177499999999999991 ) ) ;
#3959 = AXIS2_PLACEMENT_3D ( 'NONE', #5050, #2075, #6794 ) ;
#3960 = CARTESIAN_POINT ( 'NONE',  ( 3.200000000000000178, 0.1446467872876731897, -0.7724999999999999645 ) ) ;
#3961 = CARTESIAN_POINT ( 'NONE',  ( 2.437831373677284752, 0.5524999999999999911, 0.1224999999999999978 ) ) ;
#3962 = FACE_OUTER_BOUND ( 'NONE', #3942, .T. ) ;
#3963 = DIRECTION ( 'NONE',  ( -1.000000000000000000, 2.279350608210070011E-15, 0.000000000000000000 ) ) ;
#3964 = CARTESIAN_POINT ( 'NONE',  ( -2.708356294148904997, 0.4705026390080009890, 0.7724999999999999645 ) ) ;
#3965 = ORIENTED_EDGE ( 'NONE', *, *, #3973, .T. ) ;
#3966 = DIRECTION ( 'NONE',  ( -0.9975640502598246417, 0.06975647374411907131, 0.000000000000000000 ) ) ;
#3967 = CARTESIAN_POINT ( 'NONE',  ( -3.200000000000000178, 0.1446467872876731897, -1.177499999999999991 ) ) ;
#3968 = ORIENTED_EDGE ( 'NONE', *, *, #4463, .F. ) ;
#3969 = DIRECTION ( 'NONE',  ( 1.000000000000000000, 4.558701216420150868E-16, 0.000000000000000000 ) ) ;
#3970 = ORIENTED_EDGE ( 'NONE', *, *, #7165, .T. ) ;
#3971 = EDGE_CURVE ( 'NONE', #3232, #3421, #3024, .T. ) ;
#3972 = DIRECTION ( 'NONE',  ( -1.000000000000000000, 0.000000000000000000, -4.336808689942025625E-15 ) ) ;
#3973 = EDGE_CURVE ( 'NONE', #5846, #7377, #2246, .T. ) ;
#3974 = LINE ( 'NONE', #3822, #5865 ) ;
#3975 = DIRECTION ( 'NONE',  ( 1.000000000000000000, 0.000000000000000000, 0.000000000000000000 ) ) ;
#3976 = LINE ( 'NONE', #2257, #125 ) ;
#3977 = VERTEX_POINT ( 'NONE', #4220 ) ;
#3978 = DIRECTION ( 'NONE',  ( 1.000000000000000000, 0.000000000000000000, 0.000000000000000000 ) ) ;
#3979 = DIRECTION ( 'NONE',  ( 0.000000000000000000, 0.000000000000000000, -1.000000000000000000 ) ) ;
#3980 = EDGE_LOOP ( 'NONE', ( #1196, #6708, #3599, #1800 ) ) ;
#3981 = CARTESIAN_POINT ( 'NONE',  ( -2.200000000000000178, 0.5524999999999999911, 2.399999999999999911 ) ) ;
#3982 = EDGE_CURVE ( 'NONE', #6369, #4561, #3832, .T. ) ;
#3983 = ORIENTED_EDGE ( 'NONE', *, *, #6111, .F. ) ;
#3984 = AXIS2_PLACEMENT_3D ( 'NONE', #4467, #1560, #324 ) ;
#3985 = CARTESIAN_POINT ( 'NONE',  ( -2.200000000000000178, 0.6975000000000000089, -0.1224999999999999978 ) ) ;
#3986 = CARTESIAN_POINT ( 'NONE',  ( -2.565559169962134956, 0.4453236532462965247, 2.072500000000000231 ) ) ;
#3987 = ORIENTED_EDGE ( 'NONE', *, *, #923, .F. ) ;
#3988 = FACE_OUTER_BOUND ( 'NONE', #6338, .T. ) ;
#3989 = LINE ( 'NONE', #2301, #6855 ) ;
#3990 = ORIENTED_EDGE ( 'NONE', *, *, #3054, .F. ) ;
#3991 = DIRECTION ( 'NONE',  ( -1.000000000000000000, 2.279350608210070011E-15, 0.000000000000000000 ) ) ;
#3992 = PLANE ( 'NONE',  #3080 ) ;
#3993 = CARTESIAN_POINT ( 'NONE',  ( -2.101507855905375255, 0.6975644756313429395, 2.499988631206595091 ) ) ;
#3994 = CARTESIAN_POINT ( 'NONE',  ( -2.565559169962134956, 0.4453236532462965247, 0.1224999999999999978 ) ) ;
#3995 = CARTESIAN_POINT ( 'NONE',  ( -2.708356294148904997, 0.4705026390080009890, 0.1224999999999999978 ) ) ;
#3996 = FACE_OUTER_BOUND ( 'NONE', #4637, .T. ) ;
#3997 = CARTESIAN_POINT ( 'NONE',  ( -2.565559169962134956, 0.4453236532462965247, -1.177499999999999991 ) ) ;
#3998 = VERTEX_POINT ( 'NONE', #2632 ) ;
#3999 = ORIENTED_EDGE ( 'NONE', *, *, #6340, .F. ) ;
#4000 = CARTESIAN_POINT ( 'NONE',  ( -2.861477631149734968, 0.1683185773129349805, 0.7724999999999999645 ) ) ;
#4001 = PLANE ( 'NONE',  #2690 ) ;
#4002 = ORIENTED_EDGE ( 'NONE', *, *, #6888, .F. ) ;
#4003 = AXIS2_PLACEMENT_3D ( 'NONE', #5881, #2451, #3065 ) ;
#4004 = CARTESIAN_POINT ( 'NONE',  ( -2.437831373677284752, 0.5524999999999999911, 0.1224999999999999978 ) ) ;
#4005 = VERTEX_POINT ( 'NONE', #2567 ) ;
#4006 = CIRCLE ( 'NONE', #711, 0.1000000000000001721 ) ;
#4007 = CARTESIAN_POINT ( 'NONE',  ( -2.851362942456834748, 0.02367179002526179771, 0.5274999999999999689 ) ) ;
#4008 = ADVANCED_FACE ( 'NONE', ( #2022 ), #383, .T. ) ;
#4009 = EDGE_CURVE ( 'NONE', #4187, #7178, #2060, .T. ) ;
#4010 =( NAMED_UNIT ( * ) PLANE_ANGLE_UNIT ( ) SI_UNIT ( $, .RADIAN. ) );
#4011 = CARTESIAN_POINT ( 'NONE',  ( 2.199126327838410333, 0.5475451589536791674, -2.458688739809633095 ) ) ;
#4012 = EDGE_CURVE ( 'NONE', #2788, #2978, #7192, .T. ) ;
#4013 = DIRECTION ( 'NONE',  ( 1.000000000000000000, -4.558701216420150868E-16, 0.000000000000000000 ) ) ;
#4014 = ORIENTED_EDGE ( 'NONE', *, *, #963, .F. ) ;
#4015 = CARTESIAN_POINT ( 'NONE',  ( 2.870524920471619890, 0.2977008424331585301, 0.1224999999999999978 ) ) ;
#4016 = DIRECTION ( 'NONE',  ( 0.000000000000000000, 0.000000000000000000, 1.000000000000000000 ) ) ;
#4017 = CIRCLE ( 'NONE', #4978, 0.2746982034251559401 ) ;
#4018 = FACE_OUTER_BOUND ( 'NONE', #1377, .T. ) ;
#4019 = VECTOR ( 'NONE', #499, 1000.000000000000114 ) ;
#4020 = ORIENTED_EDGE ( 'NONE', *, *, #7386, .T. ) ;
#4021 = EDGE_LOOP ( 'NONE', ( #2535, #4219, #722, #339 ) ) ;
#4022 = EDGE_LOOP ( 'NONE', ( #3879, #3362, #4533, #4097, #308, #5106 ) ) ;
#4023 = LINE ( 'NONE', #1192, #7031 ) ;
#4024 = DIRECTION ( 'NONE',  ( 0.000000000000000000, 0.000000000000000000, -1.000000000000000000 ) ) ;
#4025 = ORIENTED_EDGE ( 'NONE', *, *, #3084, .T. ) ;
#4026 = EDGE_CURVE ( 'NONE', #6758, #1643, #2366, .T. ) ;
#4027 = DIRECTION ( 'NONE',  ( -1.000000000000000000, 0.000000000000000000, 0.000000000000000000 ) ) ;
#4028 = EDGE_CURVE ( 'NONE', #6521, #4926, #4927, .T. ) ;
#4029 = ORIENTED_EDGE ( 'NONE', *, *, #4237, .F. ) ;
#4030 = SURFACE_STYLE_USAGE ( .BOTH. , #1698 ) ;
#4031 = AXIS2_PLACEMENT_3D ( 'NONE', #2824, #6215, #1025 ) ;
#4032 = CARTESIAN_POINT ( 'NONE',  ( -2.437831373677284752, 0.6975000000000000089, -1.177499999999999991 ) ) ;
#4033 = DIRECTION ( 'NONE',  ( -1.000000000000000000, 0.000000000000000000, 0.000000000000000000 ) ) ;
#4034 = CARTESIAN_POINT ( 'NONE',  ( 2.861477631149730083, 0.1683185773129355078, -1.177499999999999991 ) ) ;
#4035 = CARTESIAN_POINT ( 'NONE',  ( 2.200000000000000178, 0.5524999999999999911, 1.177499999999999991 ) ) ;
#4036 = LINE ( 'NONE', #439, #2880 ) ;
#4037 = DIRECTION ( 'NONE',  ( 1.000000000000000000, 0.000000000000000000, 0.000000000000000000 ) ) ;
#4038 = CARTESIAN_POINT ( 'NONE',  ( -3.200000000000000178, 0.1446467872876731897, 1.422499999999999876 ) ) ;
#4039 = CARTESIAN_POINT ( 'NONE',  ( -2.742797124186769686, 0.2751789857617045199, -1.827499999999999902 ) ) ;
#4040 = EDGE_CURVE ( 'NONE', #3107, #2783, #3784, .T. ) ;
#4041 = FACE_OUTER_BOUND ( 'NONE', #502, .T. ) ;
#4042 = CARTESIAN_POINT ( 'NONE',  ( -2.200000000000000178, 0.6975000000000000089, 1.177499999999999991 ) ) ;
#4043 = VERTEX_POINT ( 'NONE', #5599 ) ;
#4044 = DIRECTION ( 'NONE',  ( -0.9975640502598247528, -0.06975647374411829416, 0.000000000000000000 ) ) ;
#4045 = AXIS2_PLACEMENT_3D ( 'NONE', #2300, #5161, #6824 ) ;
#4046 = ORIENTED_EDGE ( 'NONE', *, *, #241, .T. ) ;
#4047 = VECTOR ( 'NONE', #2164, 1000.000000000000000 ) ;
#4048 = CARTESIAN_POINT ( 'NONE',  ( -2.851362942456834748, 0.02367179002526179771, 0.7724999999999999645 ) ) ;
#4049 = LINE ( 'NONE', #7452, #1456 ) ;
#4050 = STYLED_ITEM ( 'NONE', ( #3081 ), #6124 ) ;
#4051 = VECTOR ( 'NONE', #123, 1000.000000000000000 ) ;
#4052 = ORIENTED_EDGE ( 'NONE', *, *, #5411, .T. ) ;
#4053 = DIRECTION ( 'NONE',  ( 0.000000000000000000, 0.000000000000000000, 1.000000000000000000 ) ) ;
#4054 = ORIENTED_EDGE ( 'NONE', *, *, #1775, .F. ) ;
#4055 = FACE_OUTER_BOUND ( 'NONE', #7151, .T. ) ;
#4056 = CYLINDRICAL_SURFACE ( 'NONE', #3407, 0.1296982034251575044 ) ;
#4057 = VECTOR ( 'NONE', #1482, 1000.000000000000000 ) ;
#4058 = VERTEX_POINT ( 'NONE', #2705 ) ;
#4059 = ORIENTED_EDGE ( 'NONE', *, *, #5170, .F. ) ;
#4060 = ORIENTED_EDGE ( 'NONE', *, *, #2713, .F. ) ;
#4061 = DIRECTION ( 'NONE',  ( 0.000000000000000000, 0.000000000000000000, -1.000000000000000000 ) ) ;
#4062 = CYLINDRICAL_SURFACE ( 'NONE', #2513, 0.1000000000000001721 ) ;
#4063 = EDGE_LOOP ( 'NONE', ( #2853, #2368, #6894, #7489 ) ) ;
#4064 = CARTESIAN_POINT ( 'NONE',  ( 2.861477631149734968, 0.1683185773129355078, 2.072500000000000231 ) ) ;
#4065 = CIRCLE ( 'NONE', #1753, 0.2746982034251567728 ) ;
#4066 = CARTESIAN_POINT ( 'NONE',  ( -2.199126327838409001, 0.5475451589536782793, -2.458688739809630430 ) ) ;
#4067 = MECHANICAL_DESIGN_GEOMETRIC_PRESENTATION_REPRESENTATION (  '', ( #5400 ), #3328 ) ;
#4068 = VERTEX_POINT ( 'NONE', #907 ) ;
#4069 = CARTESIAN_POINT ( 'NONE',  ( 2.199126327838412109, 0.5475451589536782793, 2.458688739809633095 ) ) ;
#4070 = DIRECTION ( 'NONE',  ( 0.000000000000000000, 0.000000000000000000, -1.000000000000000000 ) ) ;
#4071 = ADVANCED_FACE ( 'NONE', ( #345 ), #5530, .F. ) ;
#4072 = ORIENTED_EDGE ( 'NONE', *, *, #4349, .T. ) ;
#4073 = EDGE_CURVE ( 'NONE', #821, #6494, #6664, .T. ) ;
#4074 =( GEOMETRIC_REPRESENTATION_CONTEXT ( 3 ) GLOBAL_UNCERTAINTY_ASSIGNED_CONTEXT ( ( #253 ) ) GLOBAL_UNIT_ASSIGNED_CONTEXT ( ( #5786, #1141, #77 ) ) REPRESENTATION_CONTEXT ( 'NONE', 'WORKASPACE' ) );
#4075 = AXIS2_PLACEMENT_3D ( 'NONE', #5431, #353, #7199 ) ;
#4076 = SURFACE_SIDE_STYLE ('',( #3297 ) ) ;
#4077 = LINE ( 'NONE', #5171, #5625 ) ;
#4078 = PLANE ( 'NONE',  #1668 ) ;
#4079 = CARTESIAN_POINT ( 'NONE',  ( -2.861477631149734968, 0.1683185773129349805, 0.7724999999999999645 ) ) ;
#4080 = CARTESIAN_POINT ( 'NONE',  ( -3.200000000000000178, 0.1446467872876731897, 0.1224999999999999978 ) ) ;
#4081 = ORIENTED_EDGE ( 'NONE', *, *, #375, .T. ) ;
#4082 = CIRCLE ( 'NONE', #5294, 0.2500000000000000000 ) ;
#4083 = EDGE_CURVE ( 'NONE', #6137, #866, #5038, .T. ) ;
#4084 = EDGE_LOOP ( 'NONE', ( #7421, #4737, #7038, #2418 ) ) ;
#4085 = PLANE ( 'NONE',  #3808 ) ;
#4086 = CARTESIAN_POINT ( 'NONE',  ( -2.200000000000000178, 0.6975000000000000089, 1.422499999999999876 ) ) ;
#4087 = ORIENTED_EDGE ( 'NONE', *, *, #6839, .T. ) ;
#4088 = DIRECTION ( 'NONE',  ( 0.000000000000000000, 0.000000000000000000, -1.000000000000000000 ) ) ;
#4089 = EDGE_CURVE ( 'NONE', #4582, #6546, #6748, .T. ) ;
#4090 = VERTEX_POINT ( 'NONE', #3207 ) ;
#4091 = VERTEX_POINT ( 'NONE', #833 ) ;
#4092 = LINE ( 'NONE', #648, #2392 ) ;
#4093 = VERTEX_POINT ( 'NONE', #307 ) ;
#4094 = DIRECTION ( 'NONE',  ( 0.000000000000000000, 0.000000000000000000, 1.000000000000000000 ) ) ;
#4095 = CARTESIAN_POINT ( 'NONE',  ( 2.437831373677284752, 0.4228017965748430140, 0.5274999999999999689 ) ) ;
#4096 = CARTESIAN_POINT ( 'NONE',  ( 2.742797124186769686, 0.2751789857617050195, 0.5274999999999999689 ) ) ;
#4097 = ORIENTED_EDGE ( 'NONE', *, *, #4937, .T. ) ;
#4098 = ORIENTED_EDGE ( 'NONE', *, *, #1128, .T. ) ;
#4099 = LINE ( 'NONE', #4713, #961 ) ;
#4100 = CARTESIAN_POINT ( 'NONE',  ( 2.851362942456834748, 0.02367179002526179771, -0.7724999999999999645 ) ) ;
#4101 = VERTEX_POINT ( 'NONE', #1985 ) ;
#4102 = PLANE ( 'NONE',  #4416 ) ;
#4103 = ORIENTED_EDGE ( 'NONE', *, *, #5180, .F. ) ;
#4104 = DIRECTION ( 'NONE',  ( 0.000000000000000000, 0.000000000000000000, -1.000000000000000000 ) ) ;
#4105 = CARTESIAN_POINT ( 'NONE',  ( -2.437831373677284752, 0.6975000000000000089, 0.5274999999999999689 ) ) ;
#4106 = AXIS2_PLACEMENT_3D ( 'NONE', #4995, #5035, #942 ) ;
#4107 = ORIENTED_EDGE ( 'NONE', *, *, #278, .F. ) ;
#4108 = CARTESIAN_POINT ( 'NONE',  ( -2.437831373677284752, 0.4228017965748430140, 1.177499999999999991 ) ) ;
#4109 = ORIENTED_EDGE ( 'NONE', *, *, #7245, .T. ) ;
#4110 = EDGE_CURVE ( 'NONE', #3483, #3241, #5563, .T. ) ;
#4111 = CARTESIAN_POINT ( 'NONE',  ( 2.870524920471619890, 0.2977008424331585301, -0.5274999999999999689 ) ) ;
#4112 = VECTOR ( 'NONE', #830, 1000.000000000000114 ) ;
#4113 = CARTESIAN_POINT ( 'NONE',  ( -3.200000000000000178, 0.1446467872876731897, -0.5274999999999999689 ) ) ;
#4114 = EDGE_CURVE ( 'NONE', #1198, #3639, #4400, .T. ) ;
#4115 = VECTOR ( 'NONE', #4044, 1000.000000000000114 ) ;
#4116 = DIRECTION ( 'NONE',  ( -1.000000000000000000, 0.000000000000000000, 0.000000000000000000 ) ) ;
#4117 = VERTEX_POINT ( 'NONE', #3247 ) ;
#4118 = ORIENTED_EDGE ( 'NONE', *, *, #5726, .F. ) ;
#4119 = CARTESIAN_POINT ( 'NONE',  ( -2.104401861300145171, 0.6811517554501049787, 2.502882636601370336 ) ) ;
#4120 = EDGE_CURVE ( 'NONE', #1366, #4796, #2666, .T. ) ;
#4121 = CARTESIAN_POINT ( 'NONE',  ( 2.200000000000000178, 0.5525000000000008793, 2.400502642445350610 ) ) ;
#4122 = ORIENTED_EDGE ( 'NONE', *, *, #1035, .F. ) ;
#4123 = ADVANCED_FACE ( 'NONE', ( #1539 ), #3907, .F. ) ;
#4124 = EDGE_CURVE ( 'NONE', #1339, #3415, #6972, .T. ) ;
#4125 = DIRECTION ( 'NONE',  ( 0.000000000000000000, 0.000000000000000000, -1.000000000000000000 ) ) ;
#4126 = ORIENTED_EDGE ( 'NONE', *, *, #3451, .F. ) ;
#4127 = CYLINDRICAL_SURFACE ( 'NONE', #2718, 0.09999999999999982514 ) ;
#4128 = CARTESIAN_POINT ( 'NONE',  ( 2.708356294148904997, 0.4705026390080009890, -0.1224999999999999978 ) ) ;
#4129 = DIRECTION ( 'NONE',  ( -1.000000000000000000, 0.000000000000000000, 0.000000000000000000 ) ) ;
#4130 = LINE ( 'NONE', #3627, #26 ) ;
#4131 = VERTEX_POINT ( 'NONE', #5456 ) ;
#4132 = VERTEX_POINT ( 'NONE', #6248 ) ;
#4133 = VERTEX_POINT ( 'NONE', #5071 ) ;
#4134 = AXIS2_PLACEMENT_3D ( 'NONE', #3800, #7098, #4874 ) ;
#4135 = EDGE_CURVE ( 'NONE', #116, #3387, #7326, .T. ) ;
#4136 = FACE_OUTER_BOUND ( 'NONE', #4213, .T. ) ;
#4137 = CARTESIAN_POINT ( 'NONE',  ( 2.861477631149734968, 0.1683185773129355078, 1.827499999999999902 ) ) ;
#4138 = ORIENTED_EDGE ( 'NONE', *, *, #6620, .F. ) ;
#4139 = DIRECTION ( 'NONE',  ( -1.000000000000000000, 0.000000000000000000, 0.000000000000000000 ) ) ;
#4140 = LINE ( 'NONE', #6601, #3956 ) ;
#4141 = EDGE_LOOP ( 'NONE', ( #3779, #7148, #4828, #6854 ) ) ;
#4142 = CARTESIAN_POINT ( 'NONE',  ( -2.199988631206595269, 0.6975644756313429395, -2.401507855905375077 ) ) ;
#4143 = PLANE ( 'NONE',  #5360 ) ;
#4144 = AXIS2_PLACEMENT_3D ( 'NONE', #1085, #3497, #1126 ) ;
#4145 = SURFACE_STYLE_USAGE ( .BOTH. , #6499 ) ;
#4146 = VERTEX_POINT ( 'NONE', #1060 ) ;
#4147 = LINE ( 'NONE', #1495, #1826 ) ;
#4148 = DIRECTION ( 'NONE',  ( 0.000000000000000000, 0.000000000000000000, -1.000000000000000000 ) ) ;
#4149 = DIRECTION ( 'NONE',  ( -1.000000000000000000, 0.000000000000000000, 0.000000000000000000 ) ) ;
#4150 = PRESENTATION_STYLE_ASSIGNMENT (( #6503 ) ) ;
#4151 = ORIENTED_EDGE ( 'NONE', *, *, #973, .T. ) ;
#4152 = UNCERTAINTY_MEASURE_WITH_UNIT (LENGTH_MEASURE( 1.000000000000000082E-05 ), #4835, 'distance_accuracy_value', 'NONE');
#4153 = EDGE_CURVE ( 'NONE', #2656, #2600, #1022, .T. ) ;
#4154 = EDGE_CURVE ( 'NONE', #4602, #3063, #4082, .T. ) ;
#4155 = DIRECTION ( 'NONE',  ( -0.1736481776669329125, -0.9848077530122075762, 0.000000000000000000 ) ) ;
#4156 = FACE_OUTER_BOUND ( 'NONE', #2216, .T. ) ;
#4157 = DIRECTION ( 'NONE',  ( 0.000000000000000000, 0.000000000000000000, 1.000000000000000000 ) ) ;
#4158 = ORIENTED_EDGE ( 'NONE', *, *, #1683, .F. ) ;
#4159 = AXIS2_PLACEMENT_3D ( 'NONE', #3849, #364, #2684 ) ;
#4160 = VERTEX_POINT ( 'NONE', #4519 ) ;
#4161 = EDGE_CURVE ( 'NONE', #4484, #4619, #3941, .T. ) ;
#4162 = EDGE_CURVE ( 'NONE', #274, #1049, #423, .T. ) ;
#4163 = SURFACE_STYLE_FILL_AREA ( #7521 ) ;
#4164 = FACE_OUTER_BOUND ( 'NONE', #1684, .T. ) ;
#4165 = CARTESIAN_POINT ( 'NONE',  ( -2.870524920471619890, 0.2977008424331585301, -2.072500000000000231 ) ) ;
#4166 = AXIS2_PLACEMENT_3D ( 'NONE', #6519, #3095, #6442 ) ;
#4167 = DIRECTION ( 'NONE',  ( 1.000000000000000000, 0.000000000000000000, 0.000000000000000000 ) ) ;
#4168 = EDGE_CURVE ( 'NONE', #4090, #3107, #6951, .T. ) ;
#4169 = VECTOR ( 'NONE', #6069, 1000.000000000000114 ) ;
#4170 = VERTEX_POINT ( 'NONE', #6283 ) ;
#4171 = ADVANCED_FACE ( 'NONE', ( #5107 ), #5671, .T. ) ;
#4172 = ORIENTED_EDGE ( 'NONE', *, *, #121, .F. ) ;
#4173 = EDGE_LOOP ( 'NONE', ( #3930, #2068, #2400, #4565, #127, #5237, #3235, #4441, #1905, #2175, #4158, #89 ) ) ;
#4174 = DIRECTION ( 'NONE',  ( -1.000000000000000000, 0.000000000000000000, 0.000000000000000000 ) ) ;
#4175 = CIRCLE ( 'NONE', #152, 0.2746982034251567728 ) ;
#4176 = DIRECTION ( 'NONE',  ( 0.000000000000000000, 0.000000000000000000, 1.000000000000000000 ) ) ;
#4177 = ORIENTED_EDGE ( 'NONE', *, *, #2797, .F. ) ;
#4178 = CARTESIAN_POINT ( 'NONE',  ( 3.189885311307104843, 9.629649721936179265E-32, 2.072500000000000231 ) ) ;
#4179 = ORIENTED_EDGE ( 'NONE', *, *, #4445, .T. ) ;
#4180 = DIRECTION ( 'NONE',  ( 0.000000000000000000, 0.000000000000000000, -1.000000000000000000 ) ) ;
#4181 = CIRCLE ( 'NONE', #268, 0.1296982034251575044 ) ;
#4182 = EDGE_LOOP ( 'NONE', ( #3987, #1945, #6473, #3722, #3970, #3023 ) ) ;
#4183 = CARTESIAN_POINT ( 'NONE',  ( 2.158688739809632828, 0.7024548410463203885, -2.499126327838411488 ) ) ;
#4184 = CARTESIAN_POINT ( 'NONE',  ( -2.143599202448335017, 1.017364817766692076, -2.429028390264839743 ) ) ;
#4185 = EDGE_CURVE ( 'NONE', #3387, #4963, #5707, .T. ) ;
#4186 = ORIENTED_EDGE ( 'NONE', *, *, #2485, .T. ) ;
#4187 = VERTEX_POINT ( 'NONE', #455 ) ;
#4188 = DIRECTION ( 'NONE',  ( -0.1710878697460355147, 0.9702875252478139201, -0.1710878697460360143 ) ) ;
#4189 = DIRECTION ( 'NONE',  ( 0.000000000000000000, 0.000000000000000000, -1.000000000000000000 ) ) ;
#4190 = MECHANICAL_DESIGN_GEOMETRIC_PRESENTATION_REPRESENTATION (  '', ( #7438 ), #37 ) ;
#4191 = CARTESIAN_POINT ( 'NONE',  ( 3.200000000000000178, 0.1446467872876731897, 0.7724999999999999645 ) ) ;
#4192 = CARTESIAN_POINT ( 'NONE',  ( 2.870524920471619890, 0.2977008424331585301, -1.827499999999999902 ) ) ;
#4193 = CIRCLE ( 'NONE', #1000, 0.1296982034251575044 ) ;
#4194 = DIRECTION ( 'NONE',  ( 0.000000000000000000, 0.000000000000000000, -1.000000000000000000 ) ) ;
#4195 = CARTESIAN_POINT ( 'NONE',  ( 2.851362942456834748, 0.02367179002526179771, 0.1224999999999999978 ) ) ;
#4196 = VECTOR ( 'NONE', #1680, 1000.000000000000000 ) ;
#4197 = STYLED_ITEM ( 'NONE', ( #3724 ), #6395 ) ;
#4198 = CARTESIAN_POINT ( 'NONE',  ( 2.101507855905375255, 0.6975644756313429395, 2.499988631206595091 ) ) ;
#4199 = DIRECTION ( 'NONE',  ( -0.1736481776669290544, 0.9848077530122083534, 0.000000000000000000 ) ) ;
#4200 = LINE ( 'NONE', #6617, #4779 ) ;
#4201 = CARTESIAN_POINT ( 'NONE',  ( 2.565559169962134956, 0.4453236532462965247, 1.177499999999999991 ) ) ;
#4202 = CARTESIAN_POINT ( 'NONE',  ( -1.486702623836771986, 1.000000000000000000, -1.588720136967914920 ) ) ;
#4203 = AXIS2_PLACEMENT_3D ( 'NONE', #1500, #243, #2601 ) ;
#4204 = ORIENTED_EDGE ( 'NONE', *, *, #2739, .T. ) ;
#4205 = AXIS2_PLACEMENT_3D ( 'NONE', #2152, #2034, #6223 ) ;
#4206 = PLANE ( 'NONE',  #43 ) ;
#4207 = CARTESIAN_POINT ( 'NONE',  ( -2.101507855905375255, 0.5524355243686569494, 2.499988631206595091 ) ) ;
#4208 = ADVANCED_FACE ( 'NONE', ( #7413 ), #5189, .T. ) ;
#4209 = ORIENTED_EDGE ( 'NONE', *, *, #1207, .T. ) ;
#4210 = DIRECTION ( 'NONE',  ( -2.602085213965209656E-16, 0.000000000000000000, -1.000000000000000000 ) ) ;
#4211 = ADVANCED_FACE ( 'NONE', ( #1098 ), #2217, .T. ) ;
#4212 = DIRECTION ( 'NONE',  ( -0.9848077530122083534, 0.1736481776669290544, 0.000000000000000000 ) ) ;
#4213 = EDGE_LOOP ( 'NONE', ( #4633, #646, #3575, #7378 ) ) ;
#4214 = EDGE_LOOP ( 'NONE', ( #680, #2706, #2059, #267 ) ) ;
#4215 = CARTESIAN_POINT ( 'NONE',  ( -2.200000000000000178, 0.6975000000000000089, 0.1224999999999999978 ) ) ;
#4216 = DIRECTION ( 'NONE',  ( 0.000000000000000000, 0.000000000000000000, -1.000000000000000000 ) ) ;
#4217 = VERTEX_POINT ( 'NONE', #1763 ) ;
#4218 = CARTESIAN_POINT ( 'NONE',  ( 2.056527340730185394, 1.511173884129110023, -2.258046565428965202 ) ) ;
#4219 = ORIENTED_EDGE ( 'NONE', *, *, #1440, .F. ) ;
#4220 = CARTESIAN_POINT ( 'NONE',  ( -2.200000000000000178, 0.5524999999999999911, -1.422499999999999876 ) ) ;
#4221 = ADVANCED_FACE ( 'NONE', ( #6852 ), #1651, .F. ) ;
#4222 = ADVANCED_FACE ( 'NONE', ( #495 ), #539, .T. ) ;
#4223 = ORIENTED_EDGE ( 'NONE', *, *, #4026, .T. ) ;
#4224 = LINE ( 'NONE', #2494, #7248 ) ;
#4225 = ORIENTED_EDGE ( 'NONE', *, *, #5920, .F. ) ;
#4226 = DIRECTION ( 'NONE',  ( 0.000000000000000000, 0.000000000000000000, -1.000000000000000000 ) ) ;
#4227 = ORIENTED_EDGE ( 'NONE', *, *, #3510, .T. ) ;
#4228 = PLANE ( 'NONE',  #2962 ) ;
#4229 = EDGE_CURVE ( 'NONE', #5124, #4160, #4382, .T. ) ;
#4230 =( NAMED_UNIT ( * ) SI_UNIT ( $, .STERADIAN. ) SOLID_ANGLE_UNIT ( ) );
#4231 = DIRECTION ( 'NONE',  ( 0.000000000000000000, 0.000000000000000000, -1.000000000000000000 ) ) ;
#4232 = UNCERTAINTY_MEASURE_WITH_UNIT (LENGTH_MEASURE( 1.000000000000000082E-05 ), #285, 'distance_accuracy_value', 'NONE');
#4233 = VECTOR ( 'NONE', #1298, 1000.000000000000114 ) ;
#4234 = CARTESIAN_POINT ( 'NONE',  ( 2.045118427147115003, 1.100000000000000089, -2.345118427147114826 ) ) ;
#4235 = CARTESIAN_POINT ( 'NONE',  ( 3.200000000000000178, 0.1446467872876731897, 2.072500000000000231 ) ) ;
#4236 = CIRCLE ( 'NONE', #6647, 0.1296982034251579208 ) ;
#4237 = EDGE_CURVE ( 'NONE', #5491, #543, #641, .T. ) ;
#4238 = CARTESIAN_POINT ( 'NONE',  ( -2.200000000000000178, 0.6975000000000000089, 2.399999999999999911 ) ) ;
#4239 = LINE ( 'NONE', #1326, #4275 ) ;
#4240 = DIRECTION ( 'NONE',  ( 0.000000000000000000, 0.000000000000000000, -1.000000000000000000 ) ) ;
#4241 = ORIENTED_EDGE ( 'NONE', *, *, #6242, .T. ) ;
#4242 = ORIENTED_EDGE ( 'NONE', *, *, #6285, .F. ) ;
#4243 = DIRECTION ( 'NONE',  ( 0.000000000000000000, 0.000000000000000000, 1.000000000000000000 ) ) ;
#4244 = FACE_OUTER_BOUND ( 'NONE', #853, .T. ) ;
#4245 = DIRECTION ( 'NONE',  ( 0.000000000000000000, 1.000000000000000000, 0.000000000000000000 ) ) ;
#4246 = CARTESIAN_POINT ( 'NONE',  ( 2.437831373677284752, 0.6975000000000000089, 2.072500000000000231 ) ) ;
#4247 = EDGE_CURVE ( 'NONE', #1161, #5115, #6364, .T. ) ;
#4248 = VERTEX_POINT ( 'NONE', #3548 ) ;
#4249 = EDGE_CURVE ( 'NONE', #952, #6293, #5377, .T. ) ;
#4250 = CARTESIAN_POINT ( 'NONE',  ( 2.851362942456834748, 0.02367179002526179771, -0.5274999999999999689 ) ) ;
#4251 = DIRECTION ( 'NONE',  ( 0.000000000000000000, 0.000000000000000000, 1.000000000000000000 ) ) ;
#4252 = ORIENTED_EDGE ( 'NONE', *, *, #6111, .T. ) ;
#4253 = PLANE ( 'NONE',  #6097 ) ;
#4254 = ORIENTED_EDGE ( 'NONE', *, *, #6007, .T. ) ;
#4255 = CARTESIAN_POINT ( 'NONE',  ( 2.851362942456834748, 0.02367179002526179771, -0.5274999999999999689 ) ) ;
#4256 = ORIENTED_EDGE ( 'NONE', *, *, #6041, .F. ) ;
#4257 = LINE ( 'NONE', #3027, #6722 ) ;
#4258 = ORIENTED_EDGE ( 'NONE', *, *, #521, .F. ) ;
#4259 = CARTESIAN_POINT ( 'NONE',  ( -3.200000000000000178, 0.1446467872876731897, 2.072500000000000231 ) ) ;
#4260 = EDGE_LOOP ( 'NONE', ( #6013, #3127, #7304, #2031 ) ) ;
#4261 = EDGE_CURVE ( 'NONE', #2117, #3639, #2956, .T. ) ;
#4262 = ORIENTED_EDGE ( 'NONE', *, *, #3971, .F. ) ;
#4263 = DIRECTION ( 'NONE',  ( -0.9848077530122083534, 0.1736481776669290544, 0.000000000000000000 ) ) ;
#4264 = EDGE_CURVE ( 'NONE', #1794, #1538, #512, .T. ) ;
#4265 = DIRECTION ( 'NONE',  ( -1.000000000000000000, 2.279350608210075138E-15, 0.000000000000000000 ) ) ;
#4266 = ORIENTED_EDGE ( 'NONE', *, *, #370, .F. ) ;
#4267 = LINE ( 'NONE', #6576, #1228 ) ;
#4268 = LINE ( 'NONE', #6502, #4769 ) ;
#4269 = AXIS2_PLACEMENT_3D ( 'NONE', #192, #252, #289 ) ;
#4270 = COLOUR_RGB ( '',0.7921568627450980005, 0.8196078431372548767, 0.9333333333333333481 ) ;
#4271 = VECTOR ( 'NONE', #4635, 1000.000000000000000 ) ;
#4272 = DIRECTION ( 'NONE',  ( -1.000000000000000000, 0.000000000000000000, 0.000000000000000000 ) ) ;
#4273 = PLANE ( 'NONE',  #7300 ) ;
#4274 = CARTESIAN_POINT ( 'NONE',  ( -1.486702623836771986, 1.000000000000000000, -1.838720136967914920 ) ) ;
#4275 = VECTOR ( 'NONE', #6618, 1000.000000000000114 ) ;
#4276 = DIRECTION ( 'NONE',  ( -0.9975640502598247528, 0.06975647374411908519, 0.000000000000000000 ) ) ;
#4277 = VECTOR ( 'NONE', #2635, 1000.000000000000000 ) ;
#4278 = ORIENTED_EDGE ( 'NONE', *, *, #4153, .T. ) ;
#4279 = EDGE_CURVE ( 'NONE', #952, #1944, #4786, .T. ) ;
#4280 = DIRECTION ( 'NONE',  ( -1.000000000000000000, 0.000000000000000000, -4.336808689942025625E-15 ) ) ;
#4281 = FACE_OUTER_BOUND ( 'NONE', #903, .T. ) ;
#4282 = ORIENTED_EDGE ( 'NONE', *, *, #4513, .F. ) ;
#4283 = ORIENTED_EDGE ( 'NONE', *, *, #3947, .T. ) ;
#4284 = DIRECTION ( 'NONE',  ( -1.941328555084369657E-16, -0.1736481776669305255, -0.9848077530122081313 ) ) ;
#4285 = PLANE ( 'NONE',  #5066 ) ;
#4286 = CARTESIAN_POINT ( 'NONE',  ( -2.437831373677284752, 0.4228017965748430140, 1.177499999999999991 ) ) ;
#4287 = ORIENTED_EDGE ( 'NONE', *, *, #1447, .T. ) ;
#4288 = CARTESIAN_POINT ( 'NONE',  ( -2.861477631149734968, 0.1683185773129349805, 1.422499999999999876 ) ) ;
#4289 = EDGE_CURVE ( 'NONE', #695, #3554, #4907, .T. ) ;
#4290 = ORIENTED_EDGE ( 'NONE', *, *, #6281, .T. ) ;
#4291 = DIRECTION ( 'NONE',  ( -0.1736481776669290544, 0.9848077530122083534, 0.000000000000000000 ) ) ;
#4292 = ORIENTED_EDGE ( 'NONE', *, *, #148, .F. ) ;
#4293 = VECTOR ( 'NONE', #6132, 1000.000000000000000 ) ;
#4294 = DIRECTION ( 'NONE',  ( 0.000000000000000000, 0.000000000000000000, 1.000000000000000000 ) ) ;
#4295 = EDGE_LOOP ( 'NONE', ( #6049, #4889, #6167 ) ) ;
#4296 = VECTOR ( 'NONE', #2980, 1000.000000000000000 ) ;
#4297 = ORIENTED_EDGE ( 'NONE', *, *, #471, .F. ) ;
#4298 = CARTESIAN_POINT ( 'NONE',  ( 2.870524920471619890, 0.2977008424331585301, 0.5274999999999999689 ) ) ;
#4299 = ORIENTED_EDGE ( 'NONE', *, *, #1316, .F. ) ;
#4300 = LINE ( 'NONE', #7135, #1972 ) ;
#4301 = DIRECTION ( 'NONE',  ( -2.279350608210070011E-15, -1.000000000000000000, 0.000000000000000000 ) ) ;
#4302 = EDGE_CURVE ( 'NONE', #1623, #1018, #2936, .T. ) ;
#4303 = AXIS2_PLACEMENT_3D ( 'NONE', #2049, #2594, #4394 ) ;
#4304 = EDGE_CURVE ( 'NONE', #2446, #4217, #1211, .T. ) ;
#4305 = SURFACE_STYLE_USAGE ( .BOTH. , #925 ) ;
#4306 = LINE ( 'NONE', #151, #2211 ) ;
#4307 = DIRECTION ( 'NONE',  ( 0.000000000000000000, -1.000000000000000000, 0.000000000000000000 ) ) ;
#4308 = CARTESIAN_POINT ( 'NONE',  ( 2.045118427147115003, 0.2500000000000000000, -2.345118427147114826 ) ) ;
#4309 = VECTOR ( 'NONE', #1039, 1000.000000000000114 ) ;
#4310 = VECTOR ( 'NONE', #3838, 1000.000000000000000 ) ;
#4311 = EDGE_CURVE ( 'NONE', #6751, #3178, #754, .T. ) ;
#4312 = CARTESIAN_POINT ( 'NONE',  ( 2.437831373677284752, 0.6975000000000000089, 0.1224999999999999978 ) ) ;
#4313 = AXIS2_PLACEMENT_3D ( 'NONE', #3706, #5935, #5413 ) ;
#4314 = DIRECTION ( 'NONE',  ( 0.000000000000000000, 0.000000000000000000, 1.000000000000000000 ) ) ;
#4315 = VECTOR ( 'NONE', #4447, 1000.000000000000000 ) ;
#4316 = ADVANCED_FACE ( 'NONE', ( #2404 ), #723, .F. ) ;
#4317 = CARTESIAN_POINT ( 'NONE',  ( 2.565559169962134956, 0.4453236532462965247, -1.827499999999999902 ) ) ;
#4318 = CIRCLE ( 'NONE', #894, 0.2746982034251567728 ) ;
#4319 = VERTEX_POINT ( 'NONE', #7110 ) ;
#4320 = DIRECTION ( 'NONE',  ( 0.000000000000000000, 0.000000000000000000, -1.000000000000000000 ) ) ;
#4321 = CYLINDRICAL_SURFACE ( 'NONE', #920, 0.1000000000000001721 ) ;
#4322 = CARTESIAN_POINT ( 'NONE',  ( 2.870524920471619890, 0.2977008424331585301, 0.7724999999999999645 ) ) ;
#4323 = ORIENTED_EDGE ( 'NONE', *, *, #3184, .F. ) ;
#4324 = DIRECTION ( 'NONE',  ( 1.000000000000000000, 0.000000000000000000, 0.000000000000000000 ) ) ;
#4325 = ORIENTED_EDGE ( 'NONE', *, *, #2738, .F. ) ;
#4326 = CYLINDRICAL_SURFACE ( 'NONE', #2412, 0.2746982034251567728 ) ;
#4327 = ORIENTED_EDGE ( 'NONE', *, *, #6694, .T. ) ;
#4328 = LINE ( 'NONE', #1991, #608 ) ;
#4329 = ORIENTED_EDGE ( 'NONE', *, *, #4247, .T. ) ;
#4330 = EDGE_LOOP ( 'NONE', ( #5073, #1069, #7044, #4665 ) ) ;
#4331 = LINE ( 'NONE', #842, #5157 ) ;
#4332 = VERTEX_POINT ( 'NONE', #1829 ) ;
#4333 = CARTESIAN_POINT ( 'NONE',  ( 2.437831373677284752, 0.5524999999999999911, -0.1224999999999999978 ) ) ;
#4334 = CARTESIAN_POINT ( 'NONE',  ( 2.437831373677284752, 0.5524999999999999911, 1.177499999999999991 ) ) ;
#4335 = DIRECTION ( 'NONE',  ( -0.9975640502598247528, 0.06975647374411908519, 0.000000000000000000 ) ) ;
#4336 = ADVANCED_FACE ( 'NONE', ( #2979 ), #5829, .F. ) ;
#4337 = EDGE_CURVE ( 'NONE', #4359, #5913, #3566, .T. ) ;
#4338 = PRESENTATION_STYLE_ASSIGNMENT (( #4305 ) ) ;
#4339 = EDGE_CURVE ( 'NONE', #4963, #1044, #2369, .T. ) ;
#4340 = SURFACE_STYLE_FILL_AREA ( #4972 ) ;
#4341 = CARTESIAN_POINT ( 'NONE',  ( 3.189885311307104843, 9.629649721936179265E-32, -0.5274999999999999689 ) ) ;
#4342 = LINE ( 'NONE', #7064, #1338 ) ;
#4343 = CYLINDRICAL_SURFACE ( 'NONE', #3641, 0.2746982034251567728 ) ;
#4344 = ORIENTED_EDGE ( 'NONE', *, *, #6016, .T. ) ;
#4345 = VECTOR ( 'NONE', #4516, 1000.000000000000000 ) ;
#4346 = FACE_OUTER_BOUND ( 'NONE', #6162, .T. ) ;
#4347 = LINE ( 'NONE', #755, #1635 ) ;
#4348 = ADVANCED_FACE ( 'NONE', ( #6998 ), #6441, .T. ) ;
#4349 = EDGE_CURVE ( 'NONE', #2810, #3311, #684, .T. ) ;
#4350 = AXIS2_PLACEMENT_3D ( 'NONE', #1878, #3632, #7041 ) ;
#4351 = DIRECTION ( 'NONE',  ( 0.000000000000000000, 1.000000000000000000, 0.000000000000000000 ) ) ;
#4352 = ORIENTED_EDGE ( 'NONE', *, *, #6630, .T. ) ;
#4353 = VECTOR ( 'NONE', #1255, 999.9999999999998863 ) ;
#4354 = ORIENTED_EDGE ( 'NONE', *, *, #2339, .F. ) ;
#4355 = DIRECTION ( 'NONE',  ( -0.1736481776669290544, 0.9848077530122083534, 0.000000000000000000 ) ) ;
#4356 = ORIENTED_EDGE ( 'NONE', *, *, #5136, .F. ) ;
#4357 = PLANE ( 'NONE',  #7358 ) ;
#4358 = CYLINDRICAL_SURFACE ( 'NONE', #4546, 0.09999999999999982514 ) ;
#4359 = VERTEX_POINT ( 'NONE', #3626 ) ;
#4360 = DIRECTION ( 'NONE',  ( -0.1736481776669329125, -0.9848077530122075762, 0.000000000000000000 ) ) ;
#4361 = ORIENTED_EDGE ( 'NONE', *, *, #4124, .T. ) ;
#4362 = DIRECTION ( 'NONE',  ( -1.000000000000000000, 0.000000000000000000, 0.000000000000000000 ) ) ;
#4363 = EDGE_LOOP ( 'NONE', ( #2734, #2398, #6177, #1843 ) ) ;
#4364 = CARTESIAN_POINT ( 'NONE',  ( -2.870524920471619890, 0.2977008424331585301, -0.5274999999999999689 ) ) ;
#4365 = ADVANCED_FACE ( 'NONE', ( #4774 ), #3013, .F. ) ;
#4366 = VERTEX_POINT ( 'NONE', #2481 ) ;
#4367 = ORIENTED_EDGE ( 'NONE', *, *, #4876, .T. ) ;
#4368 = ORIENTED_EDGE ( 'NONE', *, *, #5548, .F. ) ;
#4369 = PLANE ( 'NONE',  #7516 ) ;
#4370 = CIRCLE ( 'NONE', #2042, 0.1296982034251575044 ) ;
#4371 = CARTESIAN_POINT ( 'NONE',  ( -2.200000000000000178, 0.5524999999999999911, 2.072500000000000231 ) ) ;
#4372 = ORIENTED_EDGE ( 'NONE', *, *, #185, .F. ) ;
#4373 = PRODUCT_CONTEXT ( 'NONE', #5203, 'mechanical' ) ;
#4374 = DIRECTION ( 'NONE',  ( 0.000000000000000000, 0.000000000000000000, -1.000000000000000000 ) ) ;
#4375 = CARTESIAN_POINT ( 'NONE',  ( 2.851362942456834748, 0.02367179002526179771, -1.177499999999999991 ) ) ;
#4376 = ORIENTED_EDGE ( 'NONE', *, *, #7109, .F. ) ;
#4377 = FACE_OUTER_BOUND ( 'NONE', #1182, .T. ) ;
#4378 =( NAMED_UNIT ( * ) PLANE_ANGLE_UNIT ( ) SI_UNIT ( $, .RADIAN. ) );
#4379 = VECTOR ( 'NONE', #1509, 1000.000000000000000 ) ;
#4380 = CARTESIAN_POINT ( 'NONE',  ( -2.200000000000000178, 0.5524999999999999911, 2.072500000000000231 ) ) ;
#4381 = CARTESIAN_POINT ( 'NONE',  ( -2.200000000000000178, 0.6974999999999990097, 2.400502642445350610 ) ) ;
#4382 =( BOUNDED_CURVE ( )  B_SPLINE_CURVE ( 3, ( #3324, #4594, #6885, #2744 ),
 .UNSPECIFIED., .F., .F. ) 
 B_SPLINE_CURVE_WITH_KNOTS ( ( 4, 4 ),
 ( 6.268106176683110320, 6.283185307179590673 ),
 .UNSPECIFIED. ) 
 CURVE ( )  GEOMETRIC_REPRESENTATION_ITEM ( )  RATIONAL_B_SPLINE_CURVE ( ( 1.000000000000000000, 0.9999810517417160316, 0.9999810517417160316, 1.000000000000000000 ) ) 
 REPRESENTATION_ITEM ( '' )  );
#4383 = DIRECTION ( 'NONE',  ( 0.000000000000000000, 0.000000000000000000, -1.000000000000000000 ) ) ;
#4384 = LINE ( 'NONE', #4948, #2046 ) ;
#4385 = AXIS2_PLACEMENT_3D ( 'NONE', #6001, #5925, #1397 ) ;
#4386 = EDGE_CURVE ( 'NONE', #4540, #4830, #6713, .T. ) ;
#4387 = EDGE_CURVE ( 'NONE', #6923, #5809, #5974, .T. ) ;
#4388 = AXIS2_PLACEMENT_3D ( 'NONE', #1231, #6329, #3481 ) ;
#4389 = ORIENTED_EDGE ( 'NONE', *, *, #1822, .T. ) ;
#4390 = FACE_OUTER_BOUND ( 'NONE', #2791, .T. ) ;
#4391 = VECTOR ( 'NONE', #4307, 1000.000000000000000 ) ;
#4392 = CARTESIAN_POINT ( 'NONE',  ( 2.045118427147115003, 0.1499999999999999944, 2.429028390264845072 ) ) ;
#4393 = ORIENTED_EDGE ( 'NONE', *, *, #4947, .T. ) ;
#4394 = DIRECTION ( 'NONE',  ( 1.000000000000000000, 0.000000000000000000, 0.000000000000000000 ) ) ;
#4395 = CYLINDRICAL_SURFACE ( 'NONE', #269, 0.2746982034251567728 ) ;
#4396 = ORIENTED_EDGE ( 'NONE', *, *, #7205, .T. ) ;
#4397 = DIRECTION ( 'NONE',  ( 0.000000000000000000, 0.000000000000000000, -1.000000000000000000 ) ) ;
#4398 = LINE ( 'NONE', #1384, #2694 ) ;
#4399 = ORIENTED_EDGE ( 'NONE', *, *, #4642, .F. ) ;
#4400 = LINE ( 'NONE', #4959, #1874 ) ;
#4401 = FACE_OUTER_BOUND ( 'NONE', #5760, .T. ) ;
#4402 = ADVANCED_FACE ( 'NONE', ( #374 ), #3708, .F. ) ;
#4403 = EDGE_LOOP ( 'NONE', ( #4411, #591, #2112, #4597 ) ) ;
#4404 = DIRECTION ( 'NONE',  ( 1.000000000000000000, 0.000000000000000000, -8.673617379884039170E-17 ) ) ;
#4405 = VECTOR ( 'NONE', #4609, 1000.000000000000000 ) ;
#4406 = EDGE_CURVE ( 'NONE', #2096, #198, #1253, .T. ) ;
#4407 = AXIS2_PLACEMENT_3D ( 'NONE', #2501, #1244, #3001 ) ;
#4408 = ORIENTED_EDGE ( 'NONE', *, *, #1441, .T. ) ;
#4409 = ORIENTED_EDGE ( 'NONE', *, *, #7026, .F. ) ;
#4410 = CARTESIAN_POINT ( 'NONE',  ( 3.200000000000000178, 0.1446467872876731897, -0.1224999999999999978 ) ) ;
#4411 = ORIENTED_EDGE ( 'NONE', *, *, #5282, .T. ) ;
#4412 = DIRECTION ( 'NONE',  ( 0.000000000000000000, 0.000000000000000000, 1.000000000000000000 ) ) ;
#4413 = CARTESIAN_POINT ( 'NONE',  ( -2.851362942456834748, 0.02367179002526179771, -1.177499999999999991 ) ) ;
#4414 = FILL_AREA_STYLE_COLOUR ( '', #6127 ) ;
#4415 = EDGE_CURVE ( 'NONE', #2062, #1715, #5482, .T. ) ;
#4416 = AXIS2_PLACEMENT_3D ( 'NONE', #2447, #4139, #7120 ) ;
#4417 = CARTESIAN_POINT ( 'NONE',  ( -2.851362942456834748, 0.02367179002526179771, 0.7724999999999999645 ) ) ;
#4418 = DIRECTION ( 'NONE',  ( 0.000000000000000000, 0.000000000000000000, -1.000000000000000000 ) ) ;
#4419 = LINE ( 'NONE', #163, #5916 ) ;
#4420 = CARTESIAN_POINT ( 'NONE',  ( -2.199988631206595269, 0.6975644756313429395, 2.401507855905375077 ) ) ;
#4421 = VECTOR ( 'NONE', #2281, 1000.000000000000114 ) ;
#4422 = AXIS2_PLACEMENT_3D ( 'NONE', #4851, #611, #4129 ) ;
#4423 = CARTESIAN_POINT ( 'NONE',  ( 3.200000000000000178, 0.1446467872876731897, 1.422499999999999876 ) ) ;
#4424 = AXIS2_PLACEMENT_3D ( 'NONE', #2290, #5155, #2782 ) ;
#4425 = ORIENTED_EDGE ( 'NONE', *, *, #185, .T. ) ;
#4426 = CARTESIAN_POINT ( 'NONE',  ( -2.100502642445350343, 0.6974999999999990097, -2.499999999999994671 ) ) ;
#4427 = VECTOR ( 'NONE', #2134, 1000.000000000000000 ) ;
#4428 = ORIENTED_EDGE ( 'NONE', *, *, #3170, .T. ) ;
#4429 =( BOUNDED_CURVE ( )  B_SPLINE_CURVE ( 3, ( #2909, #4066, #3446, #1157 ),
 .UNSPECIFIED., .F., .F. ) 
 B_SPLINE_CURVE_WITH_KNOTS ( ( 4, 4 ),
 ( 5.512866274278620082, 7.053504340080559487 ),
 .UNSPECIFIED. ) 
 CURVE ( )  GEOMETRIC_REPRESENTATION_ITEM ( )  RATIONAL_B_SPLINE_CURVE ( ( 1.000000000000000000, 0.8117923620232510018, 0.8117923620232510018, 1.000000000000000000 ) ) 
 REPRESENTATION_ITEM ( '' )  );
#4430 = LINE ( 'NONE', #4472, #2215 ) ;
#4431 = DIRECTION ( 'NONE',  ( 0.000000000000000000, 0.000000000000000000, 1.000000000000000000 ) ) ;
#4432 = ORIENTED_EDGE ( 'NONE', *, *, #1461, .F. ) ;
#4433 = EDGE_LOOP ( 'NONE', ( #5571, #3718, #5281, #1258 ) ) ;
#4434 = VECTOR ( 'NONE', #5125, 1000.000000000000000 ) ;
#4435 = VECTOR ( 'NONE', #4418, 1000.000000000000000 ) ;
#4436 = AXIS2_PLACEMENT_3D ( 'NONE', #5052, #555, #5687 ) ;
#4437 = DIRECTION ( 'NONE',  ( 1.000000000000000000, 0.000000000000000000, 0.000000000000000000 ) ) ;
#4438 = CIRCLE ( 'NONE', #2361, 0.2500000000000000000 ) ;
#4439 = CARTESIAN_POINT ( 'NONE',  ( 2.565559169962134956, 0.4453236532462965247, -0.1224999999999999978 ) ) ;
#4440 = VECTOR ( 'NONE', #2790, 1000.000000000000000 ) ;
#4441 = ORIENTED_EDGE ( 'NONE', *, *, #335, .F. ) ;
#4442 = DIRECTION ( 'NONE',  ( 0.000000000000000000, 0.000000000000000000, 1.000000000000000000 ) ) ;
#4443 = EDGE_CURVE ( 'NONE', #5781, #4832, #4884, .T. ) ;
#4444 = DIRECTION ( 'NONE',  ( 0.000000000000000000, 0.000000000000000000, 1.000000000000000000 ) ) ;
#4445 = EDGE_CURVE ( 'NONE', #4961, #74, #3315, .T. ) ;
#4446 = EDGE_LOOP ( 'NONE', ( #6157, #1027, #581, #5639 ) ) ;
#4447 = DIRECTION ( 'NONE',  ( 1.000000000000000000, -4.558701216420150868E-16, 0.000000000000000000 ) ) ;
#4448 = ORIENTED_EDGE ( 'NONE', *, *, #5887, .F. ) ;
#4449 = PLANE ( 'NONE',  #4965 ) ;
#4450 = ORIENTED_EDGE ( 'NONE', *, *, #281, .F. ) ;
#4451 = VECTOR ( 'NONE', #134, 1000.000000000000114 ) ;
#4452 = LINE ( 'NONE', #7299, #5472 ) ;
#4453 = ORIENTED_EDGE ( 'NONE', *, *, #921, .F. ) ;
#4454 = ORIENTED_EDGE ( 'NONE', *, *, #2443, .T. ) ;
#4455 = EDGE_LOOP ( 'NONE', ( #5060, #372, #5235, #3490, #3751, #2612, #248, #1201, #2025, #7036, #4352, #527 ) ) ;
#4456 = FACE_OUTER_BOUND ( 'NONE', #5866, .T. ) ;
#4457 = FACE_OUTER_BOUND ( 'NONE', #3208, .T. ) ;
#4458 = ORIENTED_EDGE ( 'NONE', *, *, #2997, .T. ) ;
#4459 = EDGE_CURVE ( 'NONE', #2486, #5349, #6695, .T. ) ;
#4460 = DIRECTION ( 'NONE',  ( 0.1736481776669290544, 0.9848077530122083534, 0.000000000000000000 ) ) ;
#4461 = EDGE_CURVE ( 'NONE', #6965, #1018, #233, .T. ) ;
#4462 = DIRECTION ( 'NONE',  ( -1.000000000000000000, 0.000000000000000000, 0.000000000000000000 ) ) ;
#4463 = EDGE_CURVE ( 'NONE', #6546, #4797, #3617, .T. ) ;
#4464 = EDGE_LOOP ( 'NONE', ( #2206, #2258, #6310, #701 ) ) ;
#4465 =( LENGTH_UNIT ( ) NAMED_UNIT ( * ) SI_UNIT ( .MILLI., .METRE. ) );
#4466 = CARTESIAN_POINT ( 'NONE',  ( -2.200000000000000178, 0.5524999999999999911, 2.072500000000000231 ) ) ;
#4467 = CARTESIAN_POINT ( 'NONE',  ( 2.045118427147115003, 1.000000000000000000, 2.345118427147114826 ) ) ;
#4468 = CARTESIAN_POINT ( 'NONE',  ( 2.104401861300145171, 0.5862130623165889842, 2.404401861300144994 ) ) ;
#4469 = CARTESIAN_POINT ( 'NONE',  ( 2.200000000000000178, 0.5524999999999999911, 0.7724999999999999645 ) ) ;
#4470 = ORIENTED_EDGE ( 'NONE', *, *, #1870, .F. ) ;
#4471 = EDGE_CURVE ( 'NONE', #2783, #27, #4236, .T. ) ;
#4472 = CARTESIAN_POINT ( 'NONE',  ( -2.861477631149734968, 0.1683185773129349805, -1.177499999999999991 ) ) ;
#4473 = VERTEX_POINT ( 'NONE', #1445 ) ;
#4474 = EDGE_LOOP ( 'NONE', ( #7042, #6783, #5907, #832, #5366, #7023, #6835, #3983, #4054, #4002, #451, #417 ) ) ;
#4475 = CARTESIAN_POINT ( 'NONE',  ( 3.189885311307104843, 9.629649721936179265E-32, -1.827499999999999902 ) ) ;
#4476 = VECTOR ( 'NONE', #3390, 1000.000000000000000 ) ;
#4477 = ORIENTED_EDGE ( 'NONE', *, *, #95, .T. ) ;
#4478 = DIRECTION ( 'NONE',  ( 0.000000000000000000, 0.000000000000000000, -1.000000000000000000 ) ) ;
#4479 = ORIENTED_EDGE ( 'NONE', *, *, #3472, .T. ) ;
#4480 = VECTOR ( 'NONE', #4397, 1000.000000000000000 ) ;
#4481 = DIRECTION ( 'NONE',  ( -1.000000000000000000, 0.000000000000000000, 0.000000000000000000 ) ) ;
#4482 = VECTOR ( 'NONE', #301, 1000.000000000000000 ) ;
#4483 = DIRECTION ( 'NONE',  ( 0.000000000000000000, 0.000000000000000000, -1.000000000000000000 ) ) ;
#4484 = VERTEX_POINT ( 'NONE', #6045 ) ;
#4485 = DIRECTION ( 'NONE',  ( 0.000000000000000000, 0.000000000000000000, 1.000000000000000000 ) ) ;
#4486 = ORIENTED_EDGE ( 'NONE', *, *, #7245, .F. ) ;
#4487 = CARTESIAN_POINT ( 'NONE',  ( 2.437831373677284752, 0.4228017965748430140, -2.072500000000000231 ) ) ;
#4488 = ORIENTED_EDGE ( 'NONE', *, *, #2529, .F. ) ;
#4489 = DIRECTION ( 'NONE',  ( 1.000000000000000000, -1.117966558110372181E-15, 0.000000000000000000 ) ) ;
#4490 = ADVANCED_FACE ( 'NONE', ( #4281 ), #4953, .F. ) ;
#4491 = VERTEX_POINT ( 'NONE', #3237 ) ;
#4492 = EDGE_LOOP ( 'NONE', ( #5550, #2320, #5102, #2373 ) ) ;
#4493 = VERTEX_POINT ( 'NONE', #1378 ) ;
#4494 = DIRECTION ( 'NONE',  ( 1.971276677246383105E-16, 0.000000000000000000, 1.000000000000000000 ) ) ;
#4495 = CARTESIAN_POINT ( 'NONE',  ( 2.861477631149734968, 0.1683185773129355078, 0.7724999999999999645 ) ) ;
#4496 = ORIENTED_EDGE ( 'NONE', *, *, #3700, .F. ) ;
#4497 = DIRECTION ( 'NONE',  ( 0.000000000000000000, -0.1736481776669302757, -0.9848077530122080203 ) ) ;
#4498 = PLANE ( 'NONE',  #1644 ) ;
#4499 = ADVANCED_FACE ( 'NONE', ( #1977 ), #1534, .F. ) ;
#4500 = EDGE_CURVE ( 'NONE', #6818, #2863, #6771, .T. ) ;
#4501 = FILL_AREA_STYLE ('',( #1745 ) ) ;
#4502 =( LENGTH_UNIT ( ) NAMED_UNIT ( * ) SI_UNIT ( .MILLI., .METRE. ) );
#4503 = CARTESIAN_POINT ( 'NONE',  ( 2.708356294148904997, 0.4705026390080009890, -1.827499999999999902 ) ) ;
#4504 = CYLINDRICAL_SURFACE ( 'NONE', #492, 0.1296982034251575044 ) ;
#4505 = CARTESIAN_POINT ( 'NONE',  ( -2.742797124186769686, 0.2751789857617045199, 1.422499999999999876 ) ) ;
#4506 = VERTEX_POINT ( 'NONE', #1411 ) ;
#4507 = ADVANCED_FACE ( 'NONE', ( #6017 ), #796, .F. ) ;
#4508 = CARTESIAN_POINT ( 'NONE',  ( 2.199988631206595269, 0.6975644756313429395, 2.401507855905375077 ) ) ;
#4509 = CARTESIAN_POINT ( 'NONE',  ( -2.045118427147115003, 0.2326351822333070085, -2.443599202448334839 ) ) ;
#4510 = VERTEX_POINT ( 'NONE', #858 ) ;
#4511 = DIRECTION ( 'NONE',  ( 0.000000000000000000, 0.000000000000000000, 1.000000000000000000 ) ) ;
#4512 = AXIS2_PLACEMENT_3D ( 'NONE', #2637, #394, #7460 ) ;
#4513 = EDGE_CURVE ( 'NONE', #6927, #5859, #1486, .T. ) ;
#4514 = ORIENTED_EDGE ( 'NONE', *, *, #1870, .T. ) ;
#4515 = VECTOR ( 'NONE', #279, 1000.000000000000114 ) ;
#4516 = DIRECTION ( 'NONE',  ( 0.000000000000000000, 0.000000000000000000, -1.000000000000000000 ) ) ;
#4517 = CARTESIAN_POINT ( 'NONE',  ( -2.708356294148904997, 0.4705026390080009890, 2.072500000000000231 ) ) ;
#4518 = ORIENTED_EDGE ( 'NONE', *, *, #4810, .F. ) ;
#4519 = CARTESIAN_POINT ( 'NONE',  ( 2.100000000000000089, 0.6975000000000000089, -2.500000000000000000 ) ) ;
#4520 = FACE_OUTER_BOUND ( 'NONE', #2296, .T. ) ;
#4521 = ORIENTED_EDGE ( 'NONE', *, *, #6827, .F. ) ;
#4522 = AXIS2_PLACEMENT_3D ( 'NONE', #4644, #1845, #1739 ) ;
#4523 = CARTESIAN_POINT ( 'NONE',  ( 2.100000000000000089, 0.5524999999999999911, 2.500000000000000000 ) ) ;
#4524 = VERTEX_POINT ( 'NONE', #2624 ) ;
#4525 = EDGE_LOOP ( 'NONE', ( #3171, #5423, #3252, #1210 ) ) ;
#4526 = CARTESIAN_POINT ( 'NONE',  ( -2.104401861300145171, 0.6637869376834120150, -2.404401861300144994 ) ) ;
#4527 = LINE ( 'NONE', #6822, #5518 ) ;
#4528 = EDGE_LOOP ( 'NONE', ( #1024, #5897, #11, #6118 ) ) ;
#4529 = FACE_OUTER_BOUND ( 'NONE', #7014, .T. ) ;
#4530 =( NAMED_UNIT ( * ) PLANE_ANGLE_UNIT ( ) SI_UNIT ( $, .RADIAN. ) );
#4531 = ORIENTED_EDGE ( 'NONE', *, *, #1088, .F. ) ;
#4532 = AXIS2_PLACEMENT_3D ( 'NONE', #5729, #2242, #3963 ) ;
#4533 = ORIENTED_EDGE ( 'NONE', *, *, #3508, .T. ) ;
#4534 = SURFACE_STYLE_USAGE ( .BOTH. , #4076 ) ;
#4535 = CARTESIAN_POINT ( 'NONE',  ( 2.437831373677284752, 0.4228017965748430140, -1.827499999999999902 ) ) ;
#4536 = DIRECTION ( 'NONE',  ( 0.000000000000000000, 1.000000000000000000, 0.000000000000000000 ) ) ;
#4537 = DIRECTION ( 'NONE',  ( 0.9975640502598246417, 0.06975647374411987622, 0.000000000000000000 ) ) ;
#4538 = LINE ( 'NONE', #6834, #7029 ) ;
#4539 = EDGE_CURVE ( 'NONE', #3274, #1989, #3820, .T. ) ;
#4540 = VERTEX_POINT ( 'NONE', #2657 ) ;
#4541 = AXIS2_PLACEMENT_3D ( 'NONE', #3122, #1254, #3044 ) ;
#4542 = DIRECTION ( 'NONE',  ( 1.000000000000000000, -4.558701216420150868E-16, 0.000000000000000000 ) ) ;
#4543 = DIRECTION ( 'NONE',  ( 0.9848077530122076872, -0.1736481776669329680, 0.000000000000000000 ) ) ;
#4544 = VERTEX_POINT ( 'NONE', #4990 ) ;
#4545 = EDGE_LOOP ( 'NONE', ( #5564, #6665, #1064, #1687 ) ) ;
#4546 = AXIS2_PLACEMENT_3D ( 'NONE', #2630, #7251, #380 ) ;
#4547 = VECTOR ( 'NONE', #7506, 1000.000000000000000 ) ;
#4548 = EDGE_CURVE ( 'NONE', #543, #3109, #2132, .T. ) ;
#4549 = LINE ( 'NONE', #2735, #1424 ) ;
#4550 = VECTOR ( 'NONE', #3131, 1000.000000000000000 ) ;
#4551 = DIRECTION ( 'NONE',  ( 0.000000000000000000, -1.000000000000000000, 0.000000000000000000 ) ) ;
#4552 = ORIENTED_EDGE ( 'NONE', *, *, #2738, .T. ) ;
#4553 = VECTOR ( 'NONE', #1750, 1000.000000000000000 ) ;
#4554 = EDGE_CURVE ( 'NONE', #2128, #3232, #6809, .T. ) ;
#4555 = AXIS2_PLACEMENT_3D ( 'NONE', #628, #4188, #1889 ) ;
#4556 = CARTESIAN_POINT ( 'NONE',  ( 2.101507855905375255, 0.5524355243686569494, -2.499988631206595091 ) ) ;
#4557 = DIRECTION ( 'NONE',  ( 0.000000000000000000, 0.000000000000000000, 1.000000000000000000 ) ) ;
#4558 = VERTEX_POINT ( 'NONE', #6313 ) ;
#4559 = DIRECTION ( 'NONE',  ( 1.000000000000000000, 0.000000000000000000, 0.000000000000000000 ) ) ;
#4560 = CARTESIAN_POINT ( 'NONE',  ( -2.129028390264844806, 1.017364817766692076, 2.443599202448334839 ) ) ;
#4561 = VERTEX_POINT ( 'NONE', #976 ) ;
#4562 = VECTOR ( 'NONE', #2961, 1000.000000000000000 ) ;
#4563 = PRESENTATION_LAYER_ASSIGNMENT (  '', '', ( #7439 ) ) ;
#4564 = ORIENTED_EDGE ( 'NONE', *, *, #2156, .F. ) ;
#4565 = ORIENTED_EDGE ( 'NONE', *, *, #2808, .F. ) ;
#4566 = CARTESIAN_POINT ( 'NONE',  ( 2.199988631206595269, 0.5524355243686589478, -2.401507855905375077 ) ) ;
#4567 = DIRECTION ( 'NONE',  ( 0.000000000000000000, 0.000000000000000000, -1.000000000000000000 ) ) ;
#4568 = ORIENTED_EDGE ( 'NONE', *, *, #2530, .T. ) ;
#4569 = VECTOR ( 'NONE', #1297, 1000.000000000000000 ) ;
#4570 = CYLINDRICAL_SURFACE ( 'NONE', #3066, 0.2746982034251563842 ) ;
#4571 = CARTESIAN_POINT ( 'NONE',  ( -1.486702623836771986, 1.100000000000000089, -1.588720136967914920 ) ) ;
#4572 = MECHANICAL_DESIGN_GEOMETRIC_PRESENTATION_REPRESENTATION (  '', ( #6244 ), #5634 ) ;
#4573 = PLANE ( 'NONE',  #2701 ) ;
#4574 = SURFACE_STYLE_USAGE ( .BOTH. , #2918 ) ;
#4575 = LINE ( 'NONE', #3995, #4405 ) ;
#4576 = DIRECTION ( 'NONE',  ( -0.9975640502598246417, 0.06975647374411987622, 0.000000000000000000 ) ) ;
#4577 = DIRECTION ( 'NONE',  ( 0.1736481776669290544, -0.9848077530122083534, 0.000000000000000000 ) ) ;
#4578 = CARTESIAN_POINT ( 'NONE',  ( -2.600000000000000089, 0.2500000000000000000, 0.1224999999999999978 ) ) ;
#4579 = VERTEX_POINT ( 'NONE', #416 ) ;
#4580 = EDGE_CURVE ( 'NONE', #828, #2450, #1907, .T. ) ;
#4581 = EDGE_CURVE ( 'NONE', #4187, #5468, #1604, .T. ) ;
#4582 = VERTEX_POINT ( 'NONE', #1716 ) ;
#4583 = CARTESIAN_POINT ( 'NONE',  ( -2.200000000000000178, 0.5524999999999999911, -0.7724999999999999645 ) ) ;
#4584 = DIRECTION ( 'NONE',  ( 1.000000000000000000, 0.000000000000000000, 0.000000000000000000 ) ) ;
#4585 = ORIENTED_EDGE ( 'NONE', *, *, #6390, .T. ) ;
#4586 = DIRECTION ( 'NONE',  ( 0.000000000000000000, 0.000000000000000000, -1.000000000000000000 ) ) ;
#4587 = EDGE_CURVE ( 'NONE', #5349, #3794, #2283, .T. ) ;
#4588 = ADVANCED_FACE ( 'NONE', ( #567 ), #533, .F. ) ;
#4589 = DIRECTION ( 'NONE',  ( 5.926311581346190705E-15, -1.000000000000000000, 0.000000000000000000 ) ) ;
#4590 = EDGE_CURVE ( 'NONE', #27, #6749, #1138, .T. ) ;
#4591 = DIRECTION ( 'NONE',  ( 0.06975647374411828028, -0.9975640502598247528, 0.000000000000000000 ) ) ;
#4592 = DIRECTION ( 'NONE',  ( 0.000000000000000000, 0.000000000000000000, 1.000000000000000000 ) ) ;
#4593 = EDGE_LOOP ( 'NONE', ( #3589, #1582, #4674, #5821 ) ) ;
#4594 = CARTESIAN_POINT ( 'NONE',  ( 2.101005270604403563, 0.6975214922843544496, -2.499996210330387214 ) ) ;
#4595 = CARTESIAN_POINT ( 'NONE',  ( -2.200000000000000178, 0.6975000000000000089, -2.072500000000000231 ) ) ;
#4596 = LINE ( 'NONE', #2292, #2795 ) ;
#4597 = ORIENTED_EDGE ( 'NONE', *, *, #2213, .T. ) ;
#4598 = AXIS2_PLACEMENT_3D ( 'NONE', #1040, #1667, #2241 ) ;
#4599 = AXIS2_PLACEMENT_3D ( 'NONE', #1015, #7405, #4511 ) ;
#4600 = LINE ( 'NONE', #352, #721 ) ;
#4601 = FACE_OUTER_BOUND ( 'NONE', #4593, .T. ) ;
#4602 = VERTEX_POINT ( 'NONE', #3898 ) ;
#4603 = VERTEX_POINT ( 'NONE', #5784 ) ;
#4604 = CARTESIAN_POINT ( 'NONE',  ( -2.437831373677284752, 0.5524999999999999911, -1.827499999999999902 ) ) ;
#4605 = EDGE_LOOP ( 'NONE', ( #4290, #7383, #4700, #547, #3760, #6403, #181, #933, #5641, #1391, #1304, #6842 ) ) ;
#4606 = CARTESIAN_POINT ( 'NONE',  ( -2.437831373677284752, 0.6975000000000000089, 0.7724999999999999645 ) ) ;
#4607 = ORIENTED_EDGE ( 'NONE', *, *, #4982, .T. ) ;
#4608 = CARTESIAN_POINT ( 'NONE',  ( 2.200000000000000178, 0.6975000000000000089, -0.5274999999999999689 ) ) ;
#4609 = DIRECTION ( 'NONE',  ( -0.1736481776669329125, -0.9848077530122075762, 0.000000000000000000 ) ) ;
#4610 = CARTESIAN_POINT ( 'NONE',  ( -2.200000000000000178, 0.5524999999999999911, -1.827499999999999902 ) ) ;
#4611 = CARTESIAN_POINT ( 'NONE',  ( 2.600000000000000089, 0.2500000000000000000, -0.1224999999999999978 ) ) ;
#4612 = LINE ( 'NONE', #704, #2304 ) ;
#4613 = ORIENTED_EDGE ( 'NONE', *, *, #4689, .F. ) ;
#4614 = DIRECTION ( 'NONE',  ( -0.9975640502598246417, 0.06975647374411987622, 0.000000000000000000 ) ) ;
#4615 = DIRECTION ( 'NONE',  ( 0.000000000000000000, 0.000000000000000000, -1.000000000000000000 ) ) ;
#4616 = EDGE_LOOP ( 'NONE', ( #3116, #899, #6929, #4997 ) ) ;
#4617 = EDGE_CURVE ( 'NONE', #4691, #1715, #2629, .T. ) ;
#4618 = CARTESIAN_POINT ( 'NONE',  ( -2.200000000000000178, 0.6975000000000000089, -0.5274999999999999689 ) ) ;
#4619 = VERTEX_POINT ( 'NONE', #2207 ) ;
#4620 = VECTOR ( 'NONE', #1628, 1000.000000000000000 ) ;
#4621 = FILL_AREA_STYLE_COLOUR ( '', #5031 ) ;
#4622 = CARTESIAN_POINT ( 'NONE',  ( -2.199988631206595269, 0.5524355243686569494, 2.401507855905375077 ) ) ;
#4623 = DIRECTION ( 'NONE',  ( -0.9975640502598246417, 0.06975647374411987622, 0.000000000000000000 ) ) ;
#4624 =( BOUNDED_CURVE ( )  B_SPLINE_CURVE ( 3, ( #193, #6987, #3577, #4198 ),
 .UNSPECIFIED., .F., .T. ) 
 B_SPLINE_CURVE_WITH_KNOTS ( ( 4, 4 ),
 ( -4.440892098500625373E-15, 0.01507913049647644985 ),
 .UNSPECIFIED. ) 
 CURVE ( )  GEOMETRIC_REPRESENTATION_ITEM ( )  RATIONAL_B_SPLINE_CURVE ( ( 1.000000000000000000, 0.9999810517417160316, 0.9999810517417160316, 1.000000000000000000 ) ) 
 REPRESENTATION_ITEM ( '' )  );
#4625 = ORIENTED_EDGE ( 'NONE', *, *, #112, .F. ) ;
#4626 = CARTESIAN_POINT ( 'NONE',  ( 2.200000000000000178, 0.5524999999999999911, 2.500000000000000000 ) ) ;
#4627 = EDGE_CURVE ( 'NONE', #2733, #5417, #1677, .T. ) ;
#4628 = ORIENTED_EDGE ( 'NONE', *, *, #6273, .F. ) ;
#4629 = CARTESIAN_POINT ( 'NONE',  ( -2.200000000000000178, 0.6975000000000000089, 0.1224999999999999978 ) ) ;
#4630 = VECTOR ( 'NONE', #2804, 1000.000000000000000 ) ;
#4631 = LINE ( 'NONE', #3514, #6317 ) ;
#4632 = AXIS2_PLACEMENT_3D ( 'NONE', #618, #1837, #4174 ) ;
#4633 = ORIENTED_EDGE ( 'NONE', *, *, #5960, .T. ) ;
#4634 = EDGE_LOOP ( 'NONE', ( #5305, #5977, #1547, #3563 ) ) ;
#4635 = DIRECTION ( 'NONE',  ( 0.000000000000000000, 0.000000000000000000, -1.000000000000000000 ) ) ;
#4636 = CARTESIAN_POINT ( 'NONE',  ( 2.200000000000000178, 0.6975000000000000089, 0.5274999999999999689 ) ) ;
#4637 = EDGE_LOOP ( 'NONE', ( #4327, #5836, #7242, #6093 ) ) ;
#4638 = VECTOR ( 'NONE', #4912, 1000.000000000000000 ) ;
#4639 = DIRECTION ( 'NONE',  ( 0.000000000000000000, 0.000000000000000000, -1.000000000000000000 ) ) ;
#4640 = CARTESIAN_POINT ( 'NONE',  ( 2.565559169962134956, 0.4453236532462965247, 1.422499999999999876 ) ) ;
#4641 = AXIS2_PLACEMENT_3D ( 'NONE', #1580, #2672, #5001 ) ;
#4642 = EDGE_CURVE ( 'NONE', #4043, #4510, #6165, .T. ) ;
#4643 = DIRECTION ( 'NONE',  ( -2.279350608210070011E-15, -1.000000000000000000, 0.000000000000000000 ) ) ;
#4644 = CARTESIAN_POINT ( 'NONE',  ( 2.437831373677284752, 0.4228017965748430140, 1.827499999999999902 ) ) ;
#4645 = ORIENTED_EDGE ( 'NONE', *, *, #2262, .F. ) ;
#4646 = CARTESIAN_POINT ( 'NONE',  ( -2.708356294148904997, 0.4705026390080009890, 1.422499999999999876 ) ) ;
#4647 = DIRECTION ( 'NONE',  ( -0.9848077530122083534, -0.1736481776669290544, 0.000000000000000000 ) ) ;
#4648 = DIRECTION ( 'NONE',  ( 0.000000000000000000, 1.000000000000000000, 0.000000000000000000 ) ) ;
#4649 = EDGE_CURVE ( 'NONE', #2783, #6378, #4549, .T. ) ;
#4650 = CARTESIAN_POINT ( 'NONE',  ( 2.158688739809632828, 0.7024548410463217207, 2.499126327838411488 ) ) ;
#4651 = CARTESIAN_POINT ( 'NONE',  ( -2.437831373677284752, 0.4228017965748430140, -1.177499999999999991 ) ) ;
#4652 = CARTESIAN_POINT ( 'NONE',  ( -2.045118427147115003, 1.017364817766692076, -2.443599202448334839 ) ) ;
#4653 = ORIENTED_EDGE ( 'NONE', *, *, #672, .F. ) ;
#4654 = PLANE ( 'NONE',  #2461 ) ;
#4655 = DIRECTION ( 'NONE',  ( 0.000000000000000000, 0.000000000000000000, -1.000000000000000000 ) ) ;
#4656 = ORIENTED_EDGE ( 'NONE', *, *, #4339, .T. ) ;
#4657 = CARTESIAN_POINT ( 'NONE',  ( 2.708356294148904997, 0.4705026390080009890, -0.1224999999999999978 ) ) ;
#4658 = CIRCLE ( 'NONE', #1363, 0.09999999999999982514 ) ;
#4659 = ORIENTED_EDGE ( 'NONE', *, *, #579, .T. ) ;
#4660 = CIRCLE ( 'NONE', #6701, 0.2746982034251559401 ) ;
#4661 = AXIS2_PLACEMENT_3D ( 'NONE', #4286, #3715, #3245 ) ;
#4662 = CARTESIAN_POINT ( 'NONE',  ( -2.199126327838414330, 0.5475451589536791674, 2.458688739809636203 ) ) ;
#4663 = DIRECTION ( 'NONE',  ( 1.000000000000000000, 4.558701216420150868E-16, 0.000000000000000000 ) ) ;
#4664 = AXIS2_PLACEMENT_3D ( 'NONE', #6518, #1300, #165 ) ;
#4665 = ORIENTED_EDGE ( 'NONE', *, *, #4908, .T. ) ;
#4666 = DIRECTION ( 'NONE',  ( 0.9975640502598247528, -0.06975647374411807211, 0.000000000000000000 ) ) ;
#4667 = LINE ( 'NONE', #2861, #6102 ) ;
#4668 = CARTESIAN_POINT ( 'NONE',  ( -2.437831373677284752, 0.4228017965748430140, -1.827499999999999902 ) ) ;
#4669 = ADVANCED_FACE ( 'NONE', ( #3933 ), #5181, .F. ) ;
#4670 = EDGE_CURVE ( 'NONE', #953, #7191, #5658, .T. ) ;
#4671 = EDGE_LOOP ( 'NONE', ( #2670, #5533, #6513, #3725 ) ) ;
#4672 = ORIENTED_EDGE ( 'NONE', *, *, #7311, .F. ) ;
#4673 = EDGE_CURVE ( 'NONE', #128, #7082, #2813, .T. ) ;
#4674 = ORIENTED_EDGE ( 'NONE', *, *, #877, .F. ) ;
#4675 = CARTESIAN_POINT ( 'NONE',  ( -2.565559169962134956, 0.4453236532462965247, -1.177499999999999991 ) ) ;
#4676 =( BOUNDED_CURVE ( )  B_SPLINE_CURVE ( 3, ( #1089, #4121, #5215, #2250 ),
 .UNSPECIFIED., .F., .F. ) 
 B_SPLINE_CURVE_WITH_KNOTS ( ( 4, 4 ),
 ( 3.141592653589795336, 3.156671784086280130 ),
 .UNSPECIFIED. ) 
 CURVE ( )  GEOMETRIC_REPRESENTATION_ITEM ( )  RATIONAL_B_SPLINE_CURVE ( ( 1.000000000000000000, 0.9999810517417160316, 0.9999810517417160316, 1.000000000000000000 ) ) 
 REPRESENTATION_ITEM ( '' )  );
#4677 = EDGE_CURVE ( 'NONE', #3103, #4687, #6356, .T. ) ;
#4678 = CARTESIAN_POINT ( 'NONE',  ( -2.870524920471619890, 0.2977008424331585301, 0.1224999999999999978 ) ) ;
#4679 = ORIENTED_EDGE ( 'NONE', *, *, #963, .T. ) ;
#4680 = DIRECTION ( 'NONE',  ( -0.9975640502598247528, 0.06975647374411908519, 0.000000000000000000 ) ) ;
#4681 = CIRCLE ( 'NONE', #167, 0.2746982034251567728 ) ;
#4682 = PLANE ( 'NONE',  #189 ) ;
#4683 = VECTOR ( 'NONE', #516, 1000.000000000000114 ) ;
#4684 = ORIENTED_EDGE ( 'NONE', *, *, #3700, .T. ) ;
#4685 = CARTESIAN_POINT ( 'NONE',  ( 2.101507855905375255, 0.5524355243686569494, 2.499988631206595091 ) ) ;
#4686 = PLANE ( 'NONE',  #1087 ) ;
#4687 = VERTEX_POINT ( 'NONE', #5099 ) ;
#4688 = EDGE_CURVE ( 'NONE', #382, #7453, #5068, .T. ) ;
#4689 = EDGE_CURVE ( 'NONE', #2566, #5588, #6275, .T. ) ;
#4690 = DIRECTION ( 'NONE',  ( 0.000000000000000000, 0.000000000000000000, -1.000000000000000000 ) ) ;
#4691 = VERTEX_POINT ( 'NONE', #5264 ) ;
#4692 =( NAMED_UNIT ( * ) SI_UNIT ( $, .STERADIAN. ) SOLID_ANGLE_UNIT ( ) );
#4693 = DIRECTION ( 'NONE',  ( 1.000000000000000000, 0.000000000000000000, 0.000000000000000000 ) ) ;
#4694 = DIRECTION ( 'NONE',  ( -0.1736481776669329125, -0.9848077530122075762, 0.000000000000000000 ) ) ;
#4695 = CARTESIAN_POINT ( 'NONE',  ( 2.708356294148904997, 0.4705026390080009890, -0.7724999999999999645 ) ) ;
#4696 = VECTOR ( 'NONE', #1661, 1000.000000000000000 ) ;
#4697 = ORIENTED_EDGE ( 'NONE', *, *, #2654, .F. ) ;
#4698 = CARTESIAN_POINT ( 'NONE',  ( -2.437831373677284752, 0.4228017965748430140, 0.1224999999999999978 ) ) ;
#4699 = LINE ( 'NONE', #4042, #6091 ) ;
#4700 = ORIENTED_EDGE ( 'NONE', *, *, #121, .T. ) ;
#4701 = DIRECTION ( 'NONE',  ( 0.000000000000000000, 0.000000000000000000, -1.000000000000000000 ) ) ;
#4702 = PLANE ( 'NONE',  #7004 ) ;
#4703 = ORIENTED_EDGE ( 'NONE', *, *, #3126, .F. ) ;
#4704 = VERTEX_POINT ( 'NONE', #1792 ) ;
#4705 = EDGE_CURVE ( 'NONE', #1510, #7453, #2278, .T. ) ;
#4706 = CARTESIAN_POINT ( 'NONE',  ( 2.742797124186769686, 0.2751789857617050195, -2.072500000000000231 ) ) ;
#4707 = ORIENTED_EDGE ( 'NONE', *, *, #5887, .T. ) ;
#4708 = DIRECTION ( 'NONE',  ( 0.000000000000000000, 0.000000000000000000, -1.000000000000000000 ) ) ;
#4709 = CARTESIAN_POINT ( 'NONE',  ( -2.565559169962134956, 0.4453236532462965247, -1.177499999999999991 ) ) ;
#4710 = ORIENTED_EDGE ( 'NONE', *, *, #1978, .F. ) ;
#4711 = ORIENTED_EDGE ( 'NONE', *, *, #5180, .T. ) ;
#4712 = ORIENTED_EDGE ( 'NONE', *, *, #1496, .T. ) ;
#4713 = CARTESIAN_POINT ( 'NONE',  ( 2.437831373677284752, 0.5524999999999999911, 0.7724999999999999645 ) ) ;
#4714 = CARTESIAN_POINT ( 'NONE',  ( 2.200000000000000178, 0.6975000000000000089, 2.072500000000000231 ) ) ;
#4715 = ORIENTED_EDGE ( 'NONE', *, *, #6380, .T. ) ;
#4716 = DIRECTION ( 'NONE',  ( 0.000000000000000000, 0.000000000000000000, -1.000000000000000000 ) ) ;
#4717 = LINE ( 'NONE', #4860, #3581 ) ;
#4718 = EDGE_CURVE ( 'NONE', #74, #6927, #6397, .T. ) ;
#4719 = DIRECTION ( 'NONE',  ( -1.000000000000000000, 0.000000000000000000, 0.000000000000000000 ) ) ;
#4720 = ADVANCED_FACE ( 'NONE', ( #6954 ), #4702, .F. ) ;
#4721 = DIRECTION ( 'NONE',  ( 0.000000000000000000, 0.000000000000000000, 1.000000000000000000 ) ) ;
#4722 = VECTOR ( 'NONE', #239, 1000.000000000000000 ) ;
#4723 = ORIENTED_EDGE ( 'NONE', *, *, #3659, .T. ) ;
#4724 = CARTESIAN_POINT ( 'NONE',  ( -2.437831373677284752, 0.4228017965748430140, 0.5274999999999999689 ) ) ;
#4725 = CARTESIAN_POINT ( 'NONE',  ( -3.189885311307104843, 9.629649721936179265E-32, 0.5274999999999999689 ) ) ;
#4726 = CIRCLE ( 'NONE', #5667, 0.1296982034251575044 ) ;
#4727 = DIRECTION ( 'NONE',  ( 0.1710878697460359588, -0.9702875252478136980, 0.1710878697460359588 ) ) ;
#4728 = EDGE_LOOP ( 'NONE', ( #367, #6231, #6872, #3000 ) ) ;
#4729 = EDGE_CURVE ( 'NONE', #565, #7278, #4734, .T. ) ;
#4730 = ADVANCED_FACE ( 'NONE', ( #73 ), #33, .F. ) ;
#4731 = FACE_OUTER_BOUND ( 'NONE', #2223, .T. ) ;
#4732 = DIRECTION ( 'NONE',  ( 0.9848077530122083534, 0.1736481776669290544, 0.000000000000000000 ) ) ;
#4733 = EDGE_CURVE ( 'NONE', #276, #1175, #4726, .T. ) ;
#4734 = LINE ( 'NONE', #5895, #3741 ) ;
#4735 = VERTEX_POINT ( 'NONE', #1296 ) ;
#4736 = EDGE_CURVE ( 'NONE', #4994, #2332, #1178, .T. ) ;
#4737 = ORIENTED_EDGE ( 'NONE', *, *, #1273, .F. ) ;
#4738 = AXIS2_PLACEMENT_3D ( 'NONE', #807, #1844, #5392 ) ;
#4739 = DIRECTION ( 'NONE',  ( 0.000000000000000000, 0.000000000000000000, 1.000000000000000000 ) ) ;
#4740 = ADVANCED_FACE ( 'NONE', ( #6991 ), #7027, .F. ) ;
#4741 = ORIENTED_EDGE ( 'NONE', *, *, #4795, .F. ) ;
#4742 = CARTESIAN_POINT ( 'NONE',  ( -2.870524920471619890, 0.2977008424331585301, -0.1224999999999999978 ) ) ;
#4743 = FACE_OUTER_BOUND ( 'NONE', #1941, .T. ) ;
#4744 = ORIENTED_EDGE ( 'NONE', *, *, #1603, .F. ) ;
#4745 = VERTEX_POINT ( 'NONE', #751 ) ;
#4746 = VERTEX_POINT ( 'NONE', #7515 ) ;
#4747 = FACE_OUTER_BOUND ( 'NONE', #1389, .T. ) ;
#4748 = CARTESIAN_POINT ( 'NONE',  ( 2.437831373677284752, 0.5524999999999999911, 1.422499999999999876 ) ) ;
#4749 = ORIENTED_EDGE ( 'NONE', *, *, #369, .T. ) ;
#4750 = DIRECTION ( 'NONE',  ( -0.06975647374411908519, -0.9975640502598247528, 0.000000000000000000 ) ) ;
#4751 = ORIENTED_EDGE ( 'NONE', *, *, #3271, .T. ) ;
#4752 = CARTESIAN_POINT ( 'NONE',  ( -2.045118427147115003, 1.000000000000000000, 2.345118427147114826 ) ) ;
#4753 = CIRCLE ( 'NONE', #3770, 0.1296982034251575044 ) ;
#4754 = ORIENTED_EDGE ( 'NONE', *, *, #1440, .T. ) ;
#4755 = LINE ( 'NONE', #3108, #5996 ) ;
#4756 = PLANE ( 'NONE',  #4522 ) ;
#4757 = AXIS2_PLACEMENT_3D ( 'NONE', #6511, #5966, #6039 ) ;
#4758 = CARTESIAN_POINT ( 'NONE',  ( 2.200000000000000178, 0.6975000000000000089, 1.422499999999999876 ) ) ;
#4759 = EDGE_LOOP ( 'NONE', ( #3787, #2, #3783, #4126 ) ) ;
#4760 = VECTOR ( 'NONE', #2452, 1000.000000000000000 ) ;
#4761 = CARTESIAN_POINT ( 'NONE',  ( 2.870524920471619890, 0.2977008424331585301, -1.177499999999999991 ) ) ;
#4762 = CARTESIAN_POINT ( 'NONE',  ( -2.437831373677284752, 0.5524999999999999911, 1.422499999999999876 ) ) ;
#4763 = VERTEX_POINT ( 'NONE', #3543 ) ;
#4764 = VERTEX_POINT ( 'NONE', #6434 ) ;
#4765 = LINE ( 'NONE', #1365, #3553 ) ;
#4766 = ORIENTED_EDGE ( 'NONE', *, *, #669, .F. ) ;
#4767 = EDGE_CURVE ( 'NONE', #7218, #7494, #5820, .T. ) ;
#4768 = CARTESIAN_POINT ( 'NONE',  ( 2.742797124186769686, 0.2751789857617050195, 0.1224999999999999978 ) ) ;
#4769 = VECTOR ( 'NONE', #4231, 1000.000000000000000 ) ;
#4770 = ORIENTED_EDGE ( 'NONE', *, *, #3097, .F. ) ;
#4771 = DIRECTION ( 'NONE',  ( -1.000000000000000000, 4.336808689942015369E-15, 7.646963822077100168E-16 ) ) ;
#4772 = EDGE_CURVE ( 'NONE', #5624, #7121, #2472, .T. ) ;
#4773 = LINE ( 'NONE', #1261, #1041 ) ;
#4774 = FACE_OUTER_BOUND ( 'NONE', #5872, .T. ) ;
#4775 = AXIS2_PLACEMENT_3D ( 'NONE', #2329, #6365, #1147 ) ;
#4776 = CARTESIAN_POINT ( 'NONE',  ( 2.851362942456834748, 0.02367179002526179771, 0.1224999999999999978 ) ) ;
#4777 = CIRCLE ( 'NONE', #3186, 0.1296982034251579208 ) ;
#4778 = ORIENTED_EDGE ( 'NONE', *, *, #3882, .T. ) ;
#4779 = VECTOR ( 'NONE', #1403, 1000.000000000000114 ) ;
#4780 = ORIENTED_EDGE ( 'NONE', *, *, #3134, .T. ) ;
#4781 = ORIENTED_EDGE ( 'NONE', *, *, #3744, .F. ) ;
#4782 = CARTESIAN_POINT ( 'NONE',  ( 2.742797124186769686, 0.2751789857617050195, -1.422499999999999876 ) ) ;
#4783 = VECTOR ( 'NONE', #2769, 1000.000000000000000 ) ;
#4784 = CYLINDRICAL_SURFACE ( 'NONE', #568, 0.09999999999999982514 ) ;
#4785 = ORIENTED_EDGE ( 'NONE', *, *, #7475, .F. ) ;
#4786 = CIRCLE ( 'NONE', #3693, 0.1296982034251579208 ) ;
#4787 = FACE_OUTER_BOUND ( 'NONE', #983, .T. ) ;
#4788 = AXIS2_PLACEMENT_3D ( 'NONE', #3871, #3285, #385 ) ;
#4789 = ORIENTED_EDGE ( 'NONE', *, *, #4040, .F. ) ;
#4790 = DIRECTION ( 'NONE',  ( 0.000000000000000000, 0.000000000000000000, 1.000000000000000000 ) ) ;
#4791 = AXIS2_PLACEMENT_3D ( 'NONE', #4468, #3229, #6188 ) ;
#4792 = EDGE_LOOP ( 'NONE', ( #7155, #3250, #1956, #6658 ) ) ;
#4793 = CIRCLE ( 'NONE', #1492, 0.1296982034251575044 ) ;
#4794 = PLANE ( 'NONE',  #6575 ) ;
#4795 = EDGE_CURVE ( 'NONE', #5306, #3109, #570, .T. ) ;
#4796 = VERTEX_POINT ( 'NONE', #2972 ) ;
#4797 = VERTEX_POINT ( 'NONE', #4768 ) ;
#4798 = CARTESIAN_POINT ( 'NONE',  ( 2.100000000000000089, 0.5524999999999999911, 2.500000000000000000 ) ) ;
#4799 = AXIS2_PLACEMENT_3D ( 'NONE', #2796, #2838, #2303 ) ;
#4800 = LINE ( 'NONE', #7093, #5749 ) ;
#4801 = CARTESIAN_POINT ( 'NONE',  ( 3.189885311307104843, 9.629649721936179265E-32, -1.422499999999999876 ) ) ;
#4802 = DIRECTION ( 'NONE',  ( 0.000000000000000000, 0.000000000000000000, 1.000000000000000000 ) ) ;
#4803 =( GEOMETRIC_REPRESENTATION_CONTEXT ( 3 ) GLOBAL_UNCERTAINTY_ASSIGNED_CONTEXT ( ( #636 ) ) GLOBAL_UNIT_ASSIGNED_CONTEXT ( ( #5128, #1592, #1080 ) ) REPRESENTATION_CONTEXT ( 'NONE', 'WORKASPACE' ) );
#4804 = CARTESIAN_POINT ( 'NONE',  ( -2.200000000000000178, 0.5524999999999999911, -1.827499999999999902 ) ) ;
#4805 = CARTESIAN_POINT ( 'NONE',  ( 2.742797124186769686, 0.2751789857617050195, 2.072500000000000231 ) ) ;
#4806 = CARTESIAN_POINT ( 'NONE',  ( 2.200000000000000178, 0.6975000000000000089, -0.7724999999999999645 ) ) ;
#4807 = DIRECTION ( 'NONE',  ( 0.1710878697460355147, -0.9702875252478140311, -0.1710878697460355147 ) ) ;
#4808 = LINE ( 'NONE', #7103, #2517 ) ;
#4809 = COLOUR_RGB ( '',0.7921568627450980005, 0.8196078431372548767, 0.9333333333333333481 ) ;
#4810 = EDGE_CURVE ( 'NONE', #7021, #1573, #1554, .T. ) ;
#4811 = EDGE_LOOP ( 'NONE', ( #7443, #1841, #7517, #6394 ) ) ;
#4812 = EDGE_CURVE ( 'NONE', #5070, #1427, #4808, .T. ) ;
#4813 = ORIENTED_EDGE ( 'NONE', *, *, #1239, .F. ) ;
#4814 = PRESENTATION_LAYER_ASSIGNMENT (  '', '', ( #541 ) ) ;
#4815 = CARTESIAN_POINT ( 'NONE',  ( -2.100000000000000089, 0.6975000000000000089, -2.500000000000000000 ) ) ;
#4816 = DIRECTION ( 'NONE',  ( 0.06975647374411987622, 0.9975640502598246417, 0.000000000000000000 ) ) ;
#4817 = DIRECTION ( 'NONE',  ( 0.000000000000000000, 0.000000000000000000, -1.000000000000000000 ) ) ;
#4818 = CARTESIAN_POINT ( 'NONE',  ( 2.708356294148904997, 0.4705026390080009890, -1.177499999999999991 ) ) ;
#4819 = EDGE_CURVE ( 'NONE', #201, #6058, #5336, .T. ) ;
#4820 = ADVANCED_FACE ( 'NONE', ( #2931 ), #113, .F. ) ;
#4821 = ORIENTED_EDGE ( 'NONE', *, *, #4673, .T. ) ;
#4822 = LINE ( 'NONE', #4886, #3320 ) ;
#4823 = CARTESIAN_POINT ( 'NONE',  ( 2.200000000000000178, 0.5524999999999999911, 0.1224999999999999978 ) ) ;
#4824 = EDGE_LOOP ( 'NONE', ( #2992, #7415, #5196, #7046 ) ) ;
#4825 = CARTESIAN_POINT ( 'NONE',  ( -2.870524920471619890, 0.2977008424331585301, -1.422499999999999876 ) ) ;
#4826 = EDGE_LOOP ( 'NONE', ( #5754, #258, #6236, #1807 ) ) ;
#4827 = DIRECTION ( 'NONE',  ( 0.1736481776669290544, 0.9848077530122083534, 0.000000000000000000 ) ) ;
#4828 = ORIENTED_EDGE ( 'NONE', *, *, #2255, .F. ) ;
#4829 = LINE ( 'NONE', #5988, #705 ) ;
#4830 = VERTEX_POINT ( 'NONE', #4202 ) ;
#4831 = CARTESIAN_POINT ( 'NONE',  ( 2.437831373677284752, 0.6975000000000000089, -0.5274999999999999689 ) ) ;
#4832 = VERTEX_POINT ( 'NONE', #7241 ) ;
#4833 = ORIENTED_EDGE ( 'NONE', *, *, #3510, .F. ) ;
#4834 = CARTESIAN_POINT ( 'NONE',  ( -2.045118427147115003, 1.100000000000000089, 2.345118427147114826 ) ) ;
#4835 =( LENGTH_UNIT ( ) NAMED_UNIT ( * ) SI_UNIT ( .MILLI., .METRE. ) );
#4836 = CARTESIAN_POINT ( 'NONE',  ( 3.189885311307104843, 9.629649721936179265E-32, 0.1224999999999999978 ) ) ;
#4837 = DIRECTION ( 'NONE',  ( -1.000000000000000000, 0.000000000000000000, 8.673617379884083543E-17 ) ) ;
#4838 = DIRECTION ( 'NONE',  ( 1.000000000000000000, 4.558701216420150868E-16, 0.000000000000000000 ) ) ;
#4839 = EDGE_CURVE ( 'NONE', #1952, #2805, #6040, .T. ) ;
#4840 = AXIS2_PLACEMENT_3D ( 'NONE', #1383, #4251, #3714 ) ;
#4841 = CARTESIAN_POINT ( 'NONE',  ( -2.200000000000000178, 0.6975000000000000089, 0.5274999999999999689 ) ) ;
#4842 = AXIS2_PLACEMENT_3D ( 'NONE', #6470, #1216, #5372 ) ;
#4843 = CARTESIAN_POINT ( 'NONE',  ( -2.437831373677284752, 0.5524999999999999911, 0.5274999999999999689 ) ) ;
#4844 = ORIENTED_EDGE ( 'NONE', *, *, #1636, .T. ) ;
#4845 = DIRECTION ( 'NONE',  ( -1.000000000000000000, 0.000000000000000000, 0.000000000000000000 ) ) ;
#4846 = CARTESIAN_POINT ( 'NONE',  ( -2.200000000000000178, 0.6975000000000000089, 0.5274999999999999689 ) ) ;
#4847 = VERTEX_POINT ( 'NONE', #6650 ) ;
#4848 = DIRECTION ( 'NONE',  ( 1.000000000000000000, 0.000000000000000000, 0.000000000000000000 ) ) ;
#4849 = CARTESIAN_POINT ( 'NONE',  ( -2.437831373677284752, 0.5524999999999999911, 1.827499999999999902 ) ) ;
#4850 = ORIENTED_EDGE ( 'NONE', *, *, #2937, .T. ) ;
#4851 = CARTESIAN_POINT ( 'NONE',  ( 2.437831373677284752, 0.4228017965748430140, -2.072500000000000231 ) ) ;
#4852 = ORIENTED_EDGE ( 'NONE', *, *, #4185, .F. ) ;
#4853 = ORIENTED_EDGE ( 'NONE', *, *, #1316, .T. ) ;
#4854 = LINE ( 'NONE', #800, #5234 ) ;
#4855 = LINE ( 'NONE', #1451, #4112 ) ;
#4856 = ORIENTED_EDGE ( 'NONE', *, *, #1496, .F. ) ;
#4857 = DIRECTION ( 'NONE',  ( 4.336808689942025625E-15, 0.000000000000000000, -1.000000000000000000 ) ) ;
#4858 = EDGE_CURVE ( 'NONE', #27, #970, #4384, .T. ) ;
#4859 = EDGE_LOOP ( 'NONE', ( #7289, #2496, #1343, #444 ) ) ;
#4860 = CARTESIAN_POINT ( 'NONE',  ( 2.851362942456834748, 0.02367179002526179771, 2.072500000000000231 ) ) ;
#4861 = VERTEX_POINT ( 'NONE', #3958 ) ;
#4862 = FACE_OUTER_BOUND ( 'NONE', #5091, .T. ) ;
#4863 = ORIENTED_EDGE ( 'NONE', *, *, #3918, .T. ) ;
#4864 = CARTESIAN_POINT ( 'NONE',  ( -2.565559169962134956, 0.4453236532462965247, -2.072500000000000231 ) ) ;
#4865 = ORIENTED_EDGE ( 'NONE', *, *, #63, .T. ) ;
#4866 = FACE_OUTER_BOUND ( 'NONE', #4492, .T. ) ;
#4867 = FACE_OUTER_BOUND ( 'NONE', #1899, .T. ) ;
#4868 = EDGE_LOOP ( 'NONE', ( #433, #1602, #6587, #3896 ) ) ;
#4869 = EDGE_CURVE ( 'NONE', #913, #4847, #1369, .T. ) ;
#4870 = FACE_OUTER_BOUND ( 'NONE', #2748, .T. ) ;
#4871 = EDGE_CURVE ( 'NONE', #5983, #1917, #820, .T. ) ;
#4872 = PLANE ( 'NONE',  #6311 ) ;
#4873 = VECTOR ( 'NONE', #5890, 1000.000000000000000 ) ;
#4874 = DIRECTION ( 'NONE',  ( -1.000000000000000000, 0.000000000000000000, 0.000000000000000000 ) ) ;
#4875 = VECTOR ( 'NONE', #3713, 1000.000000000000000 ) ;
#4876 = EDGE_CURVE ( 'NONE', #1194, #498, #6260, .T. ) ;
#4877 = SURFACE_STYLE_FILL_AREA ( #7207 ) ;
#4878 = FACE_OUTER_BOUND ( 'NONE', #1387, .T. ) ;
#4879 = CARTESIAN_POINT ( 'NONE',  ( -3.200000000000000178, 0.1446467872876731897, -1.827499999999999902 ) ) ;
#4880 = DIRECTION ( 'NONE',  ( -0.9975640502598246417, 0.06975647374411987622, 0.000000000000000000 ) ) ;
#4881 = ORIENTED_EDGE ( 'NONE', *, *, #658, .T. ) ;
#4882 = CARTESIAN_POINT ( 'NONE',  ( -2.851362942456834748, 0.02367179002526179771, 1.827499999999999902 ) ) ;
#4883 = VECTOR ( 'NONE', #3412, 1000.000000000000000 ) ;
#4884 = LINE ( 'NONE', #6656, #6598 ) ;
#4885 = EDGE_LOOP ( 'NONE', ( #1012, #1406, #7009, #1180 ) ) ;
#4886 = CARTESIAN_POINT ( 'NONE',  ( 2.437831373677284752, 0.5524999999999999911, 2.072500000000000231 ) ) ;
#4887 = LINE ( 'NONE', #6631, #445 ) ;
#4888 = DIRECTION ( 'NONE',  ( -7.646963822077090307E-16, -4.336808689942015369E-15, -1.000000000000000000 ) ) ;
#4889 = ORIENTED_EDGE ( 'NONE', *, *, #6755, .T. ) ;
#4890 = CARTESIAN_POINT ( 'NONE',  ( 3.200000000000000178, 0.1446467872876731897, -1.827499999999999902 ) ) ;
#4891 = CARTESIAN_POINT ( 'NONE',  ( 2.199996210330392277, 0.6975214922843523402, -2.401005270604403385 ) ) ;
#4892 = EDGE_LOOP ( 'NONE', ( #2376, #6820, #1278, #2907 ) ) ;
#4893 = AXIS2_PLACEMENT_3D ( 'NONE', #6719, #959, #4497 ) ;
#4894 = CARTESIAN_POINT ( 'NONE',  ( -2.861477631149734968, 0.1683185773129349805, 0.7724999999999999645 ) ) ;
#4895 = AXIS2_PLACEMENT_3D ( 'NONE', #5167, #4284, #2505 ) ;
#4896 = EDGE_CURVE ( 'NONE', #122, #5607, #3703, .T. ) ;
#4897 = ORIENTED_EDGE ( 'NONE', *, *, #1929, .F. ) ;
#4898 = AXIS2_PLACEMENT_3D ( 'NONE', #2811, #7442, #6432 ) ;
#4899 = ORIENTED_EDGE ( 'NONE', *, *, #5078, .T. ) ;
#4900 = DIRECTION ( 'NONE',  ( 1.000000000000000000, 4.558701216420150868E-16, 0.000000000000000000 ) ) ;
#4901 = DIRECTION ( 'NONE',  ( 0.000000000000000000, 0.000000000000000000, -1.000000000000000000 ) ) ;
#4902 = ORIENTED_EDGE ( 'NONE', *, *, #4772, .T. ) ;
#4903 = VECTOR ( 'NONE', #1319, 1000.000000000000000 ) ;
#4904 = PLANE ( 'NONE',  #5972 ) ;
#4905 = CARTESIAN_POINT ( 'NONE',  ( -2.200000000000000178, 0.6975000000000000089, -1.827499999999999902 ) ) ;
#4906 = VECTOR ( 'NONE', #337, 1000.000000000000000 ) ;
#4907 = CIRCLE ( 'NONE', #1488, 0.2746982034251567728 ) ;
#4908 = EDGE_CURVE ( 'NONE', #6948, #4332, #3733, .T. ) ;
#4909 = MECHANICAL_DESIGN_GEOMETRIC_PRESENTATION_REPRESENTATION (  '', ( #3570 ), #5285 ) ;
#4910 = CARTESIAN_POINT ( 'NONE',  ( -2.143599202448335017, 0.2326351822333074804, 2.345118427147114826 ) ) ;
#4911 = DIRECTION ( 'NONE',  ( 0.000000000000000000, 0.000000000000000000, -1.000000000000000000 ) ) ;
#4912 = DIRECTION ( 'NONE',  ( 0.000000000000000000, 0.000000000000000000, -1.000000000000000000 ) ) ;
#4913 = DIRECTION ( 'NONE',  ( 1.000000000000000000, 0.000000000000000000, 0.000000000000000000 ) ) ;
#4914 = VECTOR ( 'NONE', #719, 1000.000000000000000 ) ;
#4915 = VECTOR ( 'NONE', #7315, 1000.000000000000000 ) ;
#4916 = ORIENTED_EDGE ( 'NONE', *, *, #4302, .T. ) ;
#4917 = LINE ( 'NONE', #1407, #266 ) ;
#4918 = CIRCLE ( 'NONE', #2602, 0.2746982034251559401 ) ;
#4919 = DIRECTION ( 'NONE',  ( 0.000000000000000000, 1.000000000000000000, 0.000000000000000000 ) ) ;
#4920 = DIRECTION ( 'NONE',  ( 1.000000000000000000, -4.558701216420150868E-16, 0.000000000000000000 ) ) ;
#4921 = EDGE_CURVE ( 'NONE', #3925, #1692, #7279, .T. ) ;
#4922 = AXIS2_PLACEMENT_3D ( 'NONE', #6760, #3336, #2615 ) ;
#4923 = ORIENTED_EDGE ( 'NONE', *, *, #5458, .F. ) ;
#4924 = DIRECTION ( 'NONE',  ( -0.9975640502598247528, -0.06975647374411829416, 0.000000000000000000 ) ) ;
#4925 = CYLINDRICAL_SURFACE ( 'NONE', #1735, 0.1296982034251575044 ) ;
#4926 = VERTEX_POINT ( 'NONE', #196 ) ;
#4927 = LINE ( 'NONE', #3172, #6012 ) ;
#4928 = CARTESIAN_POINT ( 'NONE',  ( -3.200000000000000178, 0.1446467872876731897, -2.072500000000000231 ) ) ;
#4929 = ORIENTED_EDGE ( 'NONE', *, *, #6164, .F. ) ;
#4930 = DIRECTION ( 'NONE',  ( -0.9975640502598247528, 0.06975647374411908519, 0.000000000000000000 ) ) ;
#4931 = EDGE_LOOP ( 'NONE', ( #1290, #6474, #4967, #887 ) ) ;
#4932 = VERTEX_POINT ( 'NONE', #6685 ) ;
#4933 = VERTEX_POINT ( 'NONE', #3231 ) ;
#4934 = DIRECTION ( 'NONE',  ( -0.9848077530122083534, 0.1736481776669290544, 0.000000000000000000 ) ) ;
#4935 = LINE ( 'NONE', #6715, #771 ) ;
#4936 = ORIENTED_EDGE ( 'NONE', *, *, #6007, .F. ) ;
#4937 = EDGE_CURVE ( 'NONE', #4473, #4745, #2574, .T. ) ;
#4938 = SURFACE_STYLE_USAGE ( .BOTH. , #2678 ) ;
#4939 = CARTESIAN_POINT ( 'NONE',  ( -2.565559169962134956, 0.4453236532462965247, -0.5274999999999999689 ) ) ;
#4940 = EDGE_CURVE ( 'NONE', #4619, #6137, #2507, .T. ) ;
#4941 = DIRECTION ( 'NONE',  ( 4.336808689942025625E-15, 0.000000000000000000, -1.000000000000000000 ) ) ;
#4942 = CARTESIAN_POINT ( 'NONE',  ( -2.870524920471619890, 0.2977008424331585301, -0.7724999999999999645 ) ) ;
#4943 = DIRECTION ( 'NONE',  ( -0.000000000000000000, 1.000000000000000000, 0.000000000000000000 ) ) ;
#4944 = FACE_OUTER_BOUND ( 'NONE', #1097, .T. ) ;
#4945 = CARTESIAN_POINT ( 'NONE',  ( 2.851362942456834748, 0.02367179002526179771, -0.1224999999999999978 ) ) ;
#4946 = ADVANCED_FACE ( 'NONE', ( #5443 ), #260, .F. ) ;
#4947 = EDGE_CURVE ( 'NONE', #2869, #3415, #4006, .T. ) ;
#4948 = CARTESIAN_POINT ( 'NONE',  ( -2.861477631149734968, 0.1683185773129349805, 2.072500000000000231 ) ) ;
#4949 = VECTOR ( 'NONE', #4816, 1000.000000000000000 ) ;
#4950 = DIRECTION ( 'NONE',  ( 1.000000000000000000, -1.084202172485503842E-15, 0.000000000000000000 ) ) ;
#4951 = ADVANCED_FACE ( 'NONE', ( #2588 ), #1970, .T. ) ;
#4952 = EDGE_CURVE ( 'NONE', #5965, #1049, #4977, .T. ) ;
#4953 = PLANE ( 'NONE',  #5197 ) ;
#4954 = ADVANCED_FACE ( 'NONE', ( #2008 ), #4343, .T. ) ;
#4955 = LINE ( 'NONE', #174, #4480 ) ;
#4956 = CARTESIAN_POINT ( 'NONE',  ( -2.129028390264844806, 1.100000000000000089, -2.345118427147114826 ) ) ;
#4957 = CARTESIAN_POINT ( 'NONE',  ( -2.101507855905375255, 0.6975644756313429395, 2.499988631206595091 ) ) ;
#4958 = EDGE_LOOP ( 'NONE', ( #4486, #2036, #4653, #6252, #350, #1875, #7037, #3594, #6409, #6637, #138, #3583 ) ) ;
#4959 = CARTESIAN_POINT ( 'NONE',  ( 2.437831373677284752, 0.6975000000000000089, -1.827499999999999902 ) ) ;
#4960 = DIRECTION ( 'NONE',  ( 1.000000000000000000, 0.000000000000000000, 0.000000000000000000 ) ) ;
#4961 = VERTEX_POINT ( 'NONE', #3195 ) ;
#4962 = CYLINDRICAL_SURFACE ( 'NONE', #5111, 0.1000000000000000472 ) ;
#4963 = VERTEX_POINT ( 'NONE', #5516 ) ;
#4964 = LINE ( 'NONE', #776, #2173 ) ;
#4965 = AXIS2_PLACEMENT_3D ( 'NONE', #3174, #2141, #4960 ) ;
#4966 = LINE ( 'NONE', #1958, #38 ) ;
#4967 = ORIENTED_EDGE ( 'NONE', *, *, #1303, .F. ) ;
#4968 = CARTESIAN_POINT ( 'NONE',  ( -2.870524920471619890, 0.2977008424331585301, 0.7724999999999999645 ) ) ;
#4969 = DIRECTION ( 'NONE',  ( 0.000000000000000000, 0.000000000000000000, -1.000000000000000000 ) ) ;
#4970 = VECTOR ( 'NONE', #3124, 1000.000000000000114 ) ;
#4971 = LINE ( 'NONE', #3153, #647 ) ;
#4972 = FILL_AREA_STYLE ('',( #6227 ) ) ;
#4973 = CLOSED_SHELL ( 'NONE', ( #250, #1811, #2577, #5590, #4669, #4946, #7260, #2432, #6206, #6234, #5868, #7331, #2092, #7212 ) ) ;
#4974 = DIRECTION ( 'NONE',  ( 0.000000000000000000, 0.000000000000000000, -1.000000000000000000 ) ) ;
#4975 = CARTESIAN_POINT ( 'NONE',  ( -2.437831373677284752, 0.5524999999999999911, -0.5274999999999999689 ) ) ;
#4976 = CARTESIAN_POINT ( 'NONE',  ( 2.565559169962134956, 0.4453236532462965247, 2.072500000000000231 ) ) ;
#4977 = LINE ( 'NONE', #852, #4970 ) ;
#4978 = AXIS2_PLACEMENT_3D ( 'NONE', #5515, #5057, #6189 ) ;
#4979 = VECTOR ( 'NONE', #6489, 1000.000000000000000 ) ;
#4980 = ORIENTED_EDGE ( 'NONE', *, *, #6301, .F. ) ;
#4981 = ADVANCED_FACE ( 'NONE', ( #298 ), #2621, .F. ) ;
#4982 = EDGE_CURVE ( 'NONE', #6332, #7124, #57, .T. ) ;
#4983 = EDGE_CURVE ( 'NONE', #4704, #6521, #6336, .T. ) ;
#4984 = LINE ( 'NONE', #2731, #1612 ) ;
#4985 = CIRCLE ( 'NONE', #1711, 0.2746982034251567728 ) ;
#4986 = CARTESIAN_POINT ( 'NONE',  ( 2.870524920471619890, 0.2977008424331585301, 1.422499999999999876 ) ) ;
#4987 = ORIENTED_EDGE ( 'NONE', *, *, #3499, .T. ) ;
#4988 = ORIENTED_EDGE ( 'NONE', *, *, #6586, .T. ) ;
#4989 = AXIS2_PLACEMENT_3D ( 'NONE', #4364, #3144, #3176 ) ;
#4990 = CARTESIAN_POINT ( 'NONE',  ( -2.742797124186769686, 0.2751789857617045199, -1.827499999999999902 ) ) ;
#4991 = EDGE_CURVE ( 'NONE', #7229, #6293, #6416, .T. ) ;
#4992 = DIRECTION ( 'NONE',  ( -1.000000000000000000, 0.000000000000000000, 0.000000000000000000 ) ) ;
#4993 = ADVANCED_FACE ( 'NONE', ( #551 ), #7467, .T. ) ;
#4994 = VERTEX_POINT ( 'NONE', #1663 ) ;
#4995 = CARTESIAN_POINT ( 'NONE',  ( -2.437831373677284752, 0.4228017965748430140, 2.072500000000000231 ) ) ;
#4996 = FACE_OUTER_BOUND ( 'NONE', #5083, .T. ) ;
#4997 = ORIENTED_EDGE ( 'NONE', *, *, #3370, .T. ) ;
#4998 = DIRECTION ( 'NONE',  ( -1.000000000000000000, 2.279350608210075138E-15, 0.000000000000000000 ) ) ;
#4999 = FACE_OUTER_BOUND ( 'NONE', #5135, .T. ) ;
#5000 = ORIENTED_EDGE ( 'NONE', *, *, #6484, .T. ) ;
#5001 = DIRECTION ( 'NONE',  ( 0.000000000000000000, -1.475715856705692210E-15, -1.000000000000000000 ) ) ;
#5002 = EDGE_CURVE ( 'NONE', #5584, #1939, #508, .T. ) ;
#5003 = MECHANICAL_DESIGN_GEOMETRIC_PRESENTATION_REPRESENTATION (  '', ( #2807 ), #3417 ) ;
#5004 = EDGE_LOOP ( 'NONE', ( #697, #5537, #1634, #1520 ) ) ;
#5005 = ORIENTED_EDGE ( 'NONE', *, *, #6540, .T. ) ;
#5006 = DIRECTION ( 'NONE',  ( 0.000000000000000000, 1.000000000000000000, 0.000000000000000000 ) ) ;
#5007 = CARTESIAN_POINT ( 'NONE',  ( -2.565559169962134956, 0.4453236532462965247, 0.1224999999999999978 ) ) ;
#5008 = VERTEX_POINT ( 'NONE', #2271 ) ;
#5009 = LINE ( 'NONE', #4413, #7066 ) ;
#5010 = AXIS2_PLACEMENT_3D ( 'NONE', #5348, #621, #4716 ) ;
#5011 = CYLINDRICAL_SURFACE ( 'NONE', #4922, 0.1296982034251579208 ) ;
#5012 = ADVANCED_FACE ( 'NONE', ( #589 ), #2911, .T. ) ;
#5013 = AXIS2_PLACEMENT_3D ( 'NONE', #897, #2691, #1481 ) ;
#5014 = VECTOR ( 'NONE', #273, 1000.000000000000000 ) ;
#5015 = ORIENTED_EDGE ( 'NONE', *, *, #5548, .T. ) ;
#5016 =( NAMED_UNIT ( * ) SI_UNIT ( $, .STERADIAN. ) SOLID_ANGLE_UNIT ( ) );
#5017 = DIRECTION ( 'NONE',  ( 0.1736481776669290544, -0.9848077530122083534, 0.000000000000000000 ) ) ;
#5018 = CARTESIAN_POINT ( 'NONE',  ( 2.200000000000000178, 0.5524999999999999911, -2.072500000000000231 ) ) ;
#5019 = CYLINDRICAL_SURFACE ( 'NONE', #4791, 0.1000000000000001721 ) ;
#5020 = DIRECTION ( 'NONE',  ( -1.000000000000000000, 0.000000000000000000, 0.000000000000000000 ) ) ;
#5021 = ORIENTED_EDGE ( 'NONE', *, *, #5666, .F. ) ;
#5022 = AXIS2_PLACEMENT_3D ( 'NONE', #5623, #3347, #2770 ) ;
#5023 = ORIENTED_EDGE ( 'NONE', *, *, #1822, .F. ) ;
#5024 = CARTESIAN_POINT ( 'NONE',  ( -2.045118427147115003, 0.2500000000000000000, 2.345118427147114826 ) ) ;
#5025 = ORIENTED_EDGE ( 'NONE', *, *, #6233, .T. ) ;
#5026 = VERTEX_POINT ( 'NONE', #4606 ) ;
#5027 = VECTOR ( 'NONE', #5807, 1000.000000000000000 ) ;
#5028 = EDGE_CURVE ( 'NONE', #1029, #769, #1199, .T. ) ;
#5029 = DIRECTION ( 'NONE',  ( -1.000000000000000000, -4.336808689942015369E-15, 7.646963822077100168E-16 ) ) ;
#5030 = ORIENTED_EDGE ( 'NONE', *, *, #1469, .F. ) ;
#5031 = COLOUR_RGB ( '',0.7921568627450980005, 0.8196078431372548767, 0.9333333333333333481 ) ;
#5032 = DIRECTION ( 'NONE',  ( -1.000000000000000000, 0.000000000000000000, 0.000000000000000000 ) ) ;
#5033 = VECTOR ( 'NONE', #5117, 1000.000000000000114 ) ;
#5034 = ORIENTED_EDGE ( 'NONE', *, *, #46, .F. ) ;
#5035 = DIRECTION ( 'NONE',  ( 0.000000000000000000, 0.000000000000000000, -1.000000000000000000 ) ) ;
#5036 = FACE_OUTER_BOUND ( 'NONE', #2169, .T. ) ;
#5037 = ORIENTED_EDGE ( 'NONE', *, *, #5576, .T. ) ;
#5038 = LINE ( 'NONE', #3828, #2850 ) ;
#5039 = EDGE_CURVE ( 'NONE', #4043, #4745, #3850, .T. ) ;
#5040 = EDGE_CURVE ( 'NONE', #6058, #2904, #3526, .T. ) ;
#5041 = DIRECTION ( 'NONE',  ( 0.000000000000000000, 0.000000000000000000, -1.000000000000000000 ) ) ;
#5042 = ORIENTED_EDGE ( 'NONE', *, *, #471, .T. ) ;
#5043 = AXIS2_PLACEMENT_3D ( 'NONE', #6528, #7255, #4324 ) ;
#5044 = ORIENTED_EDGE ( 'NONE', *, *, #6150, .F. ) ;
#5045 = ORIENTED_EDGE ( 'NONE', *, *, #5782, .T. ) ;
#5046 = DIRECTION ( 'NONE',  ( 0.000000000000000000, 0.000000000000000000, -1.000000000000000000 ) ) ;
#5047 = CARTESIAN_POINT ( 'NONE',  ( 2.565559169962134956, 0.4453236532462965247, 0.5274999999999999689 ) ) ;
#5048 = ORIENTED_EDGE ( 'NONE', *, *, #414, .F. ) ;
#5049 = DIRECTION ( 'NONE',  ( 1.000000000000000000, 4.558701216420150868E-16, 0.000000000000000000 ) ) ;
#5050 = CARTESIAN_POINT ( 'NONE',  ( 2.437831373677284752, 0.4228017965748430140, -0.1224999999999999978 ) ) ;
#5051 = EDGE_LOOP ( 'NONE', ( #485, #1171, #3031, #6197 ) ) ;
#5052 = CARTESIAN_POINT ( 'NONE',  ( -2.437831373677284752, 0.4228017965748430140, -1.177499999999999991 ) ) ;
#5053 = CARTESIAN_POINT ( 'NONE',  ( 2.104401861300145171, 0.5688482445498960205, 2.502882636601365007 ) ) ;
#5054 = ADVANCED_FACE ( 'NONE', ( #1115 ), #2380, .T. ) ;
#5055 = CARTESIAN_POINT ( 'NONE',  ( -2.100000000000000089, 0.5524999999999999911, 2.500000000000000000 ) ) ;
#5056 = CARTESIAN_POINT ( 'NONE',  ( 2.437831373677284752, 0.4228017965748430140, -1.177499999999999991 ) ) ;
#5057 = DIRECTION ( 'NONE',  ( 0.000000000000000000, 0.000000000000000000, 1.000000000000000000 ) ) ;
#5058 = VERTEX_POINT ( 'NONE', #2873 ) ;
#5059 = CARTESIAN_POINT ( 'NONE',  ( 2.200000000000000178, 0.6975000000000000089, -1.177499999999999991 ) ) ;
#5060 = ORIENTED_EDGE ( 'NONE', *, *, #5724, .T. ) ;
#5061 = VERTEX_POINT ( 'NONE', #5842 ) ;
#5062 = DIRECTION ( 'NONE',  ( 0.000000000000000000, 0.000000000000000000, -1.000000000000000000 ) ) ;
#5063 = VECTOR ( 'NONE', #420, 1000.000000000000000 ) ;
#5064 = CARTESIAN_POINT ( 'NONE',  ( -1.486702623836771986, 1.100000000000000089, -1.588720136967914920 ) ) ;
#5065 = ORIENTED_EDGE ( 'NONE', *, *, #1728, .F. ) ;
#5066 = AXIS2_PLACEMENT_3D ( 'NONE', #3824, #864, #7117 ) ;
#5067 = CARTESIAN_POINT ( 'NONE',  ( 3.189885311307104843, 9.629649721936179265E-32, -1.177499999999999991 ) ) ;
#5068 = CIRCLE ( 'NONE', #2760, 0.09999999999999982514 ) ;
#5069 = DIRECTION ( 'NONE',  ( 0.000000000000000000, 0.000000000000000000, -1.000000000000000000 ) ) ;
#5070 = VERTEX_POINT ( 'NONE', #624 ) ;
#5071 = CARTESIAN_POINT ( 'NONE',  ( 2.045118427147115003, 0.1499999999999999944, 2.345118427147114826 ) ) ;
#5072 = CARTESIAN_POINT ( 'NONE',  ( 2.600000000000000089, 0.2500000000000000000, 1.422499999999999876 ) ) ;
#5073 = ORIENTED_EDGE ( 'NONE', *, *, #6445, .T. ) ;
#5074 = CARTESIAN_POINT ( 'NONE',  ( 2.101507855905375255, 0.5524355243686569494, 2.499988631206595091 ) ) ;
#5075 = ORIENTED_EDGE ( 'NONE', *, *, #658, .F. ) ;
#5076 = ORIENTED_EDGE ( 'NONE', *, *, #6580, .T. ) ;
#5077 = DIRECTION ( 'NONE',  ( 0.000000000000000000, 0.000000000000000000, -1.000000000000000000 ) ) ;
#5078 = EDGE_CURVE ( 'NONE', #5979, #913, #4065, .T. ) ;
#5079 = FACE_OUTER_BOUND ( 'NONE', #2144, .T. ) ;
#5080 = EDGE_LOOP ( 'NONE', ( #6250, #1847, #4087, #48 ) ) ;
#5081 = CARTESIAN_POINT ( 'NONE',  ( 2.200000000000000178, 0.6975000000000000089, 1.827499999999999902 ) ) ;
#5082 = FACE_OUTER_BOUND ( 'NONE', #6569, .T. ) ;
#5083 = EDGE_LOOP ( 'NONE', ( #2970, #544, #2568, #1230 ) ) ;
#5084 = EDGE_CURVE ( 'NONE', #7377, #2863, #2233, .T. ) ;
#5085 = EDGE_CURVE ( 'NONE', #6427, #1280, #1555, .T. ) ;
#5086 = CARTESIAN_POINT ( 'NONE',  ( -2.100502642445350343, 0.6974999999999990097, 2.499999999999999556 ) ) ;
#5087 = LINE ( 'NONE', #1474, #6723 ) ;
#5088 = CARTESIAN_POINT ( 'NONE',  ( 2.861477631149730083, 0.1683185773129355078, -2.072500000000000231 ) ) ;
#5089 = CARTESIAN_POINT ( 'NONE',  ( 3.200000000000000178, 0.1446467872876731897, 0.1224999999999999978 ) ) ;
#5090 = LINE ( 'NONE', #1525, #1449 ) ;
#5091 = EDGE_LOOP ( 'NONE', ( #6096, #7249, #3061, #6170, #7213, #6126 ) ) ;
#5092 = ORIENTED_EDGE ( 'NONE', *, *, #6610, .F. ) ;
#5093 = ADVANCED_FACE ( 'NONE', ( #1036 ), #2953, .T. ) ;
#5094 = VECTOR ( 'NONE', #147, 1000.000000000000000 ) ;
#5095 = DIRECTION ( 'NONE',  ( -8.673617379884039170E-17, 0.000000000000000000, -1.000000000000000000 ) ) ;
#5096 = CARTESIAN_POINT ( 'NONE',  ( 2.045118427147115003, 0.2500000000000000000, 2.345118427147114826 ) ) ;
#5097 = ORIENTED_EDGE ( 'NONE', *, *, #2603, .T. ) ;
#5098 = ORIENTED_EDGE ( 'NONE', *, *, #7446, .T. ) ;
#5099 = CARTESIAN_POINT ( 'NONE',  ( 3.189885311307104843, 9.629649721936179265E-32, 1.177499999999999991 ) ) ;
#5100 = VECTOR ( 'NONE', #6267, 1000.000000000000000 ) ;
#5101 = CARTESIAN_POINT ( 'NONE',  ( -2.861477631149734968, 0.1683185773129349805, -0.1224999999999999978 ) ) ;
#5102 = ORIENTED_EDGE ( 'NONE', *, *, #4554, .F. ) ;
#5103 = VECTOR ( 'NONE', #4930, 999.9999999999998863 ) ;
#5104 = PLANE ( 'NONE',  #7232 ) ;
#5105 = LINE ( 'NONE', #1649, #1249 ) ;
#5106 = ORIENTED_EDGE ( 'NONE', *, *, #7360, .T. ) ;
#5107 = FACE_OUTER_BOUND ( 'NONE', #7104, .T. ) ;
#5108 = ORIENTED_EDGE ( 'NONE', *, *, #5919, .F. ) ;
#5109 = DIRECTION ( 'NONE',  ( 0.000000000000000000, -1.000000000000000000, 0.000000000000000000 ) ) ;
#5110 = ORIENTED_EDGE ( 'NONE', *, *, #6886, .F. ) ;
#5111 = AXIS2_PLACEMENT_3D ( 'NONE', #1390, #7258, #4404 ) ;
#5112 = CARTESIAN_POINT ( 'NONE',  ( 2.861477631149734968, 0.1683185773129355078, 0.7724999999999999645 ) ) ;
#5113 = ORIENTED_EDGE ( 'NONE', *, *, #7484, .F. ) ;
#5114 = VERTEX_POINT ( 'NONE', #1076 ) ;
#5115 = VERTEX_POINT ( 'NONE', #1918 ) ;
#5116 = DIRECTION ( 'NONE',  ( 1.000000000000000000, 0.000000000000000000, 0.000000000000000000 ) ) ;
#5117 = DIRECTION ( 'NONE',  ( -0.9975640502598247528, -0.06975647374411829416, 0.000000000000000000 ) ) ;
#5118 = EDGE_LOOP ( 'NONE', ( #6198, #4645, #3734, #1046 ) ) ;
#5119 = ORIENTED_EDGE ( 'NONE', *, *, #3401, .T. ) ;
#5120 = FACE_OUTER_BOUND ( 'NONE', #5673, .T. ) ;
#5121 = EDGE_CURVE ( 'NONE', #2560, #5188, #402, .T. ) ;
#5122 = LINE ( 'NONE', #4571, #5766 ) ;
#5123 = AXIS2_PLACEMENT_3D ( 'NONE', #4724, #3688, #3533 ) ;
#5124 = VERTEX_POINT ( 'NONE', #5460 ) ;
#5125 = DIRECTION ( 'NONE',  ( 0.000000000000000000, 0.000000000000000000, -1.000000000000000000 ) ) ;
#5126 = EDGE_CURVE ( 'NONE', #7191, #3188, #5320, .T. ) ;
#5127 = DIRECTION ( 'NONE',  ( 0.000000000000000000, 0.000000000000000000, -1.000000000000000000 ) ) ;
#5128 =( LENGTH_UNIT ( ) NAMED_UNIT ( * ) SI_UNIT ( .MILLI., .METRE. ) );
#5129 = SURFACE_STYLE_FILL_AREA ( #3378 ) ;
#5130 = CARTESIAN_POINT ( 'NONE',  ( 2.870524920471619890, 0.2977008424331585301, -1.827499999999999902 ) ) ;
#5131 = DIRECTION ( 'NONE',  ( -1.000000000000000000, -5.926311581346190705E-15, 0.000000000000000000 ) ) ;
#5132 = SURFACE_STYLE_FILL_AREA ( #478 ) ;
#5133 = CARTESIAN_POINT ( 'NONE',  ( -2.870524920471619890, 0.2977008424331585301, -1.827499999999999902 ) ) ;
#5134 = VECTOR ( 'NONE', #5696, 1000.000000000000000 ) ;
#5135 = EDGE_LOOP ( 'NONE', ( #4242, #3479, #956, #3803, #6161, #6724, #5944, #6635, #7118, #4376, #3999, #3398 ) ) ;
#5136 = EDGE_CURVE ( 'NONE', #2052, #620, #4681, .T. ) ;
#5137 = EDGE_CURVE ( 'NONE', #498, #254, #4755, .T. ) ;
#5138 = VECTOR ( 'NONE', #2679, 1000.000000000000000 ) ;
#5139 = VECTOR ( 'NONE', #3696, 1000.000000000000000 ) ;
#5140 = CARTESIAN_POINT ( 'NONE',  ( 1.975609200933505116, -0.1615712286876299919, -2.374089976234724730 ) ) ;
#5141 = ORIENTED_EDGE ( 'NONE', *, *, #7039, .F. ) ;
#5143 = AXIS2_PLACEMENT_3D ( 'NONE', #4095, #540, #1652 ) ;
#5142 = CARTESIAN_POINT ( 'NONE',  ( -2.437831373677284752, 0.4228017965748430140, 0.7724999999999999645 ) ) ;
#5144 = ORIENTED_EDGE ( 'NONE', *, *, #5168, .T. ) ;
#5145 = CIRCLE ( 'NONE', #7055, 0.1296982034251575044 ) ;
#5146 = DIRECTION ( 'NONE',  ( 0.000000000000000000, 0.000000000000000000, -1.000000000000000000 ) ) ;
#5147 = VECTOR ( 'NONE', #4551, 1000.000000000000000 ) ;
#5148 = LINE ( 'NONE', #6241, #4906 ) ;
#5149 = STYLED_ITEM ( 'NONE', ( #6422 ), #6312 ) ;
#5150 = DIRECTION ( 'NONE',  ( 1.000000000000000000, -4.558701216420150868E-16, 0.000000000000000000 ) ) ;
#5151 = EDGE_CURVE ( 'NONE', #2869, #4043, #94, .T. ) ;
#5152 = CARTESIAN_POINT ( 'NONE',  ( 2.129028390264844806, 0.2326351822333074804, 2.443599202448334839 ) ) ;
#5153 =( BOUNDED_CURVE ( )  B_SPLINE_CURVE ( 3, ( #6530, #136, #4891, #5424 ),
 .UNSPECIFIED., .F., .T. ) 
 B_SPLINE_CURVE_WITH_KNOTS ( ( 4, 4 ),
 ( 0.000000000000000000, 0.01507913049648505061 ),
 .UNSPECIFIED. ) 
 CURVE ( )  GEOMETRIC_REPRESENTATION_ITEM ( )  RATIONAL_B_SPLINE_CURVE ( ( 1.000000000000000000, 0.9999810517417160316, 0.9999810517417160316, 1.000000000000000000 ) ) 
 REPRESENTATION_ITEM ( '' )  );
#5154 = EDGE_LOOP ( 'NONE', ( #2391, #6142, #7052, #5097 ) ) ;
#5155 = DIRECTION ( 'NONE',  ( 0.000000000000000000, 0.000000000000000000, -1.000000000000000000 ) ) ;
#5156 = DIRECTION ( 'NONE',  ( 0.000000000000000000, 0.000000000000000000, -1.000000000000000000 ) ) ;
#5157 = VECTOR ( 'NONE', #2638, 1000.000000000000000 ) ;
#5158 = ORIENTED_EDGE ( 'NONE', *, *, #6537, .T. ) ;
#5159 = SPHERICAL_SURFACE ( 'NONE', #1260, 0.1000000000000000056 ) ;
#5160 = ORIENTED_EDGE ( 'NONE', *, *, #107, .F. ) ;
#5161 = DIRECTION ( 'NONE',  ( 0.000000000000000000, 0.000000000000000000, -1.000000000000000000 ) ) ;
#5162 = DIRECTION ( 'NONE',  ( 0.000000000000000000, 0.000000000000000000, -1.000000000000000000 ) ) ;
#5163 = VECTOR ( 'NONE', #5492, 1000.000000000000000 ) ;
#5164 = EDGE_LOOP ( 'NONE', ( #1912, #5382, #4448, #3143 ) ) ;
#5165 = CARTESIAN_POINT ( 'NONE',  ( 2.437831373677284752, 0.6975000000000000089, 0.7724999999999999645 ) ) ;
#5166 = CARTESIAN_POINT ( 'NONE',  ( 2.437831373677284752, 0.4228017965748430140, -1.177499999999999991 ) ) ;
#5167 = CARTESIAN_POINT ( 'NONE',  ( -2.200000000000000178, 0.5524999999999999911, -2.500000000000000000 ) ) ;
#5168 = EDGE_CURVE ( 'NONE', #575, #1868, #5153, .T. ) ;
#5169 = DIRECTION ( 'NONE',  ( -4.558701216420150868E-16, 1.000000000000000000, 0.000000000000000000 ) ) ;
#5170 = EDGE_CURVE ( 'NONE', #1272, #5306, #1388, .T. ) ;
#5171 = CARTESIAN_POINT ( 'NONE',  ( 3.200000000000000178, 0.1446467872876731897, 1.177499999999999991 ) ) ;
#5172 = CARTESIAN_POINT ( 'NONE',  ( 2.200000000000000178, 0.6975000000000000089, -1.177499999999999991 ) ) ;
#5173 = DIRECTION ( 'NONE',  ( 0.000000000000000000, 0.000000000000000000, -1.000000000000000000 ) ) ;
#5174 = DIRECTION ( 'NONE',  ( 0.000000000000000000, 0.000000000000000000, -1.000000000000000000 ) ) ;
#5175 = DIRECTION ( 'NONE',  ( 0.06975647374411987622, -0.9975640502598246417, 0.000000000000000000 ) ) ;
#5176 = EDGE_CURVE ( 'NONE', #4735, #1987, #735, .T. ) ;
#5177 = DIRECTION ( 'NONE',  ( 0.000000000000000000, -1.000000000000000000, 0.000000000000000000 ) ) ;
#5178 = CARTESIAN_POINT ( 'NONE',  ( 2.200000000000000178, 0.5524999999999999911, -2.072500000000000231 ) ) ;
#5179 = ORIENTED_EDGE ( 'NONE', *, *, #3595, .T. ) ;
#5180 = EDGE_CURVE ( 'NONE', #7329, #668, #4257, .T. ) ;
#5181 = PLANE ( 'NONE',  #2399 ) ;
#5182 = VERTEX_POINT ( 'NONE', #5950 ) ;
#5183 = EDGE_CURVE ( 'NONE', #2566, #949, #1988, .T. ) ;
#5184 = CARTESIAN_POINT ( 'NONE',  ( 4.622877260815799511E-16, 0.2500000000000000000, 2.345118427147114826 ) ) ;
#5185 = ADVANCED_FACE ( 'NONE', ( #6455 ), #3719, .F. ) ;
#5186 = CARTESIAN_POINT ( 'NONE',  ( 2.200000000000000178, 0.5524999999999999911, -1.177499999999999991 ) ) ;
#5187 = CARTESIAN_POINT ( 'NONE',  ( 2.100000000000000089, 0.6975000000000000089, -2.500000000000000000 ) ) ;
#5188 = VERTEX_POINT ( 'NONE', #5914 ) ;
#5189 = CYLINDRICAL_SURFACE ( 'NONE', #6833, 0.1000000000000001721 ) ;
#5190 = ORIENTED_EDGE ( 'NONE', *, *, #6813, .F. ) ;
#5191 = DIRECTION ( 'NONE',  ( 1.000000000000000000, 0.000000000000000000, 0.000000000000000000 ) ) ;
#5192 = DIRECTION ( 'NONE',  ( -0.9975640502598247528, -0.06975647374411829416, 0.000000000000000000 ) ) ;
#5193 = ADVANCED_FACE ( 'NONE', ( #1312 ), #1951, .F. ) ;
#5194 = ORIENTED_EDGE ( 'NONE', *, *, #2739, .F. ) ;
#5195 = AXIS2_PLACEMENT_3D ( 'NONE', #3806, #4974, #7353 ) ;
#5196 = ORIENTED_EDGE ( 'NONE', *, *, #7163, .F. ) ;
#5197 = AXIS2_PLACEMENT_3D ( 'NONE', #6626, #6742, #5524 ) ;
#5198 = CARTESIAN_POINT ( 'NONE',  ( 2.870524920471619890, 0.2977008424331585301, 0.7724999999999999645 ) ) ;
#5199 = DIRECTION ( 'NONE',  ( 1.000000000000000000, -4.558701216420150868E-16, 0.000000000000000000 ) ) ;
#5200 = ORIENTED_EDGE ( 'NONE', *, *, #7179, .F. ) ;
#5201 = DIRECTION ( 'NONE',  ( 0.9848077530122083534, 0.1736481776669290544, 0.000000000000000000 ) ) ;
#5202 = FACE_OUTER_BOUND ( 'NONE', #6087, .T. ) ;
#5203 = APPLICATION_CONTEXT ( 'automotive_design' ) ;
#5204 = DIRECTION ( 'NONE',  ( 0.000000000000000000, 0.000000000000000000, -1.000000000000000000 ) ) ;
#5205 = DIRECTION ( 'NONE',  ( -0.1736481776669290544, 0.9848077530122083534, 0.000000000000000000 ) ) ;
#5206 = DIRECTION ( 'NONE',  ( 1.000000000000000000, 4.558701216420150868E-16, 0.000000000000000000 ) ) ;
#5207 = DIRECTION ( 'NONE',  ( 1.000000000000000000, -4.558701216420150868E-16, 0.000000000000000000 ) ) ;
#5208 = CARTESIAN_POINT ( 'NONE',  ( 2.129028390264844806, 1.017364817766692076, -2.443599202448334839 ) ) ;
#5209 = CARTESIAN_POINT ( 'NONE',  ( -3.200000000000000178, 0.1446467872876731897, -1.827499999999999902 ) ) ;
#5210 = FACE_OUTER_BOUND ( 'NONE', #6081, .T. ) ;
#5211 = LINE ( 'NONE', #1894, #5463 ) ;
#5212 = UNCERTAINTY_MEASURE_WITH_UNIT (LENGTH_MEASURE( 1.000000000000000082E-05 ), #3485, 'distance_accuracy_value', 'NONE');
#5213 = ORIENTED_EDGE ( 'NONE', *, *, #4459, .F. ) ;
#5214 = CARTESIAN_POINT ( 'NONE',  ( -2.870524920471619890, 0.2977008424331585301, -0.5274999999999999689 ) ) ;
#5215 = CARTESIAN_POINT ( 'NONE',  ( 2.199996210330392277, 0.5524785077156454394, 2.401005270604403385 ) ) ;
#5216 = VERTEX_POINT ( 'NONE', #664 ) ;
#5217 = CARTESIAN_POINT ( 'NONE',  ( -2.437831373677284752, 0.5524999999999999911, -1.422499999999999876 ) ) ;
#5218 = CARTESIAN_POINT ( 'NONE',  ( 2.851362942456834748, 0.02367179002526179771, -1.177499999999999991 ) ) ;
#5219 = ADVANCED_FACE ( 'NONE', ( #4862 ), #696, .T. ) ;
#5220 = ORIENTED_EDGE ( 'NONE', *, *, #5663, .T. ) ;
#5221 = EDGE_CURVE ( 'NONE', #5124, #1868, #6210, .T. ) ;
#5222 = EDGE_CURVE ( 'NONE', #4093, #3794, #4224, .T. ) ;
#5223 = LINE ( 'NONE', #2933, #7321 ) ;
#5224 = DIRECTION ( 'NONE',  ( 1.000000000000000000, 0.000000000000000000, 0.000000000000000000 ) ) ;
#5225 = DIRECTION ( 'NONE',  ( -0.1736481776669290544, 0.9848077530122083534, 0.000000000000000000 ) ) ;
#5226 = ORIENTED_EDGE ( 'NONE', *, *, #7406, .F. ) ;
#5227 = CARTESIAN_POINT ( 'NONE',  ( -2.437831373677284752, 0.4228017965748430140, 2.072500000000000231 ) ) ;
#5228 = ORIENTED_EDGE ( 'NONE', *, *, #4940, .F. ) ;
#5229 = CARTESIAN_POINT ( 'NONE',  ( 2.437831373677284752, 0.6975000000000000089, -1.422499999999999876 ) ) ;
#5230 = PRESENTATION_LAYER_ASSIGNMENT (  '', '', ( #3529 ) ) ;
#5231 = EDGE_CURVE ( 'NONE', #728, #6758, #4829, .T. ) ;
#5232 = DIRECTION ( 'NONE',  ( -1.000000000000000000, 0.000000000000000000, 0.000000000000000000 ) ) ;
#5233 = ADVANCED_FACE ( 'NONE', ( #2532 ), #4449, .T. ) ;
#5234 = VECTOR ( 'NONE', #3058, 1000.000000000000114 ) ;
#5235 = ORIENTED_EDGE ( 'NONE', *, *, #5499, .T. ) ;
#5236 = ORIENTED_EDGE ( 'NONE', *, *, #2894, .T. ) ;
#5237 = ORIENTED_EDGE ( 'NONE', *, *, #6445, .F. ) ;
#5238 = DIRECTION ( 'NONE',  ( 0.000000000000000000, 0.000000000000000000, -1.000000000000000000 ) ) ;
#5239 = DIRECTION ( 'NONE',  ( 0.9975640502598247528, -0.06975647374411807211, 0.000000000000000000 ) ) ;
#5240 = ORIENTED_EDGE ( 'NONE', *, *, #7311, .T. ) ;
#5241 = VECTOR ( 'NONE', #3156, 1000.000000000000114 ) ;
#5242 = ORIENTED_EDGE ( 'NONE', *, *, #59, .F. ) ;
#5243 = CARTESIAN_POINT ( 'NONE',  ( 2.437831373677284752, 0.5524999999999999911, 0.5274999999999999689 ) ) ;
#5244 = CYLINDRICAL_SURFACE ( 'NONE', #7456, 0.1296982034251579208 ) ;
#5245 = AXIS2_PLACEMENT_3D ( 'NONE', #6381, #6497, #2955 ) ;
#5246 = ADVANCED_FACE ( 'NONE', ( #837 ), #7371, .F. ) ;
#5247 = ORIENTED_EDGE ( 'NONE', *, *, #1873, .T. ) ;
#5248 = CARTESIAN_POINT ( 'NONE',  ( 2.742797124186769686, 0.2751789857617050195, 0.7724999999999999645 ) ) ;
#5249 = DIRECTION ( 'NONE',  ( -1.000000000000000000, 0.000000000000000000, 0.000000000000000000 ) ) ;
#5250 = ORIENTED_EDGE ( 'NONE', *, *, #6433, .T. ) ;
#5251 = DIRECTION ( 'NONE',  ( 0.000000000000000000, 0.000000000000000000, -1.000000000000000000 ) ) ;
#5252 = DIRECTION ( 'NONE',  ( 0.000000000000000000, 0.000000000000000000, 1.000000000000000000 ) ) ;
#5253 = PRESENTATION_STYLE_ASSIGNMENT (( #4574 ) ) ;
#5254 = CARTESIAN_POINT ( 'NONE',  ( 2.200000000000000178, 0.6975000000000000089, 0.7724999999999999645 ) ) ;
#5255 = DIRECTION ( 'NONE',  ( -1.000000000000000000, 0.000000000000000000, 0.000000000000000000 ) ) ;
#5256 = CARTESIAN_POINT ( 'NONE',  ( -2.437831373677284752, 0.6975000000000000089, -0.5274999999999999689 ) ) ;
#5257 = EDGE_CURVE ( 'NONE', #6989, #2750, #5640, .T. ) ;
#5258 = ORIENTED_EDGE ( 'NONE', *, *, #7348, .F. ) ;
#5259 = ORIENTED_EDGE ( 'NONE', *, *, #6301, .T. ) ;
#5260 = LINE ( 'NONE', #528, #7292 ) ;
#5261 = PLANE ( 'NONE',  #6593 ) ;
#5262 = ORIENTED_EDGE ( 'NONE', *, *, #6653, .F. ) ;
#5263 = FACE_OUTER_BOUND ( 'NONE', #2536, .T. ) ;
#5264 = CARTESIAN_POINT ( 'NONE',  ( -1.486702623836771986, 1.100000000000000089, -2.088720136967915142 ) ) ;
#5265 = VECTOR ( 'NONE', #3597, 1000.000000000000000 ) ;
#5266 = VERTEX_POINT ( 'NONE', #6784 ) ;
#5267 = ORIENTED_EDGE ( 'NONE', *, *, #2713, .T. ) ;
#5268 = EDGE_CURVE ( 'NONE', #3421, #3440, #426, .T. ) ;
#5269 =( NAMED_UNIT ( * ) SI_UNIT ( $, .STERADIAN. ) SOLID_ANGLE_UNIT ( ) );
#5270 = AXIS2_PLACEMENT_3D ( 'NONE', #3300, #928, #5514 ) ;
#5271 = DIRECTION ( 'NONE',  ( -8.673617379884039170E-17, 0.000000000000000000, -1.000000000000000000 ) ) ;
#5272 = EDGE_CURVE ( 'NONE', #5316, #6369, #2063, .T. ) ;
#5273 = VECTOR ( 'NONE', #336, 1000.000000000000000 ) ;
#5274 = EDGE_LOOP ( 'NONE', ( #7262, #3068, #2910, #5119 ) ) ;
#5275 = CARTESIAN_POINT ( 'NONE',  ( 2.200000000000000178, 0.6975000000000000089, 0.1224999999999999978 ) ) ;
#5276 = LINE ( 'NONE', #4629, #982 ) ;
#5277 = EDGE_LOOP ( 'NONE', ( #1766, #111, #2609, #2085, #5421, #6144, #5160, #2150, #2772, #2700, #5319, #2098 ) ) ;
#5278 = ORIENTED_EDGE ( 'NONE', *, *, #5968, .F. ) ;
#5279 = DIRECTION ( 'NONE',  ( 0.000000000000000000, -1.000000000000000000, 0.000000000000000000 ) ) ;
#5280 = DIRECTION ( 'NONE',  ( 0.9848077530122080203, 0.1736481776669305532, 0.000000000000000000 ) ) ;
#5281 = ORIENTED_EDGE ( 'NONE', *, *, #3416, .F. ) ;
#5282 = EDGE_CURVE ( 'NONE', #4932, #2178, #6173, .T. ) ;
#5283 = CARTESIAN_POINT ( 'NONE',  ( 2.101005270604403563, 0.5524785077156445512, -2.499996210330387214 ) ) ;
#5284 = EDGE_CURVE ( 'NONE', #1032, #4093, #4370, .T. ) ;
#5285 =( GEOMETRIC_REPRESENTATION_CONTEXT ( 3 ) GLOBAL_UNCERTAINTY_ASSIGNED_CONTEXT ( ( #3464 ) ) GLOBAL_UNIT_ASSIGNED_CONTEXT ( ( #3653, #2546, #5334 ) ) REPRESENTATION_CONTEXT ( 'NONE', 'WORKASPACE' ) );
#5286 = VECTOR ( 'NONE', #5885, 999.9999999999998863 ) ;
#5287 = ORIENTED_EDGE ( 'NONE', *, *, #3982, .T. ) ;
#5288 = DIRECTION ( 'NONE',  ( -0.000000000000000000, 1.000000000000000000, 0.000000000000000000 ) ) ;
#5289 = FACE_OUTER_BOUND ( 'NONE', #733, .T. ) ;
#5290 = VERTEX_POINT ( 'NONE', #6636 ) ;
#5291 = LINE ( 'NONE', #1779, #6112 ) ;
#5292 = VERTEX_POINT ( 'NONE', #3908 ) ;
#5293 = EDGE_CURVE ( 'NONE', #7067, #2117, #2024, .T. ) ;
#5294 = AXIS2_PLACEMENT_3D ( 'NONE', #6321, #2176, #4053 ) ;
#5295 = DIRECTION ( 'NONE',  ( -0.9975640502598247528, -0.06975647374411829416, 0.000000000000000000 ) ) ;
#5296 = CARTESIAN_POINT ( 'NONE',  ( 2.565559169962134956, 0.4453236532462965247, -1.422499999999999876 ) ) ;
#5297 = DIRECTION ( 'NONE',  ( 0.1736481776669290544, -0.9848077530122083534, 0.000000000000000000 ) ) ;
#5298 = FACE_OUTER_BOUND ( 'NONE', #2044, .T. ) ;
#5299 = MECHANICAL_DESIGN_GEOMETRIC_PRESENTATION_REPRESENTATION (  '', ( #541 ), #7211 ) ;
#5300 = ADVANCED_FACE ( 'NONE', ( #4401 ), #4326, .T. ) ;
#5301 = DIRECTION ( 'NONE',  ( 0.000000000000000000, 0.000000000000000000, -1.000000000000000000 ) ) ;
#5302 = PLANE ( 'NONE',  #1968 ) ;
#5303 = ORIENTED_EDGE ( 'NONE', *, *, #3650, .T. ) ;
#5304 = CARTESIAN_POINT ( 'NONE',  ( 2.870524920471619890, 0.2977008424331585301, -1.827499999999999902 ) ) ;
#5305 = ORIENTED_EDGE ( 'NONE', *, *, #6755, .F. ) ;
#5306 = VERTEX_POINT ( 'NONE', #6750 ) ;
#5307 = PRESENTATION_STYLE_ASSIGNMENT (( #6881 ) ) ;
#5308 = CARTESIAN_POINT ( 'NONE',  ( -2.200000000000000178, 0.6975000000000000089, 0.1224999999999999978 ) ) ;
#5309 = DIRECTION ( 'NONE',  ( -1.000000000000000000, 0.000000000000000000, 0.000000000000000000 ) ) ;
#5310 = DIRECTION ( 'NONE',  ( 0.9975640502598247528, -0.06975647374411807211, 0.000000000000000000 ) ) ;
#5311 = ORIENTED_EDGE ( 'NONE', *, *, #4135, .F. ) ;
#5312 = ORIENTED_EDGE ( 'NONE', *, *, #7330, .T. ) ;
#5313 = ORIENTED_EDGE ( 'NONE', *, *, #7171, .F. ) ;
#5314 = DIRECTION ( 'NONE',  ( 0.000000000000000000, 0.000000000000000000, -1.000000000000000000 ) ) ;
#5315 = CARTESIAN_POINT ( 'NONE',  ( 4.622877260815799511E-16, 1.000000000000000000, 2.345118427147114826 ) ) ;
#5316 = VERTEX_POINT ( 'NONE', #6666 ) ;
#5317 = DIRECTION ( 'NONE',  ( -0.9975640502598246417, 0.06975647374411907131, 0.000000000000000000 ) ) ;
#5318 = SPHERICAL_SURFACE ( 'NONE', #413, 0.1000000000000000056 ) ;
#5319 = ORIENTED_EDGE ( 'NONE', *, *, #5603, .F. ) ;
#5320 = LINE ( 'NONE', #5353, #3445 ) ;
#5321 = FACE_OUTER_BOUND ( 'NONE', #1149, .T. ) ;
#5322 = VECTOR ( 'NONE', #5271, 1000.000000000000000 ) ;
#5323 = EDGE_CURVE ( 'NONE', #4704, #7329, #3209, .T. ) ;
#5324 = EDGE_LOOP ( 'NONE', ( #494, #2001, #354, #7463, #3965, #7417, #654, #4821, #2812, #236, #5566, #62 ) ) ;
#5325 = SURFACE_SIDE_STYLE ('',( #2999 ) ) ;
#5326 = ORIENTED_EDGE ( 'NONE', *, *, #5662, .F. ) ;
#5327 = CARTESIAN_POINT ( 'NONE',  ( 2.437831373677284752, 0.5524999999999999911, -2.072500000000000231 ) ) ;
#5328 = CARTESIAN_POINT ( 'NONE',  ( -2.200000000000000178, 0.5524999999999999911, 1.422499999999999876 ) ) ;
#5329 = AXIS2_PLACEMENT_3D ( 'NONE', #7006, #1193, #3060 ) ;
#5330 = CYLINDRICAL_SURFACE ( 'NONE', #3545, 0.1296982034251575044 ) ;
#5331 = CARTESIAN_POINT ( 'NONE',  ( -2.600000000000000089, 0.2500000000000000000, -2.072500000000000231 ) ) ;
#5332 = VECTOR ( 'NONE', #7500, 1000.000000000000000 ) ;
#5333 = ADVANCED_FACE ( 'NONE', ( #3788 ), #1541, .F. ) ;
#5334 =( NAMED_UNIT ( * ) SI_UNIT ( $, .STERADIAN. ) SOLID_ANGLE_UNIT ( ) );
#5335 = CARTESIAN_POINT ( 'NONE',  ( -2.200000000000000178, 0.6975000000000000089, -2.500000000000000000 ) ) ;
#5336 = LINE ( 'NONE', #6545, #4353 ) ;
#5337 = EDGE_LOOP ( 'NONE', ( #4751, #4389, #2072, #3210, #6977, #1834, #2306, #5303, #657, #5429, #2191, #4711 ) ) ;
#5338 = VECTOR ( 'NONE', #2605, 1000.000000000000000 ) ;
#5339 = DIRECTION ( 'NONE',  ( 0.000000000000000000, 0.000000000000000000, -1.000000000000000000 ) ) ;
#5340 = CARTESIAN_POINT ( 'NONE',  ( 2.870524920471619890, 0.2977008424331585301, 1.827499999999999902 ) ) ;
#5341 = PLANE ( 'NONE',  #1107 ) ;
#5342 = ORIENTED_EDGE ( 'NONE', *, *, #5222, .T. ) ;
#5343 = VERTEX_POINT ( 'NONE', #6707 ) ;
#5344 = EDGE_LOOP ( 'NONE', ( #3915, #2224, #65, #6103, #3164, #6496, #3957, #5355 ) ) ;
#5345 = PLANE ( 'NONE',  #2787 ) ;
#5346 = DIRECTION ( 'NONE',  ( -1.000000000000000000, 2.279350608210075138E-15, 0.000000000000000000 ) ) ;
#5347 = ORIENTED_EDGE ( 'NONE', *, *, #6828, .F. ) ;
#5348 = CARTESIAN_POINT ( 'NONE',  ( 2.565559169962134956, 0.4453236532462965247, 0.7724999999999999645 ) ) ;
#5349 = VERTEX_POINT ( 'NONE', #1502 ) ;
#5350 = CARTESIAN_POINT ( 'NONE',  ( -2.851362942456834748, 0.02367179002526179771, -0.5274999999999999689 ) ) ;
#5351 = VECTOR ( 'NONE', #2729, 1000.000000000000000 ) ;
#5352 = ORIENTED_EDGE ( 'NONE', *, *, #2846, .F. ) ;
#5353 = CARTESIAN_POINT ( 'NONE',  ( -2.200000000000000178, 0.6975000000000000089, -0.7724999999999999645 ) ) ;
#5354 = CARTESIAN_POINT ( 'NONE',  ( 2.437831373677284752, 0.5524999999999999911, -0.5274999999999999689 ) ) ;
#5355 = ORIENTED_EDGE ( 'NONE', *, *, #2054, .F. ) ;
#5356 = AXIS2_PLACEMENT_3D ( 'NONE', #3085, #4807, #259 ) ;
#5357 = DIRECTION ( 'NONE',  ( 1.000000000000000000, 0.000000000000000000, 0.000000000000000000 ) ) ;
#5358 = CARTESIAN_POINT ( 'NONE',  ( -3.200000000000000178, 0.1446467872876731897, -1.422499999999999876 ) ) ;
#5359 = EDGE_CURVE ( 'NONE', #5979, #3478, #5600, .T. ) ;
#5360 = AXIS2_PLACEMENT_3D ( 'NONE', #1809, #6456, #2417 ) ;
#5361 = ADVANCED_FACE ( 'NONE', ( #4999 ), #6136, .F. ) ;
#5362 = DIRECTION ( 'NONE',  ( 0.000000000000000000, 0.000000000000000000, -1.000000000000000000 ) ) ;
#5363 = PLANE ( 'NONE',  #6225 ) ;
#5364 = EDGE_CURVE ( 'NONE', #949, #5542, #7430, .T. ) ;
#5365 = CARTESIAN_POINT ( 'NONE',  ( -2.200000000000000178, 0.6975000000000000089, -1.177499999999999991 ) ) ;
#5366 = ORIENTED_EDGE ( 'NONE', *, *, #1014, .F. ) ;
#5367 = FILL_AREA_STYLE_COLOUR ( '', #3076 ) ;
#5368 = FACE_OUTER_BOUND ( 'NONE', #5647, .T. ) ;
#5369 = DIRECTION ( 'NONE',  ( -1.000000000000000000, -5.926311581346190705E-15, 0.000000000000000000 ) ) ;
#5370 = ADVANCED_FACE ( 'NONE', ( #7296 ), #2106, .F. ) ;
#5371 = EDGE_CURVE ( 'NONE', #1018, #459, #2707, .T. ) ;
#5372 = DIRECTION ( 'NONE',  ( 1.000000000000000000, 0.000000000000000000, 0.000000000000000000 ) ) ;
#5373 = ORIENTED_EDGE ( 'NONE', *, *, #5520, .F. ) ;
#5374 = ORIENTED_EDGE ( 'NONE', *, *, #2007, .T. ) ;
#5375 = CARTESIAN_POINT ( 'NONE',  ( -1.486702623836771986, 1.000000000000000000, -1.838720136967914920 ) ) ;
#5376 = CARTESIAN_POINT ( 'NONE',  ( 2.565559169962134956, 0.4453236532462965247, 1.422499999999999876 ) ) ;
#5377 = LINE ( 'NONE', #5938, #3809 ) ;
#5378 = VECTOR ( 'NONE', #5741, 1000.000000000000000 ) ;
#5379 = CARTESIAN_POINT ( 'NONE',  ( 2.437831373677284752, 0.4228017965748430140, 2.072500000000000231 ) ) ;
#5380 = AXIS2_PLACEMENT_3D ( 'NONE', #1155, #3484, #586 ) ;
#5381 = ORIENTED_EDGE ( 'NONE', *, *, #6890, .F. ) ;
#5382 = ORIENTED_EDGE ( 'NONE', *, *, #4736, .F. ) ;
#5383 = ADVANCED_FACE ( 'NONE', ( #6961 ), #3513, .T. ) ;
#5384 = DIRECTION ( 'NONE',  ( 0.000000000000000000, 0.000000000000000000, 1.000000000000000000 ) ) ;
#5385 = AXIS2_PLACEMENT_3D ( 'NONE', #4698, #5301, #3005 ) ;
#5386 = CARTESIAN_POINT ( 'NONE',  ( -2.870524920471619890, 0.2977008424331585301, -0.1224999999999999978 ) ) ;
#5387 = ORIENTED_EDGE ( 'NONE', *, *, #7149, .F. ) ;
#5388 = VECTOR ( 'NONE', #5792, 1000.000000000000000 ) ;
#5389 = DIRECTION ( 'NONE',  ( 0.000000000000000000, -1.000000000000000000, 0.000000000000000000 ) ) ;
#5390 = CIRCLE ( 'NONE', #1119, 0.2746982034251559401 ) ;
#5391 = ORIENTED_EDGE ( 'NONE', *, *, #1220, .F. ) ;
#5392 = DIRECTION ( 'NONE',  ( 8.673617379884039170E-17, 0.000000000000000000, 1.000000000000000000 ) ) ;
#5393 = VECTOR ( 'NONE', #2816, 1000.000000000000114 ) ;
#5394 = DIRECTION ( 'NONE',  ( -2.602085213965209656E-16, 0.000000000000000000, -1.000000000000000000 ) ) ;
#5395 = DIRECTION ( 'NONE',  ( -1.000000000000000000, 0.000000000000000000, 0.000000000000000000 ) ) ;
#5396 = DIRECTION ( 'NONE',  ( 0.000000000000000000, 0.000000000000000000, -1.000000000000000000 ) ) ;
#5397 =( GEOMETRIC_REPRESENTATION_CONTEXT ( 3 ) GLOBAL_UNCERTAINTY_ASSIGNED_CONTEXT ( ( #3695 ) ) GLOBAL_UNIT_ASSIGNED_CONTEXT ( ( #676, #785, #2469 ) ) REPRESENTATION_CONTEXT ( 'NONE', 'WORKASPACE' ) );
#5398 = CARTESIAN_POINT ( 'NONE',  ( -2.045118427147115003, 0.1499999999999999944, -2.345118427147114826 ) ) ;
#5399 = CARTESIAN_POINT ( 'NONE',  ( 2.437831373677284752, 0.4228017965748430140, -1.827499999999999902 ) ) ;
#5400 = STYLED_ITEM ( 'NONE', ( #7051 ), #6368 ) ;
#5401 = PLANE ( 'NONE',  #7513 ) ;
#5402 = DIRECTION ( 'NONE',  ( 0.000000000000000000, 0.000000000000000000, -1.000000000000000000 ) ) ;
#5403 = COLOUR_RGB ( '',1.000000000000000000, 1.000000000000000000, 1.000000000000000000 ) ;
#5404 = EDGE_CURVE ( 'NONE', #488, #2096, #6249, .T. ) ;
#5405 =( NAMED_UNIT ( * ) PLANE_ANGLE_UNIT ( ) SI_UNIT ( $, .RADIAN. ) );
#5406 = CARTESIAN_POINT ( 'NONE',  ( 2.143599202448335017, 0.2326351822333074804, 2.345118427147114826 ) ) ;
#5407 = CARTESIAN_POINT ( 'NONE',  ( 2.708356294148904997, 0.4705026390080009890, -0.5274999999999999689 ) ) ;
#5408 = CARTESIAN_POINT ( 'NONE',  ( 2.143599202448335017, 0.2326351822333074804, -2.429028390264845072 ) ) ;
#5409 = AXIS2_PLACEMENT_3D ( 'NONE', #4288, #5947, #2378 ) ;
#5410 = ORIENTED_EDGE ( 'NONE', *, *, #3666, .T. ) ;
#5411 = EDGE_CURVE ( 'NONE', #1314, #3636, #1764, .T. ) ;
#5412 = EDGE_CURVE ( 'NONE', #3241, #373, #1023, .T. ) ;
#5413 = DIRECTION ( 'NONE',  ( -1.000000000000000000, 0.000000000000000000, 0.000000000000000000 ) ) ;
#5414 = DIRECTION ( 'NONE',  ( -0.06975647374411908519, -0.9975640502598247528, 0.000000000000000000 ) ) ;
#5415 = CARTESIAN_POINT ( 'NONE',  ( -2.870524920471619890, 0.2977008424331585301, 2.072500000000000231 ) ) ;
#5416 = CARTESIAN_POINT ( 'NONE',  ( 2.742797124186769686, 0.2751789857617050195, 1.422499999999999876 ) ) ;
#5417 = VERTEX_POINT ( 'NONE', #6853 ) ;
#5418 = EDGE_CURVE ( 'NONE', #4506, #6521, #6354, .T. ) ;
#5419 = CARTESIAN_POINT ( 'NONE',  ( -2.437831373677284752, 0.5524999999999999911, 2.072500000000000231 ) ) ;
#5420 = DIRECTION ( 'NONE',  ( 0.000000000000000000, 0.000000000000000000, -1.000000000000000000 ) ) ;
#5421 = ORIENTED_EDGE ( 'NONE', *, *, #4772, .F. ) ;
#5422 = CARTESIAN_POINT ( 'NONE',  ( 2.861477631149734968, 0.1683185773129355078, 1.177499999999999991 ) ) ;
#5423 = ORIENTED_EDGE ( 'NONE', *, *, #3373, .F. ) ;
#5424 = CARTESIAN_POINT ( 'NONE',  ( 2.199988631206595269, 0.6975644756313409411, -2.401507855905375077 ) ) ;
#5425 = ORIENTED_EDGE ( 'NONE', *, *, #4733, .F. ) ;
#5426 = DIRECTION ( 'NONE',  ( 8.673617379884039170E-17, 0.000000000000000000, 1.000000000000000000 ) ) ;
#5427 = EDGE_CURVE ( 'NONE', #2171, #2746, #4667, .T. ) ;
#5428 = ORIENTED_EDGE ( 'NONE', *, *, #1361, .T. ) ;
#5429 = ORIENTED_EDGE ( 'NONE', *, *, #2756, .T. ) ;
#5430 = DIRECTION ( 'NONE',  ( -1.000000000000000000, 0.000000000000000000, 0.000000000000000000 ) ) ;
#5431 = CARTESIAN_POINT ( 'NONE',  ( 0.000000000000000000, 0.1499999999999999944, 0.000000000000000000 ) ) ;
#5432 = LINE ( 'NONE', #779, #1472 ) ;
#5433 = DIRECTION ( 'NONE',  ( 0.000000000000000000, 0.000000000000000000, -1.000000000000000000 ) ) ;
#5434 = LINE ( 'NONE', #7136, #6804 ) ;
#5435 = AXIS2_PLACEMENT_3D ( 'NONE', #1748, #7391, #2196 ) ;
#5436 = AXIS2_PLACEMENT_3D ( 'NONE', #1911, #270, #766 ) ;
#5437 = DIRECTION ( 'NONE',  ( -0.06975647374411807211, 0.9975640502598247528, 0.000000000000000000 ) ) ;
#5438 = VECTOR ( 'NONE', #6915, 1000.000000000000000 ) ;
#5439 = DIRECTION ( 'NONE',  ( 1.000000000000000000, 4.558701216420150868E-16, 0.000000000000000000 ) ) ;
#5440 = ORIENTED_EDGE ( 'NONE', *, *, #4406, .F. ) ;
#5441 =( BOUNDED_CURVE ( )  B_SPLINE_CURVE ( 3, ( #4508, #6950, #3419, #6392 ),
 .UNSPECIFIED., .F., .T. ) 
 B_SPLINE_CURVE_WITH_KNOTS ( ( 4, 4 ),
 ( 6.268106176683110320, 6.283185307179590673 ),
 .UNSPECIFIED. ) 
 CURVE ( )  GEOMETRIC_REPRESENTATION_ITEM ( )  RATIONAL_B_SPLINE_CURVE ( ( 1.000000000000000000, 0.9999810517417160316, 0.9999810517417160316, 1.000000000000000000 ) ) 
 REPRESENTATION_ITEM ( '' )  );
#5442 = CARTESIAN_POINT ( 'NONE',  ( 2.200000000000000178, 0.5524999999999999911, -1.422499999999999876 ) ) ;
#5443 = FACE_OUTER_BOUND ( 'NONE', #1113, .T. ) ;
#5444 = ORIENTED_EDGE ( 'NONE', *, *, #7360, .F. ) ;
#5445 = CARTESIAN_POINT ( 'NONE',  ( 2.437831373677284752, 0.5524999999999999911, 1.827499999999999902 ) ) ;
#5446 = ADVANCED_FACE ( 'NONE', ( #4520 ), #6817, .F. ) ;
#5447 = EDGE_CURVE ( 'NONE', #6989, #5598, #5390, .T. ) ;
#5448 = EDGE_CURVE ( 'NONE', #4796, #5733, #1062, .T. ) ;
#5449 = ORIENTED_EDGE ( 'NONE', *, *, #1955, .F. ) ;
#5450 = DIRECTION ( 'NONE',  ( 4.336808689942015369E-15, -1.000000000000000000, 0.000000000000000000 ) ) ;
#5451 = VERTEX_POINT ( 'NONE', #1615 ) ;
#5452 = EDGE_LOOP ( 'NONE', ( #6481, #5904, #4107, #2533 ) ) ;
#5453 = DIRECTION ( 'NONE',  ( 1.000000000000000000, -4.558701216420150868E-16, 0.000000000000000000 ) ) ;
#5454 = CARTESIAN_POINT ( 'NONE',  ( 2.861477631149734968, 0.1683185773129355078, 2.072500000000000231 ) ) ;
#5455 = ORIENTED_EDGE ( 'NONE', *, *, #660, .T. ) ;
#5456 = CARTESIAN_POINT ( 'NONE',  ( 2.565559169962134956, 0.4453236532462965247, 0.5274999999999999689 ) ) ;
#5457 = EDGE_CURVE ( 'NONE', #5008, #3998, #3395, .T. ) ;
#5458 = EDGE_CURVE ( 'NONE', #778, #1272, #3434, .T. ) ;
#5459 = ORIENTED_EDGE ( 'NONE', *, *, #6610, .T. ) ;
#5460 = CARTESIAN_POINT ( 'NONE',  ( 2.101507855905375255, 0.6975644756313429395, -2.499988631206595091 ) ) ;
#5461 = ORIENTED_EDGE ( 'NONE', *, *, #6330, .T. ) ;
#5462 = DIRECTION ( 'NONE',  ( -0.9848077530122083534, -0.1736481776669290544, 0.000000000000000000 ) ) ;
#5463 = VECTOR ( 'NONE', #3648, 1000.000000000000000 ) ;
#5464 = ORIENTED_EDGE ( 'NONE', *, *, #5137, .T. ) ;
#5465 = EDGE_LOOP ( 'NONE', ( #1065, #6901, #1817, #47, #900, #7345 ) ) ;
#5466 = DIRECTION ( 'NONE',  ( 0.000000000000000000, 0.000000000000000000, -1.000000000000000000 ) ) ;
#5467 = LINE ( 'NONE', #2578, #6735 ) ;
#5468 = VERTEX_POINT ( 'NONE', #5672 ) ;
#5469 = DIRECTION ( 'NONE',  ( 1.000000000000000000, 0.000000000000000000, 0.000000000000000000 ) ) ;
#5470 = CARTESIAN_POINT ( 'NONE',  ( 2.437831373677284752, 0.4228017965748430140, 0.1224999999999999978 ) ) ;
#5471 =( GEOMETRIC_REPRESENTATION_CONTEXT ( 3 ) GLOBAL_UNCERTAINTY_ASSIGNED_CONTEXT ( ( #5961 ) ) GLOBAL_UNIT_ASSIGNED_CONTEXT ( ( #6464, #7097, #5959 ) ) REPRESENTATION_CONTEXT ( 'NONE', 'WORKASPACE' ) );
#5472 = VECTOR ( 'NONE', #6752, 1000.000000000000000 ) ;
#5473 = FACE_OUTER_BOUND ( 'NONE', #1563, .T. ) ;
#5474 = ADVANCED_FACE ( 'NONE', ( #456 ), #6405, .F. ) ;
#5475 = FACE_OUTER_BOUND ( 'NONE', #1768, .T. ) ;
#5476 = LINE ( 'NONE', #1933, #1586 ) ;
#5477 = CARTESIAN_POINT ( 'NONE',  ( 2.565559169962134956, 0.4453236532462965247, 0.1224999999999999978 ) ) ;
#5478 = CIRCLE ( 'NONE', #2799, 0.2746982034251559401 ) ;
#5479 = EDGE_LOOP ( 'NONE', ( #4749, #4258, #4266, #2199 ) ) ;
#5480 = CARTESIAN_POINT ( 'NONE',  ( -2.200000000000000178, 0.6975000000000000089, 1.422499999999999876 ) ) ;
#5481 = VECTOR ( 'NONE', #5362, 1000.000000000000000 ) ;
#5482 = LINE ( 'NONE', #2093, #2347 ) ;
#5483 = VECTOR ( 'NONE', #4911, 1000.000000000000000 ) ;
#5484 = VERTEX_POINT ( 'NONE', #5229 ) ;
#5485 = DIRECTION ( 'NONE',  ( 1.000000000000000000, 0.000000000000000000, 0.000000000000000000 ) ) ;
#5486 = VERTEX_POINT ( 'NONE', #7455 ) ;
#5487 = EDGE_CURVE ( 'NONE', #4832, #6558, #2938, .T. ) ;
#5488 = LINE ( 'NONE', #1494, #6036 ) ;
#5489 = FACE_OUTER_BOUND ( 'NONE', #5274, .T. ) ;
#5490 = CARTESIAN_POINT ( 'NONE',  ( 2.045118427147115003, 0.2500000000000000000, -2.345118427147114826 ) ) ;
#5491 = VERTEX_POINT ( 'NONE', #6887 ) ;
#5492 = DIRECTION ( 'NONE',  ( 0.06975647374411987622, -0.9975640502598246417, 0.000000000000000000 ) ) ;
#5493 = CARTESIAN_POINT ( 'NONE',  ( -2.437831373677284752, 0.6975000000000000089, 0.1224999999999999978 ) ) ;
#5494 = VECTOR ( 'NONE', #1072, 999.9999999999998863 ) ;
#5495 = LINE ( 'NONE', #4864, #4515 ) ;
#5496 = VECTOR ( 'NONE', #786, 1000.000000000000000 ) ;
#5497 = ORIENTED_EDGE ( 'NONE', *, *, #5726, .T. ) ;
#5498 = VECTOR ( 'NONE', #5310, 1000.000000000000114 ) ;
#5499 = EDGE_CURVE ( 'NONE', #3567, #569, #5276, .T. ) ;
#5500 = DIRECTION ( 'NONE',  ( 0.000000000000000000, 0.000000000000000000, 1.000000000000000000 ) ) ;
#5501 = EDGE_CURVE ( 'NONE', #6382, #4090, #7414, .T. ) ;
#5502 = DIRECTION ( 'NONE',  ( -1.000000000000000000, -5.926311581346190705E-15, 0.000000000000000000 ) ) ;
#5503 = ORIENTED_EDGE ( 'NONE', *, *, #5487, .T. ) ;
#5504 = CIRCLE ( 'NONE', #6679, 0.2746982034251563842 ) ;
#5505 = VECTOR ( 'NONE', #1896, 1000.000000000000114 ) ;
#5506 = DIRECTION ( 'NONE',  ( 0.000000000000000000, 0.000000000000000000, -1.000000000000000000 ) ) ;
#5507 = CARTESIAN_POINT ( 'NONE',  ( -2.045118427147115003, 0.2500000000000000000, -2.345118427147114826 ) ) ;
#5508 = VECTOR ( 'NONE', #5632, 1000.000000000000000 ) ;
#5509 = COLOUR_RGB ( '',0.7921568627450980005, 0.8196078431372548767, 0.9333333333333333481 ) ;
#5510 = AXIS2_PLACEMENT_3D ( 'NONE', #6726, #4943, #2644 ) ;
#5511 = ADVANCED_FACE ( 'NONE', ( #4055 ), #2218, .F. ) ;
#5512 = CARTESIAN_POINT ( 'NONE',  ( 3.200000000000000178, 0.1446467872876731897, 0.7724999999999999645 ) ) ;
#5513 = CARTESIAN_POINT ( 'NONE',  ( 2.742797124186769686, 0.2751789857617050195, -1.827499999999999902 ) ) ;
#5514 = DIRECTION ( 'NONE',  ( -1.000000000000000000, 0.000000000000000000, 0.000000000000000000 ) ) ;
#5515 = CARTESIAN_POINT ( 'NONE',  ( -2.437831373677284752, 0.4228017965748430140, -0.5274999999999999689 ) ) ;
#5516 = CARTESIAN_POINT ( 'NONE',  ( 3.189885311307104843, 9.629649721936179265E-32, 0.7724999999999999645 ) ) ;
#5517 = AXIS2_PLACEMENT_3D ( 'NONE', #5811, #4648, #6264 ) ;
#5518 = VECTOR ( 'NONE', #3332, 1000.000000000000000 ) ;
#5519 = ORIENTED_EDGE ( 'NONE', *, *, #4649, .F. ) ;
#5520 = EDGE_CURVE ( 'NONE', #569, #393, #2482, .T. ) ;
#5521 = PLANE ( 'NONE',  #7063 ) ;
#5522 = CIRCLE ( 'NONE', #2245, 0.2746982034251567728 ) ;
#5523 = CARTESIAN_POINT ( 'NONE',  ( 2.861477631149734968, 0.1683185773129355078, 1.177499999999999991 ) ) ;
#5524 = DIRECTION ( 'NONE',  ( 0.000000000000000000, 1.000000000000000000, 0.000000000000000000 ) ) ;
#5525 = VECTOR ( 'NONE', #4969, 1000.000000000000000 ) ;
#5526 = FACE_OUTER_BOUND ( 'NONE', #6606, .T. ) ;
#5527 = CYLINDRICAL_SURFACE ( 'NONE', #6080, 0.2746982034251559401 ) ;
#5528 = CARTESIAN_POINT ( 'NONE',  ( -2.199988631206595269, 0.6975644756313429395, 2.401507855905375077 ) ) ;
#5529 = ORIENTED_EDGE ( 'NONE', *, *, #6240, .T. ) ;
#5530 = PLANE ( 'NONE',  #534 ) ;
#5531 = VERTEX_POINT ( 'NONE', #1302 ) ;
#5532 = DIRECTION ( 'NONE',  ( 1.000000000000000000, 4.558701216420150868E-16, 0.000000000000000000 ) ) ;
#5533 = ORIENTED_EDGE ( 'NONE', *, *, #3319, .F. ) ;
#5534 = ORIENTED_EDGE ( 'NONE', *, *, #5520, .T. ) ;
#5535 = FACE_OUTER_BOUND ( 'NONE', #93, .T. ) ;
#5536 = DIRECTION ( 'NONE',  ( 4.558701216420150868E-16, 1.000000000000000000, 0.000000000000000000 ) ) ;
#5537 = ORIENTED_EDGE ( 'NONE', *, *, #1797, .F. ) ;
#5538 = ORIENTED_EDGE ( 'NONE', *, *, #7203, .T. ) ;
#5539 = DIRECTION ( 'NONE',  ( -0.06975647374411807211, 0.9975640502598247528, 0.000000000000000000 ) ) ;
#5540 = DIRECTION ( 'NONE',  ( 0.000000000000000000, 0.000000000000000000, 1.000000000000000000 ) ) ;
#5541 = EDGE_CURVE ( 'NONE', #2604, #1917, #6552, .T. ) ;
#5542 = VERTEX_POINT ( 'NONE', #5939 ) ;
#5543 = CARTESIAN_POINT ( 'NONE',  ( -2.851362942456834748, 0.02367179002526179771, 0.7724999999999999645 ) ) ;
#5544 = CARTESIAN_POINT ( 'NONE',  ( 3.200000000000000178, 0.1446467872876731897, 0.5274999999999999689 ) ) ;
#5545 = CARTESIAN_POINT ( 'NONE',  ( -2.199996210330392277, 0.6975214922843544496, 2.401005270604403385 ) ) ;
#5546 = CARTESIAN_POINT ( 'NONE',  ( 2.200000000000000178, 0.5524999999999999911, -2.399999999999999911 ) ) ;
#5547 = DIRECTION ( 'NONE',  ( 0.000000000000000000, 0.000000000000000000, -1.000000000000000000 ) ) ;
#5548 = EDGE_CURVE ( 'NONE', #4491, #6639, #2370, .T. ) ;
#5549 = ADVANCED_FACE ( 'NONE', ( #6999 ), #81, .F. ) ;
#5550 = ORIENTED_EDGE ( 'NONE', *, *, #7502, .T. ) ;
#5551 = VECTOR ( 'NONE', #682, 1000.000000000000000 ) ;
#5552 = VECTOR ( 'NONE', #645, 1000.000000000000000 ) ;
#5553 = CARTESIAN_POINT ( 'NONE',  ( -2.861477631149734968, 0.1683185773129349805, 1.177499999999999991 ) ) ;
#5554 = DIRECTION ( 'NONE',  ( -1.000000000000000000, 0.000000000000000000, 0.000000000000000000 ) ) ;
#5555 = ORIENTED_EDGE ( 'NONE', *, *, #4513, .T. ) ;
#5556 = VERTEX_POINT ( 'NONE', #3588 ) ;
#5557 = DIRECTION ( 'NONE',  ( 0.9975640502598247528, -0.06975647374411807211, 0.000000000000000000 ) ) ;
#5558 = DIRECTION ( 'NONE',  ( -1.000000000000000000, 0.000000000000000000, 0.000000000000000000 ) ) ;
#5559 = CARTESIAN_POINT ( 'NONE',  ( 2.199988631206595269, 0.5524355243686589478, -2.401507855905375077 ) ) ;
#5560 = EDGE_CURVE ( 'NONE', #3525, #5562, #4175, .T. ) ;
#5561 = CARTESIAN_POINT ( 'NONE',  ( 3.200000000000000178, 0.1446467872876731897, -1.827499999999999902 ) ) ;
#5562 = VERTEX_POINT ( 'NONE', #4246 ) ;
#5563 = LINE ( 'NONE', #6634, #5163 ) ;
#5564 = ORIENTED_EDGE ( 'NONE', *, *, #1014, .T. ) ;
#5565 = DIRECTION ( 'NONE',  ( 0.000000000000000000, 0.000000000000000000, -1.000000000000000000 ) ) ;
#5566 = ORIENTED_EDGE ( 'NONE', *, *, #6886, .T. ) ;
#5567 = CARTESIAN_POINT ( 'NONE',  ( 2.143599202448335017, 1.017364817766692076, 2.429028390264845072 ) ) ;
#5568 = VERTEX_POINT ( 'NONE', #1226 ) ;
#5569 = DIRECTION ( 'NONE',  ( 0.000000000000000000, 0.000000000000000000, -1.000000000000000000 ) ) ;
#5570 = DIRECTION ( 'NONE',  ( 0.000000000000000000, 0.000000000000000000, -1.000000000000000000 ) ) ;
#5571 = ORIENTED_EDGE ( 'NONE', *, *, #1513, .T. ) ;
#5572 = FILL_AREA_STYLE ('',( #7267 ) ) ;
#5573 = DIRECTION ( 'NONE',  ( -1.000000000000000000, 0.000000000000000000, 0.000000000000000000 ) ) ;
#5574 = CARTESIAN_POINT ( 'NONE',  ( 2.045118427147115003, 1.000000000000000000, 2.345118427147114826 ) ) ;
#5575 = ADVANCED_FACE ( 'NONE', ( #1337 ), #3549, .F. ) ;
#5576 = EDGE_CURVE ( 'NONE', #2932, #5114, #4130, .T. ) ;
#5577 = SURFACE_SIDE_STYLE ('',( #4340 ) ) ;
#5578 = AXIS2_PLACEMENT_3D ( 'NONE', #3612, #5926, #5778 ) ;
#5579 = DIRECTION ( 'NONE',  ( 0.000000000000000000, 0.000000000000000000, -1.000000000000000000 ) ) ;
#5580 = DIRECTION ( 'NONE',  ( 0.000000000000000000, 0.000000000000000000, -1.000000000000000000 ) ) ;
#5581 = DIRECTION ( 'NONE',  ( 0.000000000000000000, 0.000000000000000000, -1.000000000000000000 ) ) ;
#5582 = ORIENTED_EDGE ( 'NONE', *, *, #4952, .T. ) ;
#5583 = AXIS2_PLACEMENT_3D ( 'NONE', #1621, #5046, #1030 ) ;
#5584 = VERTEX_POINT ( 'NONE', #5416 ) ;
#5585 = DIRECTION ( 'NONE',  ( -0.06975647374411807211, 0.9975640502598247528, 0.000000000000000000 ) ) ;
#5586 = CIRCLE ( 'NONE', #3283, 0.1296982034251575044 ) ;
#5587 = EDGE_CURVE ( 'NONE', #3552, #778, #5869, .T. ) ;
#5588 = VERTEX_POINT ( 'NONE', #1871 ) ;
#5589 = EDGE_LOOP ( 'NONE', ( #5582, #3503, #5828, #4865 ) ) ;
#5590 = ADVANCED_FACE ( 'NONE', ( #4743 ), #759, .T. ) ;
#5591 = AXIS2_PLACEMENT_3D ( 'NONE', #1148, #5832, #5794 ) ;
#5592 = DIRECTION ( 'NONE',  ( 0.06975647374411828028, -0.9975640502598247528, 0.000000000000000000 ) ) ;
#5593 = LINE ( 'NONE', #1572, #5147 ) ;
#5594 = EDGE_LOOP ( 'NONE', ( #1412, #2064, #3112, #4020 ) ) ;
#5595 =( GEOMETRIC_REPRESENTATION_CONTEXT ( 3 ) GLOBAL_UNCERTAINTY_ASSIGNED_CONTEXT ( ( #1248 ) ) GLOBAL_UNIT_ASSIGNED_CONTEXT ( ( #2964, #2385, #4230 ) ) REPRESENTATION_CONTEXT ( 'NONE', 'WORKASPACE' ) );
#5596 = CARTESIAN_POINT ( 'NONE',  ( -2.861477631149734968, 0.1683185773129349805, 2.072500000000000231 ) ) ;
#5597 = LINE ( 'NONE', #6700, #1971 ) ;
#5598 = VERTEX_POINT ( 'NONE', #2519 ) ;
#5599 = CARTESIAN_POINT ( 'NONE',  ( -2.199988631206595269, 0.6975644756313429395, -2.401507855905375077 ) ) ;
#5600 = LINE ( 'NONE', #948, #6048 ) ;
#5601 = ORIENTED_EDGE ( 'NONE', *, *, #2433, .F. ) ;
#5602 = LINE ( 'NONE', #5567, #7035 ) ;
#5603 = EDGE_CURVE ( 'NONE', #1692, #3507, #725, .T. ) ;
#5604 = VERTEX_POINT ( 'NONE', #7033 ) ;
#5605 = VERTEX_POINT ( 'NONE', #3056 ) ;
#5606 = LINE ( 'NONE', #7496, #3707 ) ;
#5607 = VERTEX_POINT ( 'NONE', #42 ) ;
#5608 = LINE ( 'NONE', #3726, #5494 ) ;
#5609 = AXIS2_PLACEMENT_3D ( 'NONE', #2058, #3169, #831 ) ;
#5610 = DIRECTION ( 'NONE',  ( -1.000000000000000000, 0.000000000000000000, 0.000000000000000000 ) ) ;
#5611 = VECTOR ( 'NONE', #6874, 1000.000000000000114 ) ;
#5612 = ORIENTED_EDGE ( 'NONE', *, *, #7459, .T. ) ;
#5613 = CARTESIAN_POINT ( 'NONE',  ( -2.708356294148904997, 0.4705026390080009890, 1.177499999999999991 ) ) ;
#5614 =( NAMED_UNIT ( * ) SI_UNIT ( $, .STERADIAN. ) SOLID_ANGLE_UNIT ( ) );
#5615 = CARTESIAN_POINT ( 'NONE',  ( -2.565559169962134956, 0.4453236532462965247, -0.1224999999999999978 ) ) ;
#5616 = DIRECTION ( 'NONE',  ( 0.000000000000000000, 0.000000000000000000, -1.000000000000000000 ) ) ;
#5617 = MECHANICAL_DESIGN_GEOMETRIC_PRESENTATION_REPRESENTATION (  '', ( #2346 ), #1256 ) ;
#5618 = AXIS2_PLACEMENT_3D ( 'NONE', #3163, #5592, #7247 ) ;
#5619 = PLANE ( 'NONE',  #2916 ) ;
#5620 = ORIENTED_EDGE ( 'NONE', *, *, #3701, .T. ) ;
#5621 = EDGE_CURVE ( 'NONE', #1922, #254, #166, .T. ) ;
#5622 = CARTESIAN_POINT ( 'NONE',  ( 2.200000000000000178, 0.5524999999999999911, -1.827499999999999902 ) ) ;
#5623 = CARTESIAN_POINT ( 'NONE',  ( -2.870524920471619890, 0.2977008424331585301, -2.072500000000000231 ) ) ;
#5624 = VERTEX_POINT ( 'NONE', #1830 ) ;
#5625 = VECTOR ( 'NONE', #6981, 1000.000000000000000 ) ;
#5626 = ORIENTED_EDGE ( 'NONE', *, *, #6281, .F. ) ;
#5627 = DIRECTION ( 'NONE',  ( 0.000000000000000000, 0.000000000000000000, -1.000000000000000000 ) ) ;
#5628 =( BOUNDED_CURVE ( )  B_SPLINE_CURVE ( 3, ( #3993, #2725, #5086, #6226 ),
 .UNSPECIFIED., .F., .T. ) 
 B_SPLINE_CURVE_WITH_KNOTS ( ( 4, 4 ),
 ( 6.268106176683110320, 6.283185307179590673 ),
 .UNSPECIFIED. ) 
 CURVE ( )  GEOMETRIC_REPRESENTATION_ITEM ( )  RATIONAL_B_SPLINE_CURVE ( ( 1.000000000000000000, 0.9999810517417160316, 0.9999810517417160316, 1.000000000000000000 ) ) 
 REPRESENTATION_ITEM ( '' )  );
#5629 = ORIENTED_EDGE ( 'NONE', *, *, #3614, .T. ) ;
#5630 = ADVANCED_FACE ( 'NONE', ( #3014 ), #5341, .F. ) ;
#5631 = MECHANICAL_DESIGN_GEOMETRIC_PRESENTATION_REPRESENTATION (  '', ( #880 ), #3334 ) ;
#5632 = DIRECTION ( 'NONE',  ( 0.000000000000000000, 0.000000000000000000, -1.000000000000000000 ) ) ;
#5633 = VERTEX_POINT ( 'NONE', #5178 ) ;
#5634 =( GEOMETRIC_REPRESENTATION_CONTEXT ( 3 ) GLOBAL_UNCERTAINTY_ASSIGNED_CONTEXT ( ( #3079 ) ) GLOBAL_UNIT_ASSIGNED_CONTEXT ( ( #694, #3106, #1882 ) ) REPRESENTATION_CONTEXT ( 'NONE', 'WORKASPACE' ) );
#5635 = DIRECTION ( 'NONE',  ( 0.1710878697460359588, 0.9702875252478136980, -0.1710878697460359588 ) ) ;
#5636 = CARTESIAN_POINT ( 'NONE',  ( -2.851362942456834748, 0.02367179002526179771, 0.1224999999999999978 ) ) ;
#5637 = ORIENTED_EDGE ( 'NONE', *, *, #205, .F. ) ;
#5638 = CARTESIAN_POINT ( 'NONE',  ( 2.104401861300145171, 0.5862130623165889842, -2.404401861300144994 ) ) ;
#5639 = ORIENTED_EDGE ( 'NONE', *, *, #3151, .F. ) ;
#5640 = LINE ( 'NONE', #5493, #1061 ) ;
#5641 = ORIENTED_EDGE ( 'NONE', *, *, #1557, .T. ) ;
#5642 = AXIS2_PLACEMENT_3D ( 'NONE', #7294, #6056, #275 ) ;
#5643 = CARTESIAN_POINT ( 'NONE',  ( 2.437831373677284752, 0.6975000000000000089, 1.422499999999999876 ) ) ;
#5644 = EDGE_CURVE ( 'NONE', #5605, #2996, #7477, .T. ) ;
#5645 = CARTESIAN_POINT ( 'NONE',  ( -2.851362942456834748, 0.02367179002526179771, 0.1224999999999999978 ) ) ;
#5646 = DIRECTION ( 'NONE',  ( 0.000000000000000000, 0.000000000000000000, -1.000000000000000000 ) ) ;
#5647 = EDGE_LOOP ( 'NONE', ( #4428, #7200, #4833, #3049 ) ) ;
#5648 = FACE_OUTER_BOUND ( 'NONE', #5680, .T. ) ;
#5649 = DIRECTION ( 'NONE',  ( 0.000000000000000000, 0.000000000000000000, -1.000000000000000000 ) ) ;
#5650 = EDGE_CURVE ( 'NONE', #5026, #386, #4660, .T. ) ;
#5651 = DIRECTION ( 'NONE',  ( -1.000000000000000000, 0.000000000000000000, 0.000000000000000000 ) ) ;
#5652 = DIRECTION ( 'NONE',  ( 0.000000000000000000, 0.000000000000000000, -1.000000000000000000 ) ) ;
#5653 = CARTESIAN_POINT ( 'NONE',  ( 3.200000000000000178, 0.1446467872876731897, -2.072500000000000231 ) ) ;
#5654 = CARTESIAN_POINT ( 'NONE',  ( 3.200000000000000178, 0.1446467872876731897, -1.422499999999999876 ) ) ;
#5655 = ORIENTED_EDGE ( 'NONE', *, *, #5587, .F. ) ;
#5656 = DIRECTION ( 'NONE',  ( 0.000000000000000000, 0.000000000000000000, -1.000000000000000000 ) ) ;
#5657 = ORIENTED_EDGE ( 'NONE', *, *, #5231, .T. ) ;
#5658 = LINE ( 'NONE', #4618, #5438 ) ;
#5659 = CIRCLE ( 'NONE', #6644, 0.2746982034251559401 ) ;
#5660 = DIRECTION ( 'NONE',  ( -1.000000000000000000, 0.000000000000000000, 0.000000000000000000 ) ) ;
#5661 = VERTEX_POINT ( 'NONE', #30 ) ;
#5662 = EDGE_CURVE ( 'NONE', #7494, #1421, #6841, .T. ) ;
#5663 = EDGE_CURVE ( 'NONE', #1619, #6297, #2852, .T. ) ;
#5664 = CIRCLE ( 'NONE', #5329, 0.2746982034251563842 ) ;
#5665 = FACE_OUTER_BOUND ( 'NONE', #5839, .T. ) ;
#5666 = EDGE_CURVE ( 'NONE', #2178, #695, #6912, .T. ) ;
#5667 = AXIS2_PLACEMENT_3D ( 'NONE', #5304, #3658, #6512 ) ;
#5668 = CARTESIAN_POINT ( 'NONE',  ( -2.200000000000000178, 0.5524999999999999911, 0.5274999999999999689 ) ) ;
#5669 =( BOUNDED_CURVE ( )  B_SPLINE_CURVE ( 3, ( #296, #4381, #5545, #4420 ),
 .UNSPECIFIED., .F., .T. ) 
 B_SPLINE_CURVE_WITH_KNOTS ( ( 4, 4 ),
 ( 0.000000000000000000, 0.01507913049648089941 ),
 .UNSPECIFIED. ) 
 CURVE ( )  GEOMETRIC_REPRESENTATION_ITEM ( )  RATIONAL_B_SPLINE_CURVE ( ( 1.000000000000000000, 0.9999810517417160316, 0.9999810517417160316, 1.000000000000000000 ) ) 
 REPRESENTATION_ITEM ( '' )  );
#5670 = EDGE_LOOP ( 'NONE', ( #5342, #1819, #5213, #6994 ) ) ;
#5671 = PLANE ( 'NONE',  #1374 ) ;
#5672 = CARTESIAN_POINT ( 'NONE',  ( 3.189885311307104843, 9.629649721936179265E-32, -2.072500000000000231 ) ) ;
#5673 = EDGE_LOOP ( 'NONE', ( #3469, #1075, #812, #1184 ) ) ;
#5674 = AXIS2_PLACEMENT_3D ( 'NONE', #1327, #2434, #7065 ) ;
#5675 = VERTEX_POINT ( 'NONE', #3502 ) ;
#5676 = ORIENTED_EDGE ( 'NONE', *, *, #2464, .F. ) ;
#5677 = ORIENTED_EDGE ( 'NONE', *, *, #2894, .F. ) ;
#5678 = LINE ( 'NONE', #6789, #2556 ) ;
#5679 = CARTESIAN_POINT ( 'NONE',  ( -2.600000000000000089, 0.2500000000000000000, -1.177499999999999991 ) ) ;
#5680 = EDGE_LOOP ( 'NONE', ( #1737, #2186, #6282, #1257 ) ) ;
#5681 = EDGE_CURVE ( 'NONE', #1832, #5809, #2336, .T. ) ;
#5682 = LINE ( 'NONE', #4064, #2210 ) ;
#5683 = EDGE_CURVE ( 'NONE', #3668, #5058, #1673, .T. ) ;
#5684 = ORIENTED_EDGE ( 'NONE', *, *, #799, .T. ) ;
#5685 = CARTESIAN_POINT ( 'NONE',  ( 2.742797124186769686, 0.2751789857617050195, 1.422499999999999876 ) ) ;
#5686 = CARTESIAN_POINT ( 'NONE',  ( 2.870524920471619890, 0.2977008424331585301, -2.072500000000000231 ) ) ;
#5687 = DIRECTION ( 'NONE',  ( 1.000000000000000000, 0.000000000000000000, 0.000000000000000000 ) ) ;
#5688 = CARTESIAN_POINT ( 'NONE',  ( 2.565559169962134956, 0.4453236532462965247, -0.5274999999999999689 ) ) ;
#5689 = CARTESIAN_POINT ( 'NONE',  ( -2.437831373677284752, 0.4228017965748430140, -1.827499999999999902 ) ) ;
#5690 = CARTESIAN_POINT ( 'NONE',  ( -2.437831373677284752, 0.4228017965748430140, -0.5274999999999999689 ) ) ;
#5691 = ORIENTED_EDGE ( 'NONE', *, *, #2575, .T. ) ;
#5692 = CIRCLE ( 'NONE', #1581, 0.1296982034251579208 ) ;
#5693 = EDGE_CURVE ( 'NONE', #7307, #6697, #529, .T. ) ;
#5694 = CARTESIAN_POINT ( 'NONE',  ( -3.189885311307104843, 9.629649721936179265E-32, 2.072500000000000231 ) ) ;
#5695 = EDGE_LOOP ( 'NONE', ( #60, #3284, #6840, #5713 ) ) ;
#5696 = DIRECTION ( 'NONE',  ( 0.000000000000000000, 0.000000000000000000, -1.000000000000000000 ) ) ;
#5697 = ORIENTED_EDGE ( 'NONE', *, *, #2156, .T. ) ;
#5698 = VECTOR ( 'NONE', #2620, 1000.000000000000000 ) ;
#5699 = CARTESIAN_POINT ( 'NONE',  ( 2.851362942456834748, 0.02367179002526179771, -1.177499999999999991 ) ) ;
#5700 = VECTOR ( 'NONE', #2374, 1000.000000000000114 ) ;
#5701 = VECTOR ( 'NONE', #4663, 1000.000000000000000 ) ;
#5702 = CARTESIAN_POINT ( 'NONE',  ( -2.870524920471619890, 0.2977008424331585301, 0.1224999999999999978 ) ) ;
#5703 = CIRCLE ( 'NONE', #1459, 0.2746982034251559401 ) ;
#5704 = CARTESIAN_POINT ( 'NONE',  ( 3.189885311307104843, 9.629649721936179265E-32, -1.177499999999999991 ) ) ;
#5705 = DIRECTION ( 'NONE',  ( 0.06975647374411828028, -0.9975640502598247528, 0.000000000000000000 ) ) ;
#5706 = EDGE_LOOP ( 'NONE', ( #4521, #4014, #2167, #5021, #6458, #4354, #454, #2837, #427, #5092, #2069, #1190 ) ) ;
#5707 = LINE ( 'NONE', #984, #3935 ) ;
#5708 = CARTESIAN_POINT ( 'NONE',  ( -2.600000000000000089, 0.2500000000000000000, -0.5274999999999999689 ) ) ;
#5709 = ADVANCED_FACE ( 'NONE', ( #2319 ), #4001, .F. ) ;
#5710 = CARTESIAN_POINT ( 'NONE',  ( 3.200000000000000178, 0.1446467872876731897, 1.422499999999999876 ) ) ;
#5711 = ADVANCED_FACE ( 'NONE', ( #5854 ), #6309, .T. ) ;
#5712 = ORIENTED_EDGE ( 'NONE', *, *, #5920, .T. ) ;
#5713 = ORIENTED_EDGE ( 'NONE', *, *, #6358, .T. ) ;
#5714 = CARTESIAN_POINT ( 'NONE',  ( -2.104401861300145171, 0.5688482445498960205, -2.502882636601365007 ) ) ;
#5715 =( BOUNDED_CURVE ( )  B_SPLINE_CURVE ( 3, ( #3804, #3886, #2123, #3765 ),
 .UNSPECIFIED., .F., .F. ) 
 B_SPLINE_CURVE_WITH_KNOTS ( ( 4, 4 ),
 ( 3.126513523093314983, 3.141592653589795336 ),
 .UNSPECIFIED. ) 
 CURVE ( )  GEOMETRIC_REPRESENTATION_ITEM ( )  RATIONAL_B_SPLINE_CURVE ( ( 1.000000000000000000, 0.9999810517417160316, 0.9999810517417160316, 1.000000000000000000 ) ) 
 REPRESENTATION_ITEM ( '' )  );
#5716 = DIRECTION ( 'NONE',  ( 0.000000000000000000, 0.000000000000000000, -1.000000000000000000 ) ) ;
#5717 = ORIENTED_EDGE ( 'NONE', *, *, #3142, .T. ) ;
#5718 = CARTESIAN_POINT ( 'NONE',  ( 2.708356294148904997, 0.4705026390080009890, 0.7724999999999999645 ) ) ;
#5719 = DIRECTION ( 'NONE',  ( 0.000000000000000000, -1.000000000000000000, 0.000000000000000000 ) ) ;
#5720 = DIRECTION ( 'NONE',  ( 1.000000000000000000, 0.000000000000000000, 0.000000000000000000 ) ) ;
#5721 = EDGE_CURVE ( 'NONE', #2810, #6427, #4676, .T. ) ;
#5722 = DIRECTION ( 'NONE',  ( 0.000000000000000000, 0.000000000000000000, -1.000000000000000000 ) ) ;
#5723 = ADVANCED_BREP_SHAPE_REPRESENTATION ( 'MAX5484EUD+', ( #6140, #1114, #1321, #3762, #1143, #6395, #6263, #3630, #3863, #1349, #6368, #6312, #1334, #1095, #1291, #6124, #1352 ), #5595 ) ;
#5724 = EDGE_CURVE ( 'NONE', #6391, #2733, #3192, .T. ) ;
#5725 = LINE ( 'NONE', #510, #638 ) ;
#5726 = EDGE_CURVE ( 'NONE', #5661, #1272, #6952, .T. ) ;
#5727 = DIRECTION ( 'NONE',  ( -0.1736481776669290544, 0.9848077530122083534, 0.000000000000000000 ) ) ;
#5728 = LINE ( 'NONE', #1003, #7445 ) ;
#5729 = CARTESIAN_POINT ( 'NONE',  ( 2.200000000000000178, 0.6975000000000000089, 0.7724999999999999645 ) ) ;
#5730 = SURFACE_SIDE_STYLE ('',( #5132 ) ) ;
#5731 = DIRECTION ( 'NONE',  ( 0.000000000000000000, 1.000000000000000000, 0.000000000000000000 ) ) ;
#5732 = VECTOR ( 'NONE', #971, 1000.000000000000000 ) ;
#5733 = VERTEX_POINT ( 'NONE', #4086 ) ;
#5734 = EDGE_CURVE ( 'NONE', #5859, #5983, #3468, .T. ) ;
#5735 = AXIS2_PLACEMENT_3D ( 'NONE', #132, #5911, #2947 ) ;
#5736 = ADVANCED_FACE ( 'NONE', ( #1213 ), #5261, .T. ) ;
#5737 = ORIENTED_EDGE ( 'NONE', *, *, #6612, .F. ) ;
#5738 = VECTOR ( 'NONE', #1857, 1000.000000000000000 ) ;
#5739 = DIRECTION ( 'NONE',  ( 1.000000000000000000, 0.000000000000000000, -8.673617379884039170E-17 ) ) ;
#5740 = AXIS2_PLACEMENT_3D ( 'NONE', #5340, #758, #80 ) ;
#5742 = AXIS2_PLACEMENT_3D ( 'NONE', #3943, #7491, #3435 ) ;
#5741 = DIRECTION ( 'NONE',  ( 0.000000000000000000, 0.000000000000000000, -1.000000000000000000 ) ) ;
#5743 = EDGE_LOOP ( 'NONE', ( #5076, #1059, #4103, #4098 ) ) ;
#5744 = AXIS2_PLACEMENT_3D ( 'NONE', #5689, #3413, #4037 ) ;
#5745 = CARTESIAN_POINT ( 'NONE',  ( -2.199988631206595269, 0.6975644756313429395, -2.401507855905375077 ) ) ;
#5746 = CIRCLE ( 'NONE', #2467, 0.1296982034251575044 ) ;
#5747 = EDGE_CURVE ( 'NONE', #4861, #1571, #4699, .T. ) ;
#5748 = VECTOR ( 'NONE', #3602, 1000.000000000000000 ) ;
#5749 = VECTOR ( 'NONE', #1452, 1000.000000000000000 ) ;
#5750 = PRESENTATION_STYLE_ASSIGNMENT (( #1259 ) ) ;
#5751 = VECTOR ( 'NONE', #3728, 1000.000000000000114 ) ;
#5752 = DIRECTION ( 'NONE',  ( -1.000000000000000000, -5.926311581346190705E-15, 0.000000000000000000 ) ) ;
#5753 = DIRECTION ( 'NONE',  ( 0.000000000000000000, 0.000000000000000000, -1.000000000000000000 ) ) ;
#5754 = ORIENTED_EDGE ( 'NONE', *, *, #3126, .T. ) ;
#5755 = DIRECTION ( 'NONE',  ( 0.000000000000000000, 1.000000000000000000, 0.000000000000000000 ) ) ;
#5756 = DIRECTION ( 'NONE',  ( 0.000000000000000000, 0.000000000000000000, -1.000000000000000000 ) ) ;
#5757 = MECHANICAL_DESIGN_GEOMETRIC_PRESENTATION_REPRESENTATION (  '', ( #2477 ), #4074 ) ;
#5758 = FACE_OUTER_BOUND ( 'NONE', #4022, .T. ) ;
#5759 = MECHANICAL_DESIGN_GEOMETRIC_PRESENTATION_REPRESENTATION (  '', ( #4197 ), #7322 ) ;
#5760 = EDGE_LOOP ( 'NONE', ( #2251, #2406, #4029, #2048 ) ) ;
#5761 = ORIENTED_EDGE ( 'NONE', *, *, #3338, .T. ) ;
#5762 = CARTESIAN_POINT ( 'NONE',  ( -2.100000000000000089, 0.6975000000000000089, 2.399999999999999911 ) ) ;
#5763 = LINE ( 'NONE', #6790, #4440 ) ;
#5764 = ORIENTED_EDGE ( 'NONE', *, *, #1055, .T. ) ;
#5765 = CARTESIAN_POINT ( 'NONE',  ( -2.565559169962134956, 0.4453236532462965247, 2.072500000000000231 ) ) ;
#5766 = VECTOR ( 'NONE', #5719, 1000.000000000000000 ) ;
#5767 = EDGE_LOOP ( 'NONE', ( #6023, #5373, #3743, #2083 ) ) ;
#5768 = DIRECTION ( 'NONE',  ( 0.000000000000000000, 1.475715856705692210E-15, -1.000000000000000000 ) ) ;
#5769 = DIRECTION ( 'NONE',  ( -1.000000000000000000, 0.000000000000000000, 0.000000000000000000 ) ) ;
#5770 = ORIENTED_EDGE ( 'NONE', *, *, #6057, .T. ) ;
#5771 = CARTESIAN_POINT ( 'NONE',  ( 2.708356294148904997, 0.4705026390080009890, -1.177499999999999991 ) ) ;
#5772 = ADVANCED_FACE ( 'NONE', ( #1135 ), #5302, .F. ) ;
#5773 = PLANE ( 'NONE',  #6207 ) ;
#5774 = CARTESIAN_POINT ( 'NONE',  ( 2.200000000000000178, 0.6975000000000000089, -1.422499999999999876 ) ) ;
#5775 = ADVANCED_FACE ( 'NONE', ( #6160 ), #2087, .F. ) ;
#5776 = FACE_OUTER_BOUND ( 'NONE', #4084, .T. ) ;
#5777 = EDGE_CURVE ( 'NONE', #5733, #1571, #3160, .T. ) ;
#5778 = DIRECTION ( 'NONE',  ( -1.000000000000000000, 0.000000000000000000, 0.000000000000000000 ) ) ;
#5779 = FACE_OUTER_BOUND ( 'NONE', #1145, .T. ) ;
#5780 = DIRECTION ( 'NONE',  ( 0.000000000000000000, 0.000000000000000000, 1.000000000000000000 ) ) ;
#5781 = VERTEX_POINT ( 'NONE', #2592 ) ;
#5782 = EDGE_CURVE ( 'NONE', #7494, #688, #2129, .T. ) ;
#5783 = ADVANCED_FACE ( 'NONE', ( #934 ), #371, .F. ) ;
#5784 = CARTESIAN_POINT ( 'NONE',  ( 3.200000000000000178, 0.1446467872876731897, 1.827499999999999902 ) ) ;
#5785 = ORIENTED_EDGE ( 'NONE', *, *, #438, .F. ) ;
#5786 =( LENGTH_UNIT ( ) NAMED_UNIT ( * ) SI_UNIT ( .MILLI., .METRE. ) );
#5787 = EDGE_CURVE ( 'NONE', #4484, #5266, #6044, .T. ) ;
#5788 = LINE ( 'NONE', #1796, #1786 ) ;
#5789 = DIRECTION ( 'NONE',  ( 0.9975640502598247528, 0.06975647374411807211, 0.000000000000000000 ) ) ;
#5790 = VECTOR ( 'NONE', #5752, 1000.000000000000000 ) ;
#5791 = ORIENTED_EDGE ( 'NONE', *, *, #1371, .F. ) ;
#5792 = DIRECTION ( 'NONE',  ( 0.000000000000000000, 0.000000000000000000, -1.000000000000000000 ) ) ;
#5793 = DIRECTION ( 'NONE',  ( 1.000000000000000000, 4.558701216420150868E-16, 0.000000000000000000 ) ) ;
#5794 = DIRECTION ( 'NONE',  ( 0.9848077530122077983, 0.1736481776669308863, 0.000000000000000000 ) ) ;
#5795 = ORIENTED_EDGE ( 'NONE', *, *, #1361, .F. ) ;
#5796 = AXIS2_PLACEMENT_3D ( 'NONE', #5386, #1732, #2298 ) ;
#5797 = ORIENTED_EDGE ( 'NONE', *, *, #4249, .F. ) ;
#5798 = VERTEX_POINT ( 'NONE', #6624 ) ;
#5799 = AXIS2_PLACEMENT_3D ( 'NONE', #155, #605, #1824 ) ;
#5800 = EDGE_CURVE ( 'NONE', #4319, #6965, #3893, .T. ) ;
#5801 = CARTESIAN_POINT ( 'NONE',  ( 2.708356294148904997, 0.4705026390080009890, 0.1224999999999999978 ) ) ;
#5802 = LINE ( 'NONE', #3019, #1423 ) ;
#5803 = VERTEX_POINT ( 'NONE', #5622 ) ;
#5804 = CARTESIAN_POINT ( 'NONE',  ( 2.200000000000000178, 0.6975000000000000089, 1.827499999999999902 ) ) ;
#5805 = DIRECTION ( 'NONE',  ( -1.000000000000000000, 0.000000000000000000, 0.000000000000000000 ) ) ;
#5806 = ORIENTED_EDGE ( 'NONE', *, *, #4869, .T. ) ;
#5807 = DIRECTION ( 'NONE',  ( 0.000000000000000000, 0.000000000000000000, -1.000000000000000000 ) ) ;
#5808 = DIRECTION ( 'NONE',  ( 1.000000000000000000, 0.000000000000000000, 0.000000000000000000 ) ) ;
#5809 = VERTEX_POINT ( 'NONE', #5553 ) ;
#5810 = CARTESIAN_POINT ( 'NONE',  ( 2.851362942456834748, 0.02367179002526179771, -0.5274999999999999689 ) ) ;
#5811 = CARTESIAN_POINT ( 'NONE',  ( -1.486702623836771986, 1.100000000000000089, -1.838720136967914920 ) ) ;
#5812 = DIRECTION ( 'NONE',  ( 5.926311581346190705E-15, -1.000000000000000000, 0.000000000000000000 ) ) ;
#5813 = DIRECTION ( 'NONE',  ( -0.9975640502598247528, -0.06975647374411829416, 0.000000000000000000 ) ) ;
#5814 = DIRECTION ( 'NONE',  ( 0.000000000000000000, 0.000000000000000000, -1.000000000000000000 ) ) ;
#5815 = EDGE_LOOP ( 'NONE', ( #3439, #4785, #4368, #3518 ) ) ;
#5816 = EDGE_CURVE ( 'NONE', #3232, #7458, #4984, .T. ) ;
#5817 = DIRECTION ( 'NONE',  ( 0.06975647374411828028, -0.9975640502598247528, 0.000000000000000000 ) ) ;
#5818 = CARTESIAN_POINT ( 'NONE',  ( -1.975609200933505116, -0.1615712286876304915, 2.374089976234724730 ) ) ;
#5819 = CARTESIAN_POINT ( 'NONE',  ( -2.708356294148904997, 0.4705026390080009890, -1.177499999999999991 ) ) ;
#5820 = LINE ( 'NONE', #3620, #7128 ) ;
#5821 = ORIENTED_EDGE ( 'NONE', *, *, #2518, .T. ) ;
#5822 = CLOSED_SHELL ( 'NONE', ( #5246, #6517, #2076, #4211, #5630, #2248, #2768, #1676, #6793, #6005, #291, #4221, #3610, #5383 ) ) ;
#5823 = ORIENTED_EDGE ( 'NONE', *, *, #2518, .F. ) ;
#5824 = EDGE_CURVE ( 'NONE', #330, #1839, #6347, .T. ) ;
#5825 = EDGE_CURVE ( 'NONE', #1623, #1974, #4917, .T. ) ;
#5826 = CARTESIAN_POINT ( 'NONE',  ( -2.045118427147115003, 1.100000000000000089, -2.345118427147114826 ) ) ;
#5827 = DIRECTION ( 'NONE',  ( 1.000000000000000000, -4.558701216420150868E-16, 0.000000000000000000 ) ) ;
#5828 = ORIENTED_EDGE ( 'NONE', *, *, #5833, .F. ) ;
#5829 = CYLINDRICAL_SURFACE ( 'NONE', #2462, 0.1296982034251575044 ) ;
#5830 = CARTESIAN_POINT ( 'NONE',  ( -2.437831373677284752, 0.4228017965748430140, 0.1224999999999999978 ) ) ;
#5831 = CIRCLE ( 'NONE', #957, 0.1296982034251575044 ) ;
#5832 = DIRECTION ( 'NONE',  ( 0.1710878697460360143, -0.9702875252478140311, -0.1710878697460355147 ) ) ;
#5833 = EDGE_CURVE ( 'NONE', #1944, #274, #4430, .T. ) ;
#5834 = VECTOR ( 'NONE', #765, 1000.000000000000000 ) ;
#5835 = ORIENTED_EDGE ( 'NONE', *, *, #5650, .T. ) ;
#5836 = ORIENTED_EDGE ( 'NONE', *, *, #1425, .F. ) ;
#5837 = LINE ( 'NONE', #3556, #475 ) ;
#5838 = LINE ( 'NONE', #2945, #6278 ) ;
#5839 = EDGE_LOOP ( 'NONE', ( #4223, #7285, #1935, #3474 ) ) ;
#5840 = PLANE ( 'NONE',  #505 ) ;
#5841 = VECTOR ( 'NONE', #1543, 1000.000000000000000 ) ;
#5842 = CARTESIAN_POINT ( 'NONE',  ( -2.851362942456834748, 0.02367179002526179771, -1.422499999999999876 ) ) ;
#5843 = DIRECTION ( 'NONE',  ( 0.000000000000000000, 0.000000000000000000, -1.000000000000000000 ) ) ;
#5844 = EDGE_CURVE ( 'NONE', #3834, #6156, #3682, .T. ) ;
#5845 = EDGE_LOOP ( 'NONE', ( #412, #5933, #1380, #1219, #4256, #6913, #3952, #1099, #6216, #5048, #186, #1463 ) ) ;
#5846 = VERTEX_POINT ( 'NONE', #3198 ) ;
#5847 = FILL_AREA_STYLE_COLOUR ( '', #6725 ) ;
#5848 = ORIENTED_EDGE ( 'NONE', *, *, #1177, .F. ) ;
#5849 = CARTESIAN_POINT ( 'NONE',  ( 2.437831373677284752, 0.5524999999999999911, -0.5274999999999999689 ) ) ;
#5850 = DIRECTION ( 'NONE',  ( 0.000000000000000000, -1.000000000000000000, 0.000000000000000000 ) ) ;
#5851 = LINE ( 'NONE', #632, #1475 ) ;
#5852 = LINE ( 'NONE', #633, #1332 ) ;
#5853 = LINE ( 'NONE', #2388, #349 ) ;
#5854 = FACE_OUTER_BOUND ( 'NONE', #3590, .T. ) ;
#5855 = ORIENTED_EDGE ( 'NONE', *, *, #7436, .F. ) ;
#5856 = EDGE_CURVE ( 'NONE', #276, #7381, #6194, .T. ) ;
#5857 = DIRECTION ( 'NONE',  ( 0.000000000000000000, -1.000000000000000000, 0.000000000000000000 ) ) ;
#5858 = VECTOR ( 'NONE', #4639, 1000.000000000000000 ) ;
#5859 = VERTEX_POINT ( 'NONE', #300 ) ;
#5860 = EDGE_LOOP ( 'NONE', ( #869, #2090, #4344, #3009, #553, #1674 ) ) ;
#5861 = AXIS2_PLACEMENT_3D ( 'NONE', #5024, #822, #4950 ) ;
#5862 = FILL_AREA_STYLE ('',( #681 ) ) ;
#5863 = VECTOR ( 'NONE', #5131, 1000.000000000000000 ) ;
#5864 = LINE ( 'NONE', #6479, #2276 ) ;
#5865 = VECTOR ( 'NONE', #3276, 1000.000000000000000 ) ;
#5866 = EDGE_LOOP ( 'NONE', ( #5428, #5444, #1154, #6807 ) ) ;
#5867 = DIRECTION ( 'NONE',  ( 0.000000000000000000, 0.000000000000000000, 1.000000000000000000 ) ) ;
#5868 = ADVANCED_FACE ( 'NONE', ( #3233 ), #5521, .F. ) ;
#5869 = LINE ( 'NONE', #3667, #634 ) ;
#5870 = VECTOR ( 'NONE', #2057, 1000.000000000000000 ) ;
#5871 = ORIENTED_EDGE ( 'NONE', *, *, #6935, .F. ) ;
#5872 = EDGE_LOOP ( 'NONE', ( #4278, #7448, #2958, #1206 ) ) ;
#5873 = CARTESIAN_POINT ( 'NONE',  ( 2.870524920471619890, 0.2977008424331585301, 0.5274999999999999689 ) ) ;
#5874 = DIRECTION ( 'NONE',  ( 1.000000000000000000, 0.000000000000000000, 0.000000000000000000 ) ) ;
#5875 = ORIENTED_EDGE ( 'NONE', *, *, #2998, .F. ) ;
#5876 = DIRECTION ( 'NONE',  ( -1.000000000000000000, 0.000000000000000000, 0.000000000000000000 ) ) ;
#5877 = CARTESIAN_POINT ( 'NONE',  ( -2.861477631149734968, 0.1683185773129349805, 0.5274999999999999689 ) ) ;
#5878 = VECTOR ( 'NONE', #6548, 1000.000000000000000 ) ;
#5879 = CIRCLE ( 'NONE', #4436, 0.1296982034251575044 ) ;
#5880 = ADVANCED_FACE ( 'NONE', ( #4346 ), #6654, .F. ) ;
#5881 = CARTESIAN_POINT ( 'NONE',  ( -2.437831373677284752, 0.4228017965748430140, 0.7724999999999999645 ) ) ;
#5882 = CARTESIAN_POINT ( 'NONE',  ( -2.437831373677284752, 0.4228017965748430140, 1.422499999999999876 ) ) ;
#5883 = ORIENTED_EDGE ( 'NONE', *, *, #7122, .F. ) ;
#5884 = VECTOR ( 'NONE', #2088, 1000.000000000000000 ) ;
#5885 = DIRECTION ( 'NONE',  ( -0.9975640502598247528, 0.06975647374411908519, 0.000000000000000000 ) ) ;
#5886 = VECTOR ( 'NONE', #3406, 1000.000000000000114 ) ;
#5887 = EDGE_CURVE ( 'NONE', #6563, #4994, #6082, .T. ) ;
#5888 = CARTESIAN_POINT ( 'NONE',  ( 2.437831373677284752, 0.4228017965748430140, 0.7724999999999999645 ) ) ;
#5889 = FACE_OUTER_BOUND ( 'NONE', #2941, .T. ) ;
#5890 = DIRECTION ( 'NONE',  ( -1.000000000000000000, 2.279350608210075138E-15, 0.000000000000000000 ) ) ;
#5891 = UNCERTAINTY_MEASURE_WITH_UNIT (LENGTH_MEASURE( 1.000000000000000082E-05 ), #881, 'distance_accuracy_value', 'NONE');
#5892 = CIRCLE ( 'NONE', #1013, 0.2746982034251567728 ) ;
#5893 = DIRECTION ( 'NONE',  ( 0.000000000000000000, 0.000000000000000000, -1.000000000000000000 ) ) ;
#5894 = CARTESIAN_POINT ( 'NONE',  ( 2.861477631149734968, 0.1683185773129355078, 2.072500000000000231 ) ) ;
#5895 = CARTESIAN_POINT ( 'NONE',  ( -2.437831373677284752, 0.5524999999999999911, 2.072500000000000231 ) ) ;
#5896 = ORIENTED_EDGE ( 'NONE', *, *, #6190, .T. ) ;
#5897 = ORIENTED_EDGE ( 'NONE', *, *, #1191, .F. ) ;
#5898 = SURFACE_SIDE_STYLE ('',( #6437 ) ) ;
#5899 = CARTESIAN_POINT ( 'NONE',  ( 2.199988631206595269, 0.5524355243686589478, -2.401507855905375077 ) ) ;
#5900 = ORIENTED_EDGE ( 'NONE', *, *, #5284, .T. ) ;
#5901 = DIRECTION ( 'NONE',  ( -1.000000000000000000, 0.000000000000000000, 0.000000000000000000 ) ) ;
#5902 = DIRECTION ( 'NONE',  ( 1.000000000000000000, 4.558701216420150868E-16, 0.000000000000000000 ) ) ;
#5903 = ADVANCED_FACE ( 'NONE', ( #4390 ), #6687, .F. ) ;
#5904 = ORIENTED_EDGE ( 'NONE', *, *, #5663, .F. ) ;
#5905 = EDGE_LOOP ( 'NONE', ( #3145, #1691, #3286, #5098 ) ) ;
#5906 = EDGE_CURVE ( 'NONE', #4319, #1623, #2927, .T. ) ;
#5907 = ORIENTED_EDGE ( 'NONE', *, *, #6691, .F. ) ;
#5908 = FACE_OUTER_BOUND ( 'NONE', #3940, .T. ) ;
#5909 = CARTESIAN_POINT ( 'NONE',  ( -2.565559169962134956, 0.4453236532462965247, -1.827499999999999902 ) ) ;
#5910 = ORIENTED_EDGE ( 'NONE', *, *, #3368, .F. ) ;
#5911 = DIRECTION ( 'NONE',  ( 0.000000000000000000, 0.000000000000000000, 1.000000000000000000 ) ) ;
#5912 = DIRECTION ( 'NONE',  ( 0.000000000000000000, 0.000000000000000000, -1.000000000000000000 ) ) ;
#5913 = VERTEX_POINT ( 'NONE', #6351 ) ;
#5914 = CARTESIAN_POINT ( 'NONE',  ( -2.600000000000000089, 0.2500000000000000000, -1.177499999999999991 ) ) ;
#5915 = PLANE ( 'NONE',  #727 ) ;
#5916 = VECTOR ( 'NONE', #890, 1000.000000000000000 ) ;
#5917 = VECTOR ( 'NONE', #5627, 1000.000000000000000 ) ;
#5918 = ORIENTED_EDGE ( 'NONE', *, *, #3735, .T. ) ;
#5919 = EDGE_CURVE ( 'NONE', #2668, #4506, #7440, .T. ) ;
#5920 = EDGE_CURVE ( 'NONE', #6494, #3449, #5441, .T. ) ;
#5921 = CARTESIAN_POINT ( 'NONE',  ( -2.437831373677284752, 0.6975000000000000089, -1.177499999999999991 ) ) ;
#5922 = ORIENTED_EDGE ( 'NONE', *, *, #5721, .F. ) ;
#5923 = DIRECTION ( 'NONE',  ( 0.06975647374411987622, 0.9975640502598246417, 0.000000000000000000 ) ) ;
#5924 = FACE_OUTER_BOUND ( 'NONE', #6900, .T. ) ;
#5925 = DIRECTION ( 'NONE',  ( -0.000000000000000000, 1.000000000000000000, 0.000000000000000000 ) ) ;
#5926 = DIRECTION ( 'NONE',  ( 0.000000000000000000, 0.000000000000000000, -1.000000000000000000 ) ) ;
#5927 = VERTEX_POINT ( 'NONE', #3467 ) ;
#5928 = DIRECTION ( 'NONE',  ( -0.1710878697460359588, -0.9702875252478136980, 0.1710878697460359588 ) ) ;
#5929 = CARTESIAN_POINT ( 'NONE',  ( -2.870524920471619890, 0.2977008424331585301, 0.7724999999999999645 ) ) ;
#5930 = CARTESIAN_POINT ( 'NONE',  ( -2.600000000000000089, 0.2500000000000000000, -1.422499999999999876 ) ) ;
#5931 = DIRECTION ( 'NONE',  ( 0.000000000000000000, 0.000000000000000000, -1.000000000000000000 ) ) ;
#5932 = DIRECTION ( 'NONE',  ( -1.000000000000000000, -4.336808689942015369E-15, 7.646963822077100168E-16 ) ) ;
#5933 = ORIENTED_EDGE ( 'NONE', *, *, #6580, .F. ) ;
#5934 = EDGE_CURVE ( 'NONE', #2205, #4861, #5260, .T. ) ;
#5935 = DIRECTION ( 'NONE',  ( 0.000000000000000000, 0.000000000000000000, -1.000000000000000000 ) ) ;
#5936 = LINE ( 'NONE', #4503, #2145 ) ;
#5937 = ORIENTED_EDGE ( 'NONE', *, *, #4767, .T. ) ;
#5938 = CARTESIAN_POINT ( 'NONE',  ( -2.742797124186769686, 0.2751789857617045199, -1.177499999999999991 ) ) ;
#5939 = CARTESIAN_POINT ( 'NONE',  ( -2.437831373677284752, 0.5524999999999999911, 0.7724999999999999645 ) ) ;
#5940 = ORIENTED_EDGE ( 'NONE', *, *, #14, .F. ) ;
#5941 = EDGE_LOOP ( 'NONE', ( #2131, #1430, #1762, #4916 ) ) ;
#5942 = CARTESIAN_POINT ( 'NONE',  ( 2.870524920471619890, 0.2977008424331585301, 2.072500000000000231 ) ) ;
#5943 = FACE_OUTER_BOUND ( 'NONE', #5118, .T. ) ;
#5944 = ORIENTED_EDGE ( 'NONE', *, *, #6694, .F. ) ;
#5945 = FACE_OUTER_BOUND ( 'NONE', #1733, .T. ) ;
#5946 = VERTEX_POINT ( 'NONE', #5694 ) ;
#5947 = DIRECTION ( 'NONE',  ( 0.06975647374411828028, -0.9975640502598247528, 0.000000000000000000 ) ) ;
#5948 = CIRCLE ( 'NONE', #2792, 0.09999999999999982514 ) ;
#5949 = ORIENTED_EDGE ( 'NONE', *, *, #5968, .T. ) ;
#5950 = CARTESIAN_POINT ( 'NONE',  ( 2.200000000000000178, 0.6975000000000000089, -0.7724999999999999645 ) ) ;
#5951 = AXIS2_PLACEMENT_3D ( 'NONE', #173, #6556, #3631 ) ;
#5952 = DIRECTION ( 'NONE',  ( -1.000000000000000000, 0.000000000000000000, 0.000000000000000000 ) ) ;
#5953 = ORIENTED_EDGE ( 'NONE', *, *, #6728, .T. ) ;
#5954 = CARTESIAN_POINT ( 'NONE',  ( -3.200000000000000178, 0.1446467872876731897, -0.5274999999999999689 ) ) ;
#5955 = CARTESIAN_POINT ( 'NONE',  ( 2.565559169962134956, 0.4453236532462965247, 1.827499999999999902 ) ) ;
#5956 = VECTOR ( 'NONE', #3680, 1000.000000000000000 ) ;
#5957 = CARTESIAN_POINT ( 'NONE',  ( 2.861477631149734968, 0.1683185773129355078, 1.422499999999999876 ) ) ;
#5958 = DIRECTION ( 'NONE',  ( 0.000000000000000000, 0.000000000000000000, -1.000000000000000000 ) ) ;
#5959 =( NAMED_UNIT ( * ) SI_UNIT ( $, .STERADIAN. ) SOLID_ANGLE_UNIT ( ) );
#5960 = EDGE_CURVE ( 'NONE', #7176, #1876, #6873, .T. ) ;
#5961 = UNCERTAINTY_MEASURE_WITH_UNIT (LENGTH_MEASURE( 1.000000000000000082E-05 ), #6464, 'distance_accuracy_value', 'NONE');
#5962 = ADVANCED_FACE ( 'NONE', ( #2851 ), #1134, .F. ) ;
#5963 = SURFACE_SIDE_STYLE ('',( #7137 ) ) ;
#5964 = CARTESIAN_POINT ( 'NONE',  ( -2.200000000000000178, 0.5524999999999999911, -0.7724999999999999645 ) ) ;
#5965 = VERTEX_POINT ( 'NONE', #2318 ) ;
#5966 = DIRECTION ( 'NONE',  ( 0.000000000000000000, -1.000000000000000000, 0.000000000000000000 ) ) ;
#5967 = DIRECTION ( 'NONE',  ( 0.9975640502598247528, -0.06975647374411807211, 0.000000000000000000 ) ) ;
#5968 = EDGE_CURVE ( 'NONE', #6488, #1659, #563, .T. ) ;
#5969 = ORIENTED_EDGE ( 'NONE', *, *, #7436, .T. ) ;
#5970 = DIRECTION ( 'NONE',  ( 0.000000000000000000, 0.000000000000000000, 1.000000000000000000 ) ) ;
#5971 = DIRECTION ( 'NONE',  ( 0.000000000000000000, 0.000000000000000000, -1.000000000000000000 ) ) ;
#5972 = AXIS2_PLACEMENT_3D ( 'NONE', #249, #5539, #6792 ) ;
#5973 = EDGE_CURVE ( 'NONE', #913, #1307, #6837, .T. ) ;
#5974 = LINE ( 'NONE', #265, #4550 ) ;
#5975 = VECTOR ( 'NONE', #5177, 1000.000000000000000 ) ;
#5976 = DIRECTION ( 'NONE',  ( 0.000000000000000000, 0.000000000000000000, 1.000000000000000000 ) ) ;
#5977 = ORIENTED_EDGE ( 'NONE', *, *, #6839, .F. ) ;
#5978 = CARTESIAN_POINT ( 'NONE',  ( 2.200000000000000178, 0.6975000000000000089, 0.1224999999999999978 ) ) ;
#5979 = VERTEX_POINT ( 'NONE', #2247 ) ;
#5980 = CARTESIAN_POINT ( 'NONE',  ( -2.708356294148904997, 0.4705026390080009890, 1.827499999999999902 ) ) ;
#5981 = AXIS2_PLACEMENT_3D ( 'NONE', #6076, #6037, #361 ) ;
#5982 = CARTESIAN_POINT ( 'NONE',  ( 2.851362942456834748, 0.02367179002526179771, -1.177499999999999991 ) ) ;
#5983 = VERTEX_POINT ( 'NONE', #6269 ) ;
#5984 = AXIS2_PLACEMENT_3D ( 'NONE', #2289, #6212, #2821 ) ;
#5985 = DIRECTION ( 'NONE',  ( 0.000000000000000000, 0.000000000000000000, -1.000000000000000000 ) ) ;
#5986 = ORIENTED_EDGE ( 'NONE', *, *, #6992, .T. ) ;
#5987 = ORIENTED_EDGE ( 'NONE', *, *, #4819, .T. ) ;
#5988 = CARTESIAN_POINT ( 'NONE',  ( -2.200000000000000178, 0.6975000000000000089, 1.827499999999999902 ) ) ;
#5989 = VECTOR ( 'NONE', #4355, 1000.000000000000114 ) ;
#5990 = FACE_OUTER_BOUND ( 'NONE', #4634, .T. ) ;
#5991 = ORIENTED_EDGE ( 'NONE', *, *, #5457, .F. ) ;
#5992 = EDGE_LOOP ( 'NONE', ( #7254, #2828, #7394, #5410 ) ) ;
#5993 = CARTESIAN_POINT ( 'NONE',  ( 2.437831373677284752, 0.6975000000000000089, -1.177499999999999991 ) ) ;
#5994 = SURFACE_SIDE_STYLE ('',( #1356 ) ) ;
#5995 = ORIENTED_EDGE ( 'NONE', *, *, #1016, .F. ) ;
#5996 = VECTOR ( 'NONE', #4291, 1000.000000000000114 ) ;
#5997 = STYLED_ITEM ( 'NONE', ( #2429 ), #1095 ) ;
#5998 = DIRECTION ( 'NONE',  ( 0.1736481776669290544, -0.9848077530122083534, 0.000000000000000000 ) ) ;
#5999 = CARTESIAN_POINT ( 'NONE',  ( 2.600000000000000089, 0.2500000000000000000, -0.5274999999999999689 ) ) ;
#6000 = AXIS2_PLACEMENT_3D ( 'NONE', #1558, #2194, #6798 ) ;
#6001 = CARTESIAN_POINT ( 'NONE',  ( -1.486702623836771986, 1.100000000000000089, -1.838720136967914920 ) ) ;
#6002 = DIRECTION ( 'NONE',  ( -1.000000000000000000, 0.000000000000000000, 0.000000000000000000 ) ) ;
#6003 = STYLED_ITEM ( 'NONE', ( #5253 ), #1291 ) ;
#6004 = ADVANCED_FACE ( 'NONE', ( #4041 ), #4654, .F. ) ;
#6005 = ADVANCED_FACE ( 'NONE', ( #1010 ), #7476, .T. ) ;
#6006 = DIRECTION ( 'NONE',  ( -0.1736481776669329125, -0.9848077530122075762, 0.000000000000000000 ) ) ;
#6007 = EDGE_CURVE ( 'NONE', #6371, #3103, #1672, .T. ) ;
#6008 = SURFACE_STYLE_USAGE ( .BOTH. , #255 ) ;
#6009 = LINE ( 'NONE', #194, #5496 ) ;
#6010 = ADVANCED_FACE ( 'NONE', ( #1173 ), #3927, .F. ) ;
#6011 = DIRECTION ( 'NONE',  ( 0.000000000000000000, 0.000000000000000000, -1.000000000000000000 ) ) ;
#6012 = VECTOR ( 'NONE', #4998, 1000.000000000000000 ) ;
#6013 = ORIENTED_EDGE ( 'NONE', *, *, #6164, .T. ) ;
#6014 = CYLINDRICAL_SURFACE ( 'NONE', #1986, 0.2746982034251563842 ) ;
#6015 = ADVANCED_FACE ( 'NONE', ( #5779 ), #4085, .F. ) ;
#6016 = EDGE_CURVE ( 'NONE', #1357, #5556, #1640, .T. ) ;
#6017 = FACE_OUTER_BOUND ( 'NONE', #4885, .T. ) ;
#6018 = ORIENTED_EDGE ( 'NONE', *, *, #4120, .T. ) ;
#6019 = CARTESIAN_POINT ( 'NONE',  ( 2.129028390264844806, 1.100000000000000089, 2.345118427147114826 ) ) ;
#6020 = CARTESIAN_POINT ( 'NONE',  ( -2.200000000000000178, 0.5525000000000008793, 2.400502642445350610 ) ) ;
#6021 = LINE ( 'NONE', #802, #4722 ) ;
#6022 = PLANE ( 'NONE',  #7184 ) ;
#6023 = ORIENTED_EDGE ( 'NONE', *, *, #6340, .T. ) ;
#6024 = FACE_OUTER_BOUND ( 'NONE', #4811, .T. ) ;
#6025 = DIRECTION ( 'NONE',  ( 1.000000000000000000, 0.000000000000000000, 0.000000000000000000 ) ) ;
#6026 = ORIENTED_EDGE ( 'NONE', *, *, #6949, .F. ) ;
#6027 = CARTESIAN_POINT ( 'NONE',  ( 2.708356294148904997, 0.4705026390080009890, 2.072500000000000231 ) ) ;
#6028 = EDGE_CURVE ( 'NONE', #3289, #1283, #4624, .T. ) ;
#6029 = EDGE_LOOP ( 'NONE', ( #686, #4697, #5626, #599 ) ) ;
#6030 = ORIENTED_EDGE ( 'NONE', *, *, #1557, .F. ) ;
#6031 = DIRECTION ( 'NONE',  ( 0.000000000000000000, 0.000000000000000000, -1.000000000000000000 ) ) ;
#6032 = VERTEX_POINT ( 'NONE', #2393 ) ;
#6033 = CARTESIAN_POINT ( 'NONE',  ( 2.200000000000000178, 0.5524999999999999911, -0.1224999999999999978 ) ) ;
#6034 = DIRECTION ( 'NONE',  ( 0.000000000000000000, 0.000000000000000000, -1.000000000000000000 ) ) ;
#6035 = AXIS2_PLACEMENT_3D ( 'NONE', #7487, #5224, #6361 ) ;
#6036 = VECTOR ( 'NONE', #5420, 1000.000000000000000 ) ;
#6037 = DIRECTION ( 'NONE',  ( 0.9848077530122076872, -0.1736481776669329680, 0.000000000000000000 ) ) ;
#6038 = DIRECTION ( 'NONE',  ( 0.000000000000000000, 0.000000000000000000, -1.000000000000000000 ) ) ;
#6039 = DIRECTION ( 'NONE',  ( 0.000000000000000000, 0.000000000000000000, -1.000000000000000000 ) ) ;
#6040 = LINE ( 'NONE', #5408, #343 ) ;
#6041 = EDGE_CURVE ( 'NONE', #769, #4506, #1252, .T. ) ;
#6042 = EDGE_CURVE ( 'NONE', #1835, #952, #6541, .T. ) ;
#6043 = EDGE_LOOP ( 'NONE', ( #3522, #6747, #5995, #1532 ) ) ;
#6044 = LINE ( 'NONE', #855, #2815 ) ;
#6045 = CARTESIAN_POINT ( 'NONE',  ( -2.200000000000000178, 0.5524999999999999911, 0.7724999999999999645 ) ) ;
#6046 = ADVANCED_FACE ( 'NONE', ( #4731 ), #108, .T. ) ;
#6047 = EDGE_CURVE ( 'NONE', #7197, #5633, #3616, .T. ) ;
#6048 = VECTOR ( 'NONE', #5041, 1000.000000000000000 ) ;
#6049 = ORIENTED_EDGE ( 'NONE', *, *, #4406, .T. ) ;
#6050 = DIRECTION ( 'NONE',  ( 1.000000000000000000, 0.000000000000000000, -1.971276677246369793E-16 ) ) ;
#6051 = ORIENTED_EDGE ( 'NONE', *, *, #504, .F. ) ;
#6052 = CARTESIAN_POINT ( 'NONE',  ( -2.200000000000000178, 0.5524999999999999911, -1.177499999999999991 ) ) ;
#6053 = CARTESIAN_POINT ( 'NONE',  ( 2.742797124186769686, 0.2751789857617050195, 0.7724999999999999645 ) ) ;
#6054 = PLANE ( 'NONE',  #5609 ) ;
#6055 = ORIENTED_EDGE ( 'NONE', *, *, #1646, .F. ) ;
#6056 = DIRECTION ( 'NONE',  ( -0.1710878697460360143, -0.9702875252478140311, 0.1710878697460355147 ) ) ;
#6057 = EDGE_CURVE ( 'NONE', #2096, #3165, #6431, .T. ) ;
#6058 = VERTEX_POINT ( 'NONE', #1820 ) ;
#6059 = DIRECTION ( 'NONE',  ( 0.000000000000000000, 0.000000000000000000, -1.000000000000000000 ) ) ;
#6060 = EDGE_CURVE ( 'NONE', #3944, #7124, #2468, .T. ) ;
#6061 = ORIENTED_EDGE ( 'NONE', *, *, #4617, .T. ) ;
#6062 = DIRECTION ( 'NONE',  ( 0.000000000000000000, -1.000000000000000000, 0.000000000000000000 ) ) ;
#6063 = EDGE_CURVE ( 'NONE', #909, #2178, #784, .T. ) ;
#6064 = ORIENTED_EDGE ( 'NONE', *, *, #5587, .T. ) ;
#6065 = EDGE_LOOP ( 'NONE', ( #5313, #1980, #4496 ) ) ;
#6066 = PLANE ( 'NONE',  #3519 ) ;
#6067 = ORIENTED_EDGE ( 'NONE', *, *, #6057, .F. ) ;
#6068 = VERTEX_POINT ( 'NONE', #4234 ) ;
#6069 = DIRECTION ( 'NONE',  ( 0.1736481776669290544, 0.9848077530122083534, 0.000000000000000000 ) ) ;
#6070 = CARTESIAN_POINT ( 'NONE',  ( 2.437831373677284752, 0.5524999999999999911, -1.177499999999999991 ) ) ;
#6071 = CIRCLE ( 'NONE', #6193, 0.1296982034251579208 ) ;
#6072 = EDGE_CURVE ( 'NONE', #4933, #3178, #29, .T. ) ;
#6073 = FACE_OUTER_BOUND ( 'NONE', #5845, .T. ) ;
#6074 = VECTOR ( 'NONE', #2198, 1000.000000000000000 ) ;
#6075 = VECTOR ( 'NONE', #6856, 1000.000000000000000 ) ;
#6076 = CARTESIAN_POINT ( 'NONE',  ( -2.708356294148904997, 0.4705026390080009890, 2.072500000000000231 ) ) ;
#6077 = DIRECTION ( 'NONE',  ( -1.000000000000000000, 0.000000000000000000, 0.000000000000000000 ) ) ;
#6078 = LINE ( 'NONE', #4469, #2784 ) ;
#6079 = CARTESIAN_POINT ( 'NONE',  ( -2.045118427147115003, 1.000000000000000000, -2.345118427147114826 ) ) ;
#6080 = AXIS2_PLACEMENT_3D ( 'NONE', #271, #4189, #2598 ) ;
#6081 = EDGE_LOOP ( 'NONE', ( #5042, #3517, #333, #1618 ) ) ;
#6082 = LINE ( 'NONE', #2047, #3069 ) ;
#6083 = DIRECTION ( 'NONE',  ( 0.000000000000000000, 0.000000000000000000, 1.000000000000000000 ) ) ;
#6084 = DIRECTION ( 'NONE',  ( -0.1736481776669290544, 0.9848077530122083534, 0.000000000000000000 ) ) ;
#6085 = AXIS2_PLACEMENT_3D ( 'NONE', #5089, #4576, #1669 ) ;
#6086 = VERTEX_POINT ( 'NONE', #6581 ) ;
#6087 = EDGE_LOOP ( 'NONE', ( #693, #2974, #2133, #156 ) ) ;
#6088 = FACE_OUTER_BOUND ( 'NONE', #5706, .T. ) ;
#6089 = DIRECTION ( 'NONE',  ( 1.000000000000000000, 0.000000000000000000, 0.000000000000000000 ) ) ;
#6090 = CARTESIAN_POINT ( 'NONE',  ( -2.143599202448335017, 1.017364817766692076, -2.345118427147114826 ) ) ;
#6091 = VECTOR ( 'NONE', #6353, 1000.000000000000000 ) ;
#6092 = EDGE_CURVE ( 'NONE', #7381, #7067, #1117, .T. ) ;
#6093 = ORIENTED_EDGE ( 'NONE', *, *, #6857, .T. ) ;
#6094 = DIRECTION ( 'NONE',  ( 0.000000000000000000, 0.000000000000000000, -1.000000000000000000 ) ) ;
#6095 = CARTESIAN_POINT ( 'NONE',  ( 2.437831373677284752, 0.4228017965748430140, 1.422499999999999876 ) ) ;
#6096 = ORIENTED_EDGE ( 'NONE', *, *, #5151, .T. ) ;
#6097 = AXIS2_PLACEMENT_3D ( 'NONE', #2490, #6492, #6559 ) ;
#6098 = DIRECTION ( 'NONE',  ( 0.000000000000000000, 0.000000000000000000, -1.000000000000000000 ) ) ;
#6099 = ORIENTED_EDGE ( 'NONE', *, *, #6016, .F. ) ;
#6100 = AXIS2_PLACEMENT_3D ( 'NONE', #7024, #3043, #745 ) ;
#6101 = CARTESIAN_POINT ( 'NONE',  ( 2.437831373677284752, 0.4228017965748430140, 2.072500000000000231 ) ) ;
#6102 = VECTOR ( 'NONE', #1186, 1000.000000000000000 ) ;
#6103 = ORIENTED_EDGE ( 'NONE', *, *, #7203, .F. ) ;
#6104 = VECTOR ( 'NONE', #6905, 1000.000000000000000 ) ;
#6105 = FACE_OUTER_BOUND ( 'NONE', #2229, .T. ) ;
#6106 = ADVANCED_FACE ( 'NONE', ( #1895 ), #708, .T. ) ;
#6107 = CARTESIAN_POINT ( 'NONE',  ( -2.200000000000000178, 0.6975000000000000089, -1.177499999999999991 ) ) ;
#6108 = VECTOR ( 'NONE', #6810, 1000.000000000000000 ) ;
#6109 = LINE ( 'NONE', #5365, #5094 ) ;
#6110 = VECTOR ( 'NONE', #2763, 1000.000000000000000 ) ;
#6111 = EDGE_CURVE ( 'NONE', #6203, #1832, #1322, .T. ) ;
#6112 = VECTOR ( 'NONE', #3643, 1000.000000000000114 ) ;
#6113 = FACE_OUTER_BOUND ( 'NONE', #4455, .T. ) ;
#6114 = CARTESIAN_POINT ( 'NONE',  ( 2.861477631149730083, 0.1683185773129355078, -1.177499999999999991 ) ) ;
#6115 = LINE ( 'NONE', #2648, #1250 ) ;
#6116 = PLANE ( 'NONE',  #1703 ) ;
#6117 = CARTESIAN_POINT ( 'NONE',  ( -2.101005270604403563, 0.6975214922843544496, -2.499996210330387214 ) ) ;
#6118 = ORIENTED_EDGE ( 'NONE', *, *, #1425, .T. ) ;
#6119 = ADVANCED_FACE ( 'NONE', ( #1787 ), #6466, .T. ) ;
#6120 = DIRECTION ( 'NONE',  ( 0.06975647374411987622, -0.9975640502598246417, 0.000000000000000000 ) ) ;
#6121 = ORIENTED_EDGE ( 'NONE', *, *, #5856, .F. ) ;
#6122 = ORIENTED_EDGE ( 'NONE', *, *, #3028, .F. ) ;
#6123 = VECTOR ( 'NONE', #1385, 1000.000000000000000 ) ;
#6124 = MANIFOLD_SOLID_BREP ( 'NONE', #7384 ) ;
#6125 = DIRECTION ( 'NONE',  ( 0.000000000000000000, 0.000000000000000000, -1.000000000000000000 ) ) ;
#6126 = ORIENTED_EDGE ( 'NONE', *, *, #888, .T. ) ;
#6127 = COLOUR_RGB ( '',0.7921568627450980005, 0.8196078431372548767, 0.9333333333333333481 ) ;
#6128 = ORIENTED_EDGE ( 'NONE', *, *, #2854, .T. ) ;
#6129 = CARTESIAN_POINT ( 'NONE',  ( 2.200000000000000178, 0.6975000000000000089, -1.827499999999999902 ) ) ;
#6130 = ORIENTED_EDGE ( 'NONE', *, *, #4028, .T. ) ;
#6131 = DIRECTION ( 'NONE',  ( 0.1710878697460360143, -0.9702875252478140311, -0.1710878697460355147 ) ) ;
#6132 = DIRECTION ( 'NONE',  ( 1.000000000000000000, -4.558701216420150868E-16, 0.000000000000000000 ) ) ;
#6133 = ORIENTED_EDGE ( 'NONE', *, *, #3735, .F. ) ;
#6134 = DIRECTION ( 'NONE',  ( -0.9975640502598247528, 0.06975647374411908519, 0.000000000000000000 ) ) ;
#6135 = ORIENTED_EDGE ( 'NONE', *, *, #4083, .T. ) ;
#6136 = PLANE ( 'NONE',  #2650 ) ;
#6137 = VERTEX_POINT ( 'NONE', #4841 ) ;
#6138 = ADVANCED_FACE ( 'NONE', ( #2545 ), #7173, .F. ) ;
#6139 = CARTESIAN_POINT ( 'NONE',  ( 2.200000000000000178, 0.5524999999999999911, 0.7724999999999999645 ) ) ;
#6140 = MANIFOLD_SOLID_BREP ( 'NONE', #3154 ) ;
#6141 = ADVANCED_FACE ( 'NONE', ( #7273 ), #6184, .F. ) ;
#6142 = ORIENTED_EDGE ( 'NONE', *, *, #461, .F. ) ;
#6143 = ORIENTED_EDGE ( 'NONE', *, *, #5221, .T. ) ;
#6144 = ORIENTED_EDGE ( 'NONE', *, *, #7146, .F. ) ;
#6145 = DIRECTION ( 'NONE',  ( 0.000000000000000000, 0.000000000000000000, -1.000000000000000000 ) ) ;
#6146 = LINE ( 'NONE', #7264, #4310 ) ;
#6147 = ORIENTED_EDGE ( 'NONE', *, *, #4089, .T. ) ;
#6148 = SHAPE_DEFINITION_REPRESENTATION ( #104, #5723 ) ;
#6149 = DIRECTION ( 'NONE',  ( 0.000000000000000000, 0.000000000000000000, -1.000000000000000000 ) ) ;
#6150 = EDGE_CURVE ( 'NONE', #3311, #575, #2078, .T. ) ;
#6151 = ADVANCED_FACE ( 'NONE', ( #4377 ), #3885, .F. ) ;
#6152 = DIRECTION ( 'NONE',  ( 0.06975647374411987622, 0.9975640502598246417, 0.000000000000000000 ) ) ;
#6153 = SURFACE_STYLE_USAGE ( .BOTH. , #5577 ) ;
#6154 = LINE ( 'NONE', #4341, #3177 ) ;
#6155 = CARTESIAN_POINT ( 'NONE',  ( -3.189885311307104843, 9.629649721936179265E-32, 1.422499999999999876 ) ) ;
#6156 = VERTEX_POINT ( 'NONE', #4910 ) ;
#6157 = ORIENTED_EDGE ( 'NONE', *, *, #5085, .T. ) ;
#6158 = CIRCLE ( 'NONE', #6996, 0.2746982034251567728 ) ;
#6159 = VECTOR ( 'NONE', #1569, 1000.000000000000000 ) ;
#6160 = FACE_OUTER_BOUND ( 'NONE', #5695, .T. ) ;
#6161 = ORIENTED_EDGE ( 'NONE', *, *, #1699, .F. ) ;
#6162 = EDGE_LOOP ( 'NONE', ( #1484, #1888, #7162, #5806 ) ) ;
#6163 = DIRECTION ( 'NONE',  ( 0.000000000000000000, 0.000000000000000000, -1.000000000000000000 ) ) ;
#6164 = EDGE_CURVE ( 'NONE', #1442, #3478, #3226, .T. ) ;
#6165 =( BOUNDED_CURVE ( )  B_SPLINE_CURVE ( 3, ( #5745, #2891, #3313, #7364 ),
 .UNSPECIFIED., .F., .T. ) 
 B_SPLINE_CURVE_WITH_KNOTS ( ( 4, 4 ),
 ( 6.268106176683110320, 6.283185307179590673 ),
 .UNSPECIFIED. ) 
 CURVE ( )  GEOMETRIC_REPRESENTATION_ITEM ( )  RATIONAL_B_SPLINE_CURVE ( ( 1.000000000000000000, 0.9999810517417160316, 0.9999810517417160316, 1.000000000000000000 ) ) 
 REPRESENTATION_ITEM ( '' )  );
#6166 = LINE ( 'NONE', #1017, #2590 ) ;
#6167 = ORIENTED_EDGE ( 'NONE', *, *, #6586, .F. ) ;
#6168 = CARTESIAN_POINT ( 'NONE',  ( 3.200000000000000178, 0.1446467872876731897, 1.422499999999999876 ) ) ;
#6169 = CARTESIAN_POINT ( 'NONE',  ( 2.708356294148904997, 0.4705026390080009890, -1.827499999999999902 ) ) ;
#6170 = ORIENTED_EDGE ( 'NONE', *, *, #2054, .T. ) ;
#6171 = DIRECTION ( 'NONE',  ( -0.9848077530122083534, 0.1736481776669290544, 0.000000000000000000 ) ) ;
#6172 = VERTEX_POINT ( 'NONE', #2681 ) ;
#6173 = LINE ( 'NONE', #4928, #1438 ) ;
#6174 = EDGE_LOOP ( 'NONE', ( #5620, #1900, #7077, #2915 ) ) ;
#6175 = CYLINDRICAL_SURFACE ( 'NONE', #2065, 0.09999999999999982514 ) ;
#6176 = EDGE_LOOP ( 'NONE', ( #487, #7003, #50, #7412 ) ) ;
#6177 = ORIENTED_EDGE ( 'NONE', *, *, #6240, .F. ) ;
#6178 = CYLINDRICAL_SURFACE ( 'NONE', #2055, 0.1000000000000001721 ) ;
#6179 = DIRECTION ( 'NONE',  ( 0.000000000000000000, 0.000000000000000000, -1.000000000000000000 ) ) ;
#6180 = ORIENTED_EDGE ( 'NONE', *, *, #4073, .T. ) ;
#6181 = EDGE_CURVE ( 'NONE', #1974, #459, #847, .T. ) ;
#6182 = DIRECTION ( 'NONE',  ( -1.000000000000000000, 0.000000000000000000, 0.000000000000000000 ) ) ;
#6183 = CARTESIAN_POINT ( 'NONE',  ( 2.437831373677284752, 0.4228017965748430140, -1.827499999999999902 ) ) ;
#6184 = PLANE ( 'NONE',  #526 ) ;
#6185 = DIRECTION ( 'NONE',  ( 1.000000000000000000, 0.000000000000000000, 0.000000000000000000 ) ) ;
#6186 = EDGE_CURVE ( 'NONE', #4963, #4558, #6762, .T. ) ;
#6187 = DIRECTION ( 'NONE',  ( 1.000000000000000000, -4.558701216420150868E-16, 0.000000000000000000 ) ) ;
#6188 = DIRECTION ( 'NONE',  ( -0.9848077530122080203, 0.1736481776669305532, 0.000000000000000000 ) ) ;
#6189 = DIRECTION ( 'NONE',  ( 1.000000000000000000, 0.000000000000000000, 0.000000000000000000 ) ) ;
#6190 = EDGE_CURVE ( 'NONE', #5584, #2052, #4971, .T. ) ;
#6191 = VERTEX_POINT ( 'NONE', #3764 ) ;
#6192 = MECHANICAL_DESIGN_GEOMETRIC_PRESENTATION_REPRESENTATION (  '', ( #3529 ), #5471 ) ;
#6193 = AXIS2_PLACEMENT_3D ( 'NONE', #6448, #4061, #3591 ) ;
#6194 = LINE ( 'NONE', #3772, #1246 ) ;
#6195 = CIRCLE ( 'NONE', #5356, 0.1000000000000001721 ) ;
#6196 = CARTESIAN_POINT ( 'NONE',  ( -2.851362942456834748, 0.02367179002526179771, -0.1224999999999999978 ) ) ;
#6197 = ORIENTED_EDGE ( 'NONE', *, *, #3305, .T. ) ;
#6198 = ORIENTED_EDGE ( 'NONE', *, *, #4443, .T. ) ;
#6199 = ADVANCED_FACE ( 'NONE', ( #5473 ), #2618, .F. ) ;
#6200 = CIRCLE ( 'NONE', #3910, 0.2746982034251567728 ) ;
#6201 = ADVANCED_FACE ( 'NONE', ( #1521 ), #3259, .F. ) ;
#6202 = DIRECTION ( 'NONE',  ( 0.000000000000000000, 0.000000000000000000, 1.000000000000000000 ) ) ;
#6203 = VERTEX_POINT ( 'NONE', #5613 ) ;
#6204 = LINE ( 'NONE', #1606, #5508 ) ;
#6205 = ORIENTED_EDGE ( 'NONE', *, *, #5257, .F. ) ;
#6206 = ADVANCED_FACE ( 'NONE', ( #2762 ), #3920, .F. ) ;
#6207 = AXIS2_PLACEMENT_3D ( 'NONE', #476, #2802, #6302 ) ;
#6208 = PLANE ( 'NONE',  #1299 ) ;
#6209 = CARTESIAN_POINT ( 'NONE',  ( 3.189885311307104843, 9.629649721936179265E-32, 1.422499999999999876 ) ) ;
#6210 =( BOUNDED_CURVE ( )  B_SPLINE_CURVE ( 3, ( #7087, #4183, #1885, #6495 ),
 .UNSPECIFIED., .F., .T. ) 
 B_SPLINE_CURVE_WITH_KNOTS ( ( 4, 4 ),
 ( 5.512866274278610312, 7.053504340080549717 ),
 .UNSPECIFIED. ) 
 CURVE ( )  GEOMETRIC_REPRESENTATION_ITEM ( )  RATIONAL_B_SPLINE_CURVE ( ( 1.000000000000000000, 0.8117923620232500026, 0.8117923620232500026, 1.000000000000000000 ) ) 
 REPRESENTATION_ITEM ( '' )  );
#6211 = ORIENTED_EDGE ( 'NONE', *, *, #6978, .T. ) ;
#6212 = DIRECTION ( 'NONE',  ( 0.000000000000000000, 0.000000000000000000, -1.000000000000000000 ) ) ;
#6213 = DIRECTION ( 'NONE',  ( -4.558701216420150868E-16, 1.000000000000000000, 0.000000000000000000 ) ) ;
#6214 = ORIENTED_EDGE ( 'NONE', *, *, #4947, .F. ) ;
#6215 = DIRECTION ( 'NONE',  ( 0.000000000000000000, 0.000000000000000000, -1.000000000000000000 ) ) ;
#6216 = ORIENTED_EDGE ( 'NONE', *, *, #161, .F. ) ;
#6217 = ORIENTED_EDGE ( 'NONE', *, *, #3054, .T. ) ;
#6218 = LINE ( 'NONE', #992, #6440 ) ;
#6219 = PLANE ( 'NONE',  #180 ) ;
#6220 = ORIENTED_EDGE ( 'NONE', *, *, #6568, .T. ) ;
#6221 = LINE ( 'NONE', #5081, #6942 ) ;
#6222 = AXIS2_PLACEMENT_3D ( 'NONE', #7291, #4888, #3867 ) ;
#6223 = DIRECTION ( 'NONE',  ( 1.000000000000000000, 0.000000000000000000, 0.000000000000000000 ) ) ;
#6224 = VECTOR ( 'NONE', #6362, 1000.000000000000000 ) ;
#6225 = AXIS2_PLACEMENT_3D ( 'NONE', #1396, #6577, #102 ) ;
#6226 = CARTESIAN_POINT ( 'NONE',  ( -2.100000000000000089, 0.6975000000000000089, 2.500000000000000000 ) ) ;
#6227 = FILL_AREA_STYLE_COLOUR ( '', #3200 ) ;
#6228 = CIRCLE ( 'NONE', #164, 0.2746982034251563842 ) ;
#6229 = CARTESIAN_POINT ( 'NONE',  ( 2.600000000000000089, 0.2500000000000000000, 2.072500000000000231 ) ) ;
#6230 = LINE ( 'NONE', #6155, #6074 ) ;
#6231 = ORIENTED_EDGE ( 'NONE', *, *, #6358, .F. ) ;
#6232 = VECTOR ( 'NONE', #6743, 1000.000000000000114 ) ;
#6233 = EDGE_CURVE ( 'NONE', #3165, #4366, #5628, .T. ) ;
#6234 = ADVANCED_FACE ( 'NONE', ( #1001 ), #1704, .T. ) ;
#6235 = DIRECTION ( 'NONE',  ( 0.000000000000000000, 0.000000000000000000, 1.000000000000000000 ) ) ;
#6236 = ORIENTED_EDGE ( 'NONE', *, *, #5221, .F. ) ;
#6237 = COLOUR_RGB ( '',0.7921568627450980005, 0.8196078431372548767, 0.9333333333333333481 ) ;
#6238 = CARTESIAN_POINT ( 'NONE',  ( 2.851362942456834748, 0.02367179002526179771, -0.5274999999999999689 ) ) ;
#6239 = CIRCLE ( 'NONE', #1266, 0.2500000000000000000 ) ;
#6240 = EDGE_CURVE ( 'NONE', #5859, #2604, #3341, .T. ) ;
#6241 = CARTESIAN_POINT ( 'NONE',  ( -3.200000000000000178, 0.1446467872876731897, 1.422499999999999876 ) ) ;
#6242 = EDGE_CURVE ( 'NONE', #175, #6191, #6342, .T. ) ;
#6243 = ORIENTED_EDGE ( 'NONE', *, *, #3712, .T. ) ;
#6244 = STYLED_ITEM ( 'NONE', ( #6452 ), #3863 ) ;
#6245 = CYLINDRICAL_SURFACE ( 'NONE', #4106, 0.2746982034251559401 ) ;
#6246 = DIRECTION ( 'NONE',  ( 0.06975647374411987622, 0.9975640502598246417, 0.000000000000000000 ) ) ;
#6247 = ORIENTED_EDGE ( 'NONE', *, *, #473, .T. ) ;
#6248 = CARTESIAN_POINT ( 'NONE',  ( -2.199988631206595269, 0.6975644756313429395, 2.401507855905375077 ) ) ;
#6249 = LINE ( 'NONE', #4560, #513 ) ;
#6250 = ORIENTED_EDGE ( 'NONE', *, *, #2104, .T. ) ;
#6251 = CARTESIAN_POINT ( 'NONE',  ( 2.100502642445350343, 0.5525000000000008793, 2.499999999999999556 ) ) ;
#6252 = ORIENTED_EDGE ( 'NONE', *, *, #4261, .F. ) ;
#6253 = ORIENTED_EDGE ( 'NONE', *, *, #2339, .T. ) ;
#6254 = CARTESIAN_POINT ( 'NONE',  ( 2.565559169962134956, 0.4453236532462965247, 0.7724999999999999645 ) ) ;
#6255 = LINE ( 'NONE', #4636, #1137 ) ;
#6256 = ORIENTED_EDGE ( 'NONE', *, *, #3167, .T. ) ;
#6257 = CARTESIAN_POINT ( 'NONE',  ( -2.200000000000000178, 0.6975000000000000089, -0.5274999999999999689 ) ) ;
#6258 = DIRECTION ( 'NONE',  ( 0.000000000000000000, 0.000000000000000000, -1.000000000000000000 ) ) ;
#6259 = VERTEX_POINT ( 'NONE', #3960 ) ;
#6260 = LINE ( 'NONE', #6585, #6305 ) ;
#6261 = EDGE_CURVE ( 'NONE', #1924, #6751, #1121, .T. ) ;
#6262 = CARTESIAN_POINT ( 'NONE',  ( 2.708356294148904997, 0.4705026390080009890, 0.1224999999999999978 ) ) ;
#6263 = MANIFOLD_SOLID_BREP ( 'NONE', #469 ) ;
#6264 = DIRECTION ( 'NONE',  ( 0.000000000000000000, 0.000000000000000000, 1.000000000000000000 ) ) ;
#6265 = DIRECTION ( 'NONE',  ( 1.000000000000000000, -4.558701216420150868E-16, 0.000000000000000000 ) ) ;
#6266 = DIRECTION ( 'NONE',  ( 0.000000000000000000, 0.000000000000000000, -1.000000000000000000 ) ) ;
#6267 = DIRECTION ( 'NONE',  ( 0.000000000000000000, 0.000000000000000000, -1.000000000000000000 ) ) ;
#6268 = EDGE_LOOP ( 'NONE', ( #7320, #5065, #840, #1653 ) ) ;
#6269 = CARTESIAN_POINT ( 'NONE',  ( 3.200000000000000178, 0.1446467872876731897, -1.422499999999999876 ) ) ;
#6270 = ORIENTED_EDGE ( 'NONE', *, *, #2654, .T. ) ;
#6271 = DIRECTION ( 'NONE',  ( 1.000000000000000000, 0.000000000000000000, 0.000000000000000000 ) ) ;
#6272 = EDGE_LOOP ( 'NONE', ( #6787, #6909, #4072, #6355 ) ) ;
#6273 = EDGE_CURVE ( 'NONE', #4797, #460, #2308, .T. ) ;
#6274 = EDGE_CURVE ( 'NONE', #7178, #276, #1038, .T. ) ;
#6275 = LINE ( 'NONE', #3388, #5552 ) ;
#6276 = VECTOR ( 'NONE', #3093, 1000.000000000000114 ) ;
#6277 = CARTESIAN_POINT ( 'NONE',  ( 1.975609200933505116, 1.411571228687630075, 2.374089976234724730 ) ) ;
#6278 = VECTOR ( 'NONE', #52, 1000.000000000000000 ) ;
#6279 = CARTESIAN_POINT ( 'NONE',  ( -2.100000000000000089, 0.6975000000000000089, 2.500000000000000000 ) ) ;
#6280 = PLANE ( 'NONE',  #3657 ) ;
#6281 = EDGE_CURVE ( 'NONE', #2113, #5531, #5879, .T. ) ;
#6282 = ORIENTED_EDGE ( 'NONE', *, *, #3574, .F. ) ;
#6283 = CARTESIAN_POINT ( 'NONE',  ( -3.189885311307104843, 9.629649721936179265E-32, 1.827499999999999902 ) ) ;
#6284 = ADVANCED_FACE ( 'NONE', ( #6300 ), #474, .F. ) ;
#6285 = EDGE_CURVE ( 'NONE', #7050, #5417, #4193, .T. ) ;
#6286 = ORIENTED_EDGE ( 'NONE', *, *, #1598, .F. ) ;
#6287 = DIRECTION ( 'NONE',  ( -1.000000000000000000, 0.000000000000000000, 1.971276677246369793E-16 ) ) ;
#6288 = CARTESIAN_POINT ( 'NONE',  ( -2.200000000000000178, 0.6975000000000000089, 2.500000000000000000 ) ) ;
#6289 = ORIENTED_EDGE ( 'NONE', *, *, #7399, .T. ) ;
#6290 = ORIENTED_EDGE ( 'NONE', *, *, #1371, .T. ) ;
#6291 = LINE ( 'NONE', #6254, #2310 ) ;
#6292 = DIRECTION ( 'NONE',  ( -1.000000000000000000, 0.000000000000000000, 0.000000000000000000 ) ) ;
#6293 = VERTEX_POINT ( 'NONE', #2157 ) ;
#6294 = PLANE ( 'NONE',  #5380 ) ;
#6295 = CARTESIAN_POINT ( 'NONE',  ( -2.870524920471619890, 0.2977008424331585301, -1.177499999999999991 ) ) ;
#6296 = ADVANCED_FACE ( 'NONE', ( #3531 ), #1241, .T. ) ;
#6297 = VERTEX_POINT ( 'NONE', #5955 ) ;
#6298 = CARTESIAN_POINT ( 'NONE',  ( 2.158688739809627943, 0.5475451589536782793, 2.499126327838411044 ) ) ;
#6299 = VECTOR ( 'NONE', #1420, 1000.000000000000000 ) ;
#6300 = FACE_OUTER_BOUND ( 'NONE', #643, .T. ) ;
#6301 = EDGE_CURVE ( 'NONE', #620, #6488, #1848, .T. ) ;
#6302 = DIRECTION ( 'NONE',  ( 0.000000000000000000, 0.000000000000000000, 1.000000000000000000 ) ) ;
#6303 = DIRECTION ( 'NONE',  ( -0.000000000000000000, 1.000000000000000000, 0.000000000000000000 ) ) ;
#6304 = DIRECTION ( 'NONE',  ( 0.000000000000000000, 0.000000000000000000, -1.000000000000000000 ) ) ;
#6305 = VECTOR ( 'NONE', #3086, 1000.000000000000000 ) ;
#6306 = ORIENTED_EDGE ( 'NONE', *, *, #2886, .F. ) ;
#6307 = AXIS2_PLACEMENT_3D ( 'NONE', #7233, #2035, #6678 ) ;
#6308 = DIRECTION ( 'NONE',  ( -0.1710878697460359588, -0.9702875252478136980, 0.1710878697460359588 ) ) ;
#6309 = CYLINDRICAL_SURFACE ( 'NONE', #1846, 0.09999999999999982514 ) ;
#6310 = ORIENTED_EDGE ( 'NONE', *, *, #2756, .F. ) ;
#6311 = AXIS2_PLACEMENT_3D ( 'NONE', #1892, #1289, #4838 ) ;
#6312 = MANIFOLD_SOLID_BREP ( 'NONE', #598 ) ;
#6313 = CARTESIAN_POINT ( 'NONE',  ( 3.200000000000000178, 0.1446467872876731897, 0.7724999999999999645 ) ) ;
#6314 = AXIS2_PLACEMENT_3D ( 'NONE', #5873, #655, #2905 ) ;
#6315 = VECTOR ( 'NONE', #4013, 1000.000000000000000 ) ;
#6316 = FACE_OUTER_BOUND ( 'NONE', #1458, .T. ) ;
#6317 = VECTOR ( 'NONE', #3477, 1000.000000000000114 ) ;
#6318 = CARTESIAN_POINT ( 'NONE',  ( -2.200000000000000178, 0.5524999999999999911, 0.7724999999999999645 ) ) ;
#6319 = PLANE ( 'NONE',  #2431 ) ;
#6320 = ORIENTED_EDGE ( 'NONE', *, *, #4908, .F. ) ;
#6321 = CARTESIAN_POINT ( 'NONE',  ( -1.486702623836771986, 1.100000000000000089, -1.838720136967914920 ) ) ;
#6322 = DIRECTION ( 'NONE',  ( 0.000000000000000000, 1.000000000000000000, 0.000000000000000000 ) ) ;
#6323 = CARTESIAN_POINT ( 'NONE',  ( 2.437831373677284752, 0.5524999999999999911, -0.7724999999999999645 ) ) ;
#6324 = EDGE_CURVE ( 'NONE', #3546, #5927, #5291, .T. ) ;
#6325 = ORIENTED_EDGE ( 'NONE', *, *, #4627, .F. ) ;
#6326 = ORIENTED_EDGE ( 'NONE', *, *, #1133, .T. ) ;
#6327 = ADVANCED_FACE ( 'NONE', ( #64 ), #1812, .F. ) ;
#6328 = ORIENTED_EDGE ( 'NONE', *, *, #2302, .F. ) ;
#6329 = DIRECTION ( 'NONE',  ( 4.558701216420150868E-16, 1.000000000000000000, 0.000000000000000000 ) ) ;
#6330 = EDGE_CURVE ( 'NONE', #543, #2475, #1162, .T. ) ;
#6331 = CARTESIAN_POINT ( 'NONE',  ( 2.200000000000000178, 0.5524999999999999911, -0.5274999999999999689 ) ) ;
#6332 = VERTEX_POINT ( 'NONE', #5921 ) ;
#6333 = CARTESIAN_POINT ( 'NONE',  ( -2.200000000000000178, 0.6975000000000000089, 2.072500000000000231 ) ) ;
#6334 = CARTESIAN_POINT ( 'NONE',  ( 2.870524920471619890, 0.2977008424331585301, -0.5274999999999999689 ) ) ;
#6335 = CIRCLE ( 'NONE', #5123, 0.1296982034251575044 ) ;
#6336 = LINE ( 'NONE', #5165, #1052 ) ;
#6337 = DIRECTION ( 'NONE',  ( 0.000000000000000000, 0.000000000000000000, -1.000000000000000000 ) ) ;
#6338 = EDGE_LOOP ( 'NONE', ( #6739, #7049, #7336, #2761 ) ) ;
#6339 = CARTESIAN_POINT ( 'NONE',  ( -3.200000000000000178, 0.1446467872876731897, 2.072500000000000231 ) ) ;
#6340 = EDGE_CURVE ( 'NONE', #3753, #393, #7015, .T. ) ;
#6341 = EDGE_CURVE ( 'NONE', #6259, #2904, #3033, .T. ) ;
#6342 = LINE ( 'NONE', #6383, #3576 ) ;
#6343 = LINE ( 'NONE', #6423, #4683 ) ;
#6344 = CARTESIAN_POINT ( 'NONE',  ( -2.100000000000000089, 0.5524999999999999911, 2.500000000000000000 ) ) ;
#6345 = DIRECTION ( 'NONE',  ( -1.000000000000000000, 0.000000000000000000, 1.971276677246369793E-16 ) ) ;
#6346 = DIRECTION ( 'NONE',  ( 0.9848077530122076872, -0.1736481776669329680, 0.000000000000000000 ) ) ;
#6347 = CIRCLE ( 'NONE', #5013, 0.1296982034251575044 ) ;
#6348 = LINE ( 'NONE', #4195, #1329 ) ;
#6349 = ADVANCED_FACE ( 'NONE', ( #667 ), #3072, .F. ) ;
#6350 = VECTOR ( 'NONE', #675, 1000.000000000000000 ) ;
#6351 = CARTESIAN_POINT ( 'NONE',  ( -2.600000000000000089, 0.2500000000000000000, -0.1224999999999999978 ) ) ;
#6352 = VECTOR ( 'NONE', #4708, 1000.000000000000000 ) ;
#6354 = CIRCLE ( 'NONE', #5143, 0.2746982034251567728 ) ;
#6353 = DIRECTION ( 'NONE',  ( 0.000000000000000000, 1.000000000000000000, 0.000000000000000000 ) ) ;
#6355 = ORIENTED_EDGE ( 'NONE', *, *, #6150, .T. ) ;
#6356 = LINE ( 'NONE', #3470, #1301 ) ;
#6357 = VECTOR ( 'NONE', #1054, 1000.000000000000114 ) ;
#6358 = EDGE_CURVE ( 'NONE', #1717, #7197, #2348, .T. ) ;
#6359 = VECTOR ( 'NONE', #5017, 1000.000000000000114 ) ;
#6360 = PRESENTATION_LAYER_ASSIGNMENT (  '', '', ( #5400 ) ) ;
#6361 = DIRECTION ( 'NONE',  ( 0.000000000000000000, 1.000000000000000000, 0.000000000000000000 ) ) ;
#6362 = DIRECTION ( 'NONE',  ( 0.000000000000000000, 0.000000000000000000, -1.000000000000000000 ) ) ;
#6363 = VERTEX_POINT ( 'NONE', #4798 ) ;
#6364 = LINE ( 'NONE', #1146, #5388 ) ;
#6365 = DIRECTION ( 'NONE',  ( 0.000000000000000000, 1.000000000000000000, 0.000000000000000000 ) ) ;
#6366 = DIRECTION ( 'NONE',  ( 0.000000000000000000, 0.000000000000000000, -1.000000000000000000 ) ) ;
#6367 = CIRCLE ( 'NONE', #6963, 0.1000000000000001721 ) ;
#6368 = MANIFOLD_SOLID_BREP ( 'NONE', #1701 ) ;
#6369 = VERTEX_POINT ( 'NONE', #6574 ) ;
#6370 = ORIENTED_EDGE ( 'NONE', *, *, #989, .T. ) ;
#6371 = VERTEX_POINT ( 'NONE', #7306 ) ;
#6372 = CYLINDRICAL_SURFACE ( 'NONE', #3277, 0.2746982034251567728 ) ;
#6373 = CARTESIAN_POINT ( 'NONE',  ( 2.565559169962134956, 0.4453236532462965247, -1.422499999999999876 ) ) ;
#6374 = ORIENTED_EDGE ( 'NONE', *, *, #3947, .F. ) ;
#6375 = DIRECTION ( 'NONE',  ( 5.926311581346190705E-15, -1.000000000000000000, 0.000000000000000000 ) ) ;
#6376 = CARTESIAN_POINT ( 'NONE',  ( -2.870524920471619890, 0.2977008424331585301, 1.422499999999999876 ) ) ;
#6377 = AXIS2_PLACEMENT_3D ( 'NONE', #3869, #6171, #4485 ) ;
#6378 = VERTEX_POINT ( 'NONE', #19 ) ;
#6379 = CARTESIAN_POINT ( 'NONE',  ( -1.486702623836771986, 1.000000000000000000, -1.838720136967914920 ) ) ;
#6380 = EDGE_CURVE ( 'NONE', #7218, #2662, #4966, .T. ) ;
#6381 = CARTESIAN_POINT ( 'NONE',  ( -3.200000000000000178, 0.1446467872876731897, 0.7724999999999999645 ) ) ;
#6382 = VERTEX_POINT ( 'NONE', #3685 ) ;
#6383 = CARTESIAN_POINT ( 'NONE',  ( -2.708356294148904997, 0.4705026390080009890, -0.1224999999999999978 ) ) ;
#6384 = DIRECTION ( 'NONE',  ( 0.000000000000000000, 0.000000000000000000, 1.000000000000000000 ) ) ;
#6385 = DIRECTION ( 'NONE',  ( 0.000000000000000000, 0.000000000000000000, -1.000000000000000000 ) ) ;
#6386 = FACE_OUTER_BOUND ( 'NONE', #6716, .T. ) ;
#6387 = DIRECTION ( 'NONE',  ( 0.000000000000000000, -1.000000000000000000, 0.000000000000000000 ) ) ;
#6388 = ORIENTED_EDGE ( 'NONE', *, *, #4461, .T. ) ;
#6389 = EDGE_CURVE ( 'NONE', #128, #4746, #6146, .T. ) ;
#6390 = EDGE_CURVE ( 'NONE', #6948, #2128, #3796, .T. ) ;
#6391 = VERTEX_POINT ( 'NONE', #5007 ) ;
#6392 = CARTESIAN_POINT ( 'NONE',  ( 2.200000000000000178, 0.6975000000000000089, 2.399999999999999911 ) ) ;
#6393 = CARTESIAN_POINT ( 'NONE',  ( -2.851362942456834748, 0.02367179002526179771, -2.072500000000000231 ) ) ;
#6394 = ORIENTED_EDGE ( 'NONE', *, *, #4548, .T. ) ;
#6395 = MANIFOLD_SOLID_BREP ( 'NONE', #5822 ) ;
#6396 = EDGE_CURVE ( 'NONE', #5733, #2171, #4935, .T. ) ;
#6397 = LINE ( 'NONE', #5218, #3496 ) ;
#6398 = ORIENTED_EDGE ( 'NONE', *, *, #943, .T. ) ;
#6399 = ORIENTED_EDGE ( 'NONE', *, *, #4012, .T. ) ;
#6400 =( NAMED_UNIT ( * ) PLANE_ANGLE_UNIT ( ) SI_UNIT ( $, .RADIAN. ) );
#6401 = LINE ( 'NONE', #2934, #5322 ) ;
#6402 = ADVANCED_FACE ( 'NONE', ( #2538 ), #878, .T. ) ;
#6403 = ORIENTED_EDGE ( 'NONE', *, *, #6042, .T. ) ;
#6404 = DIRECTION ( 'NONE',  ( 0.000000000000000000, 0.000000000000000000, -1.000000000000000000 ) ) ;
#6405 = CYLINDRICAL_SURFACE ( 'NONE', #4424, 0.1296982034251575044 ) ;
#6406 = FACE_OUTER_BOUND ( 'NONE', #1567, .T. ) ;
#6407 = ORIENTED_EDGE ( 'NONE', *, *, #2998, .T. ) ;
#6408 = AXIS2_PLACEMENT_3D ( 'NONE', #619, #6931, #2445 ) ;
#6409 = ORIENTED_EDGE ( 'NONE', *, *, #536, .F. ) ;
#6410 = ORIENTED_EDGE ( 'NONE', *, *, #2476, .T. ) ;
#6411 = DIRECTION ( 'NONE',  ( 0.000000000000000000, 0.000000000000000000, -1.000000000000000000 ) ) ;
#6412 = CARTESIAN_POINT ( 'NONE',  ( 3.189885311307104843, 9.629649721936179265E-32, 0.1224999999999999978 ) ) ;
#6413 = ORIENTED_EDGE ( 'NONE', *, *, #1273, .T. ) ;
#6414 = DIRECTION ( 'NONE',  ( -1.000000000000000000, 2.279350608210075138E-15, 0.000000000000000000 ) ) ;
#6415 = DIRECTION ( 'NONE',  ( 0.000000000000000000, 0.000000000000000000, -1.000000000000000000 ) ) ;
#6416 = LINE ( 'NONE', #1159, #5332 ) ;
#6417 = DIRECTION ( 'NONE',  ( 0.000000000000000000, 0.000000000000000000, -1.000000000000000000 ) ) ;
#6418 =( BOUNDED_CURVE ( )  B_SPLINE_CURVE ( 3, ( #4556, #7290, #4011, #5559 ),
 .UNSPECIFIED., .F., .T. ) 
 B_SPLINE_CURVE_WITH_KNOTS ( ( 4, 4 ),
 ( 5.512866274278599654, 7.053504340080549717 ),
 .UNSPECIFIED. ) 
 CURVE ( )  GEOMETRIC_REPRESENTATION_ITEM ( )  RATIONAL_B_SPLINE_CURVE ( ( 1.000000000000000000, 0.8117923620232480042, 0.8117923620232480042, 1.000000000000000000 ) ) 
 REPRESENTATION_ITEM ( '' )  );
#6419 = ORIENTED_EDGE ( 'NONE', *, *, #5800, .F. ) ;
#6420 = ADVANCED_FACE ( 'NONE', ( #4867 ), #2677, .T. ) ;
#6421 = EDGE_LOOP ( 'NONE', ( #1729, #6791, #3138, #4046 ) ) ;
#6422 = PRESENTATION_STYLE_ASSIGNMENT (( #4145 ) ) ;
#6423 = CARTESIAN_POINT ( 'NONE',  ( -2.851362942456834748, 0.02367179002526179771, 1.422499999999999876 ) ) ;
#6424 = PLANE ( 'NONE',  #1833 ) ;
#6425 = CARTESIAN_POINT ( 'NONE',  ( -3.189885311307104843, 9.629649721936179265E-32, -2.072500000000000231 ) ) ;
#6426 = LINE ( 'NONE', #3997, #6674 ) ;
#6427 = VERTEX_POINT ( 'NONE', #3147 ) ;
#6428 = UNCERTAINTY_MEASURE_WITH_UNIT (LENGTH_MEASURE( 1.000000000000000082E-05 ), #4502, 'distance_accuracy_value', 'NONE');
#6429 = EDGE_CURVE ( 'NONE', #3387, #3236, #5467, .T. ) ;
#6430 = ORIENTED_EDGE ( 'NONE', *, *, #4279, .F. ) ;
#6431 = LINE ( 'NONE', #4119, #3430 ) ;
#6432 = DIRECTION ( 'NONE',  ( -1.000000000000000000, 0.000000000000000000, 0.000000000000000000 ) ) ;
#6433 = EDGE_CURVE ( 'NONE', #7366, #695, #4331, .T. ) ;
#6434 = CARTESIAN_POINT ( 'NONE',  ( 3.200000000000000178, 0.1446467872876731897, -2.072500000000000231 ) ) ;
#6435 = AXIS2_PLACEMENT_3D ( 'NONE', #6101, #1428, #6607 ) ;
#6436 = ORIENTED_EDGE ( 'NONE', *, *, #4237, .T. ) ;
#6437 = SURFACE_STYLE_FILL_AREA ( #5862 ) ;
#6438 = ADVANCED_FACE ( 'NONE', ( #2611 ), #2030, .F. ) ;
#6439 = CARTESIAN_POINT ( 'NONE',  ( 2.200000000000000178, 0.5524999999999999911, -2.399999999999999911 ) ) ;
#6440 = VECTOR ( 'NONE', #3331, 1000.000000000000114 ) ;
#6441 = CYLINDRICAL_SURFACE ( 'NONE', #3077, 0.2746982034251567728 ) ;
#6442 = DIRECTION ( 'NONE',  ( -1.000000000000000000, 0.000000000000000000, 0.000000000000000000 ) ) ;
#6443 = AXIS2_PLACEMENT_3D ( 'NONE', #6107, #4462, #5540 ) ;
#6444 = AXIS2_PLACEMENT_3D ( 'NONE', #2913, #6417, #2381 ) ;
#6445 = EDGE_CURVE ( 'NONE', #4332, #5568, #1549, .T. ) ;
#6446 = EDGE_LOOP ( 'NONE', ( #1345, #5034, #3622, #4723 ) ) ;
#6447 = ORIENTED_EDGE ( 'NONE', *, *, #4733, .T. ) ;
#6448 = CARTESIAN_POINT ( 'NONE',  ( -2.870524920471619890, 0.2977008424331585301, 1.827499999999999902 ) ) ;
#6449 = DIRECTION ( 'NONE',  ( -1.971276677246383105E-16, 0.000000000000000000, -1.000000000000000000 ) ) ;
#6450 = EDGE_LOOP ( 'NONE', ( #2864, #5855, #1721, #2849 ) ) ;
#6451 = LINE ( 'NONE', #3560, #5265 ) ;
#6452 = PRESENTATION_STYLE_ASSIGNMENT (( #4030 ) ) ;
#6453 = AXIS2_PLACEMENT_3D ( 'NONE', #6661, #3825, #6089 ) ;
#6454 = ORIENTED_EDGE ( 'NONE', *, *, #5078, .F. ) ;
#6455 = FACE_OUTER_BOUND ( 'NONE', #7403, .T. ) ;
#6456 = DIRECTION ( 'NONE',  ( 0.9975640502598246417, 0.06975647374411987622, 0.000000000000000000 ) ) ;
#6457 = ORIENTED_EDGE ( 'NONE', *, *, #7346, .F. ) ;
#6458 = ORIENTED_EDGE ( 'NONE', *, *, #5282, .F. ) ;
#6459 = DIRECTION ( 'NONE',  ( 0.000000000000000000, 1.000000000000000000, 0.000000000000000000 ) ) ;
#6460 = LINE ( 'NONE', #4191, #846 ) ;
#6461 = DIRECTION ( 'NONE',  ( 0.000000000000000000, 0.000000000000000000, -1.000000000000000000 ) ) ;
#6462 = VECTOR ( 'NONE', #7095, 1000.000000000000114 ) ;
#6463 = AXIS2_PLACEMENT_3D ( 'NONE', #2422, #7168, #4837 ) ;
#6464 =( LENGTH_UNIT ( ) NAMED_UNIT ( * ) SI_UNIT ( .MILLI., .METRE. ) );
#6465 = DIRECTION ( 'NONE',  ( -1.000000000000000000, 0.000000000000000000, 0.000000000000000000 ) ) ;
#6466 = CYLINDRICAL_SURFACE ( 'NONE', #511, 0.2746982034251559401 ) ;
#6467 = CARTESIAN_POINT ( 'NONE',  ( 2.200000000000000178, 0.5524999999999999911, 0.1224999999999999978 ) ) ;
#6468 = EDGE_LOOP ( 'NONE', ( #2407, #912, #6861, #1417 ) ) ;
#6469 = EDGE_CURVE ( 'NONE', #3449, #2810, #2753, .T. ) ;
#6470 = CARTESIAN_POINT ( 'NONE',  ( 2.870524920471619890, 0.2977008424331585301, -0.7724999999999999645 ) ) ;
#6471 = CIRCLE ( 'NONE', #5735, 0.2746982034251567728 ) ;
#6472 = AXIS2_PLACEMENT_3D ( 'NONE', #5335, #2549, #7174 ) ;
#6473 = ORIENTED_EDGE ( 'NONE', *, *, #3451, .T. ) ;
#6474 = ORIENTED_EDGE ( 'NONE', *, *, #7138, .F. ) ;
#6475 = VECTOR ( 'NONE', #601, 1000.000000000000114 ) ;
#6476 = VECTOR ( 'NONE', #2823, 1000.000000000000000 ) ;
#6477 = SURFACE_SIDE_STYLE ('',( #4163 ) ) ;
#6478 = VECTOR ( 'NONE', #5616, 1000.000000000000000 ) ;
#6479 = CARTESIAN_POINT ( 'NONE',  ( -2.200000000000000178, 0.5524999999999999911, 0.1224999999999999978 ) ) ;
#6480 = AXIS2_PLACEMENT_3D ( 'NONE', #2209, #1491, #5558 ) ;
#6481 = ORIENTED_EDGE ( 'NONE', *, *, #1827, .T. ) ;
#6482 = DIRECTION ( 'NONE',  ( 0.000000000000000000, 0.000000000000000000, 1.000000000000000000 ) ) ;
#6483 = CARTESIAN_POINT ( 'NONE',  ( -2.200000000000000178, 0.6975000000000000089, 0.1224999999999999978 ) ) ;
#6484 = EDGE_CURVE ( 'NONE', #3633, #3554, #5606, .T. ) ;
#6485 = ADVANCED_FACE ( 'NONE', ( #6756 ), #5159, .T. ) ;
#6486 = VECTOR ( 'NONE', #2038, 1000.000000000000000 ) ;
#6487 = EDGE_LOOP ( 'NONE', ( #5953, #5200, #767, #4329 ) ) ;
#6488 = VERTEX_POINT ( 'NONE', #1031 ) ;
#6489 = DIRECTION ( 'NONE',  ( 0.000000000000000000, 0.000000000000000000, -1.000000000000000000 ) ) ;
#6490 = CARTESIAN_POINT ( 'NONE',  ( 2.851362942456834748, 0.02367179002526179771, 1.422499999999999876 ) ) ;
#6491 = ORIENTED_EDGE ( 'NONE', *, *, #2483, .T. ) ;
#6492 = DIRECTION ( 'NONE',  ( 0.06975647374411828028, -0.9975640502598247528, 0.000000000000000000 ) ) ;
#6493 = DIRECTION ( 'NONE',  ( 0.000000000000000000, 0.000000000000000000, -1.000000000000000000 ) ) ;
#6494 = VERTEX_POINT ( 'NONE', #464 ) ;
#6495 = CARTESIAN_POINT ( 'NONE',  ( 2.199988631206595269, 0.6975644756313409411, -2.401507855905375077 ) ) ;
#6496 = ORIENTED_EDGE ( 'NONE', *, *, #6233, .F. ) ;
#6497 = DIRECTION ( 'NONE',  ( 0.9975640502598246417, 0.06975647374411987622, 0.000000000000000000 ) ) ;
#6498 = CIRCLE ( 'NONE', #6846, 0.09999999999999982514 ) ;
#6499 = SURFACE_SIDE_STYLE ('',( #739 ) ) ;
#6500 = AXIS2_PLACEMENT_3D ( 'NONE', #2449, #4790, #7084 ) ;
#6501 = CARTESIAN_POINT ( 'NONE',  ( -2.708356294148904997, 0.4705026390080009890, -0.5274999999999999689 ) ) ;
#6502 = CARTESIAN_POINT ( 'NONE',  ( -2.437831373677284752, 0.6975000000000000089, 0.7724999999999999645 ) ) ;
#6503 = SURFACE_STYLE_USAGE ( .BOTH. , #3727 ) ;
#6504 = ADVANCED_FACE ( 'NONE', ( #5079 ), #2227, .F. ) ;
#6505 = DIRECTION ( 'NONE',  ( 0.000000000000000000, 0.000000000000000000, -1.000000000000000000 ) ) ;
#6506 = CIRCLE ( 'NONE', #886, 0.2746982034251559401 ) ;
#6507 = CARTESIAN_POINT ( 'NONE',  ( 2.200000000000000178, 0.6975000000000000089, -2.072500000000000231 ) ) ;
#6508 = CYLINDRICAL_SURFACE ( 'NONE', #6836, 0.1296982034251579208 ) ;
#6509 = CARTESIAN_POINT ( 'NONE',  ( -2.851362942456834748, 0.02367179002526179771, -1.827499999999999902 ) ) ;
#6510 =( BOUNDED_CURVE ( )  B_SPLINE_CURVE ( 3, ( #2879, #2311, #4650, #6943 ),
 .UNSPECIFIED., .F., .T. ) 
 B_SPLINE_CURVE_WITH_KNOTS ( ( 4, 4 ),
 ( 5.512866274278620082, 7.053504340080559487 ),
 .UNSPECIFIED. ) 
 CURVE ( )  GEOMETRIC_REPRESENTATION_ITEM ( )  RATIONAL_B_SPLINE_CURVE ( ( 1.000000000000000000, 0.8117923620232500026, 0.8117923620232500026, 1.000000000000000000 ) ) 
 REPRESENTATION_ITEM ( '' )  );
#6511 = CARTESIAN_POINT ( 'NONE',  ( 2.100000000000000089, 0.6975000000000000089, -2.399999999999999911 ) ) ;
#6512 = DIRECTION ( 'NONE',  ( 1.000000000000000000, 0.000000000000000000, 0.000000000000000000 ) ) ;
#6513 = ORIENTED_EDGE ( 'NONE', *, *, #2148, .F. ) ;
#6514 = EDGE_CURVE ( 'NONE', #5188, #1879, #6893, .T. ) ;
#6515 = LINE ( 'NONE', #2011, #1007 ) ;
#6516 = FACE_OUTER_BOUND ( 'NONE', #5670, .T. ) ;
#6517 = ADVANCED_FACE ( 'NONE', ( #4457 ), #432, .F. ) ;
#6518 = CARTESIAN_POINT ( 'NONE',  ( 2.200000000000000178, 0.5524999999999999911, 0.7724999999999999645 ) ) ;
#6519 = CARTESIAN_POINT ( 'NONE',  ( 2.870524920471619890, 0.2977008424331585301, -1.177499999999999991 ) ) ;
#6520 = ORIENTED_EDGE ( 'NONE', *, *, #3025, .T. ) ;
#6521 = VERTEX_POINT ( 'NONE', #3442 ) ;
#6522 = FACE_OUTER_BOUND ( 'NONE', #1696, .T. ) ;
#6523 = DIRECTION ( 'NONE',  ( 0.1710878697460355147, -0.9702875252478139201, 0.1710878697460360143 ) ) ;
#6524 = VERTEX_POINT ( 'NONE', #3986 ) ;
#6525 = DIRECTION ( 'NONE',  ( -0.1710878697460359588, 0.9702875252478136980, 0.1710878697460359588 ) ) ;
#6526 = ADVANCED_FACE ( 'NONE', ( #4601 ), #7380, .F. ) ;
#6527 = ORIENTED_EDGE ( 'NONE', *, *, #7059, .F. ) ;
#6528 = CARTESIAN_POINT ( 'NONE',  ( 2.870524920471619890, 0.2977008424331585301, 1.177499999999999991 ) ) ;
#6529 = EDGE_LOOP ( 'NONE', ( #4988, #1546, #2130, #6067 ) ) ;
#6530 = CARTESIAN_POINT ( 'NONE',  ( 2.200000000000000178, 0.6975000000000000089, -2.399999999999999911 ) ) ;
#6531 = CARTESIAN_POINT ( 'NONE',  ( 2.600000000000000089, 0.2500000000000000000, 1.827499999999999902 ) ) ;
#6532 = CIRCLE ( 'NONE', #2749, 0.2500000000000000000 ) ;
#6533 = AXIS2_PLACEMENT_3D ( 'NONE', #1860, #5932, #3505 ) ;
#6534 = ORIENTED_EDGE ( 'NONE', *, *, #14, .T. ) ;
#6535 = ORIENTED_EDGE ( 'NONE', *, *, #2937, .F. ) ;
#6536 = ORIENTED_EDGE ( 'NONE', *, *, #4154, .T. ) ;
#6537 = EDGE_CURVE ( 'NONE', #4131, #906, #2716, .T. ) ;
#6538 = CARTESIAN_POINT ( 'NONE',  ( 2.851362942456834748, 0.02367179002526179771, 1.827499999999999902 ) ) ;
#6539 = ADVANCED_FACE ( 'NONE', ( #7461 ), #6219, .F. ) ;
#6540 = EDGE_CURVE ( 'NONE', #688, #1465, #5763, .T. ) ;
#6541 = LINE ( 'NONE', #7061, #3314 ) ;
#6542 = SURFACE_STYLE_FILL_AREA ( #3729 ) ;
#6543 = CARTESIAN_POINT ( 'NONE',  ( 3.189885311307104843, 9.629649721936179265E-32, -0.1224999999999999978 ) ) ;
#6544 = LINE ( 'NONE', #3768, #4391 ) ;
#6545 = CARTESIAN_POINT ( 'NONE',  ( 2.861477631149730083, 0.1683185773129355078, -0.5274999999999999689 ) ) ;
#6546 = VERTEX_POINT ( 'NONE', #3402 ) ;
#6547 = ORIENTED_EDGE ( 'NONE', *, *, #2045, .T. ) ;
#6548 = DIRECTION ( 'NONE',  ( 0.000000000000000000, 1.000000000000000000, 0.000000000000000000 ) ) ;
#6549 = PLANE ( 'NONE',  #5195 ) ;
#6550 = ORIENTED_EDGE ( 'NONE', *, *, #5693, .F. ) ;
#6551 = CARTESIAN_POINT ( 'NONE',  ( 3.189885311307104843, 9.629649721936179265E-32, 0.7724999999999999645 ) ) ;
#6552 = LINE ( 'NONE', #1265, #4296 ) ;
#6553 = VERTEX_POINT ( 'NONE', #6331 ) ;
#6554 = LINE ( 'NONE', #2596, #5989 ) ;
#6555 = CLOSED_SHELL ( 'NONE', ( #4, #6438, #7373, #2645, #6918, #6138, #896, #6975, #1785, #5370, #2643, #238, #1409, #5709 ) ) ;
#6556 = DIRECTION ( 'NONE',  ( 0.000000000000000000, 0.000000000000000000, -1.000000000000000000 ) ) ;
#6557 = LINE ( 'NONE', #1342, #2397 ) ;
#6558 = VERTEX_POINT ( 'NONE', #546 ) ;
#6559 = DIRECTION ( 'NONE',  ( 0.000000000000000000, 0.000000000000000000, -1.000000000000000000 ) ) ;
#6560 = ORIENTED_EDGE ( 'NONE', *, *, #326, .F. ) ;
#6561 = PLANE ( 'NONE',  #1009 ) ;
#6562 = AXIS2_PLACEMENT_3D ( 'NONE', #2424, #4301, #3150 ) ;
#6563 = VERTEX_POINT ( 'NONE', #993 ) ;
#6564 = CARTESIAN_POINT ( 'NONE',  ( -2.200000000000000178, 0.6975000000000000089, 2.399999999999999911 ) ) ;
#6565 = VERTEX_POINT ( 'NONE', #501 ) ;
#6566 = VECTOR ( 'NONE', #7379, 1000.000000000000000 ) ;
#6567 = CARTESIAN_POINT ( 'NONE',  ( -2.708356294148904997, 0.4705026390080009890, 0.1224999999999999978 ) ) ;
#6568 = EDGE_CURVE ( 'NONE', #116, #906, #4527, .T. ) ;
#6569 = EDGE_LOOP ( 'NONE', ( #3890, #6898, #6430, #6959 ) ) ;
#6570 = EDGE_CURVE ( 'NONE', #666, #5798, #2867, .T. ) ;
#6571 = VECTOR ( 'NONE', #2287, 1000.000000000000000 ) ;
#6572 = ORIENTED_EDGE ( 'NONE', *, *, #943, .F. ) ;
#6573 = LINE ( 'NONE', #5993, #6677 ) ;
#6574 = CARTESIAN_POINT ( 'NONE',  ( 2.600000000000000089, 0.2500000000000000000, 1.177499999999999991 ) ) ;
#6575 = AXIS2_PLACEMENT_3D ( 'NONE', #5882, #7501, #5808 ) ;
#6576 = CARTESIAN_POINT ( 'NONE',  ( 2.851362942456834748, 0.02367179002526179771, -1.827499999999999902 ) ) ;
#6577 = DIRECTION ( 'NONE',  ( 0.9848077530122076872, -0.1736481776669329680, 0.000000000000000000 ) ) ;
#6578 = CARTESIAN_POINT ( 'NONE',  ( -2.600000000000000089, 0.2500000000000000000, -1.827499999999999902 ) ) ;
#6579 = EDGE_CURVE ( 'NONE', #382, #1510, #2119, .T. ) ;
#6580 = EDGE_CURVE ( 'NONE', #4926, #2656, #6255, .T. ) ;
#6581 = CARTESIAN_POINT ( 'NONE',  ( -2.143599202448335017, 1.017364817766692076, 2.345118427147114826 ) ) ;
#6582 = PRESENTATION_STYLE_ASSIGNMENT (( #6008 ) ) ;
#6583 = CARTESIAN_POINT ( 'NONE',  ( -2.565559169962134956, 0.4453236532462965247, -1.422499999999999876 ) ) ;
#6584 = DIRECTION ( 'NONE',  ( -1.000000000000000000, 0.000000000000000000, 0.000000000000000000 ) ) ;
#6585 = CARTESIAN_POINT ( 'NONE',  ( 2.742797124186769686, 0.2751789857617050195, -1.177499999999999991 ) ) ;
#6586 = EDGE_CURVE ( 'NONE', #2096, #6086, #6367, .T. ) ;
#6587 = ORIENTED_EDGE ( 'NONE', *, *, #5121, .F. ) ;
#6588 = DIRECTION ( 'NONE',  ( -1.000000000000000000, 0.000000000000000000, 0.000000000000000000 ) ) ;
#6589 = VECTOR ( 'NONE', #5506, 1000.000000000000000 ) ;
#6590 = ORIENTED_EDGE ( 'NONE', *, *, #3777, .F. ) ;
#6591 = DIRECTION ( 'NONE',  ( 1.000000000000000000, 0.000000000000000000, 0.000000000000000000 ) ) ;
#6592 = ADVANCED_FACE ( 'NONE', ( #690 ), #4784, .T. ) ;
#6593 = AXIS2_PLACEMENT_3D ( 'NONE', #2969, #4615, #2359 ) ;
#6594 = ORIENTED_EDGE ( 'NONE', *, *, #613, .T. ) ;
#6595 = CARTESIAN_POINT ( 'NONE',  ( -2.199996210330392277, 0.5524785077156445512, 2.401005270604403385 ) ) ;
#6596 = VECTOR ( 'NONE', #4155, 1000.000000000000000 ) ;
#6597 = CARTESIAN_POINT ( 'NONE',  ( 2.104401861300145171, 0.6637869376834120150, -2.404401861300144994 ) ) ;
#6598 = VECTOR ( 'NONE', #4920, 1000.000000000000000 ) ;
#6599 = CARTESIAN_POINT ( 'NONE',  ( -2.200000000000000178, 0.5524999999999999911, 1.827499999999999902 ) ) ;
#6600 = VERTEX_POINT ( 'NONE', #4748 ) ;
#6601 = CARTESIAN_POINT ( 'NONE',  ( 2.851362942456834748, 0.02367179002526179771, 2.072500000000000231 ) ) ;
#6602 = ORIENTED_EDGE ( 'NONE', *, *, #3744, .T. ) ;
#6603 = DIRECTION ( 'NONE',  ( -0.1710878697460359588, -0.9702875252478136980, -0.1710878697460359588 ) ) ;
#6604 = AXIS2_PLACEMENT_3D ( 'NONE', #6628, #7114, #5485 ) ;
#6605 = FACE_OUTER_BOUND ( 'NONE', #5479, .T. ) ;
#6606 = EDGE_LOOP ( 'NONE', ( #4902, #1282, #4628, #5684 ) ) ;
#6607 = DIRECTION ( 'NONE',  ( 0.000000000000000000, -1.000000000000000000, 0.000000000000000000 ) ) ;
#6608 = CARTESIAN_POINT ( 'NONE',  ( -2.870524920471619890, 0.2977008424331585301, 0.7724999999999999645 ) ) ;
#6609 = EDGE_LOOP ( 'NONE', ( #232, #2686, #1984, #5969 ) ) ;
#6610 = EDGE_CURVE ( 'NONE', #6558, #6818, #5802, .T. ) ;
#6611 = FACE_OUTER_BOUND ( 'NONE', #7158, .T. ) ;
#6612 = EDGE_CURVE ( 'NONE', #4146, #3884, #2409, .T. ) ;
#6613 = CARTESIAN_POINT ( 'NONE',  ( 2.870524920471619890, 0.2977008424331585301, 1.177499999999999991 ) ) ;
#6614 = CYLINDRICAL_SURFACE ( 'NONE', #4269, 0.1296982034251575044 ) ;
#6615 = VECTOR ( 'NONE', #3282, 1000.000000000000114 ) ;
#6616 = DIRECTION ( 'NONE',  ( -0.9848077530122083534, -0.1736481776669290544, 0.000000000000000000 ) ) ;
#6617 = CARTESIAN_POINT ( 'NONE',  ( 2.851362942456834748, 0.02367179002526179771, -1.422499999999999876 ) ) ;
#6618 = DIRECTION ( 'NONE',  ( 0.1736481776669290544, 0.9848077530122083534, 0.000000000000000000 ) ) ;
#6619 = EDGE_CURVE ( 'NONE', #5562, #7218, #1770, .T. ) ;
#6620 = EDGE_CURVE ( 'NONE', #254, #5484, #6770, .T. ) ;
#6621 = DIRECTION ( 'NONE',  ( 0.000000000000000000, 0.000000000000000000, -1.000000000000000000 ) ) ;
#6622 = CIRCLE ( 'NONE', #3340, 0.09999999999999982514 ) ;
#6623 = ORIENTED_EDGE ( 'NONE', *, *, #292, .T. ) ;
#6624 = CARTESIAN_POINT ( 'NONE',  ( 2.861477631149734968, 0.1683185773129355078, 0.5274999999999999689 ) ) ;
#6625 = DIRECTION ( 'NONE',  ( 1.000000000000000000, 0.000000000000000000, 0.000000000000000000 ) ) ;
#6626 = CARTESIAN_POINT ( 'NONE',  ( 2.200000000000000178, 0.6975000000000000089, -0.5274999999999999689 ) ) ;
#6627 = EDGE_LOOP ( 'NONE', ( #6413, #6536 ) ) ;
#6628 = CARTESIAN_POINT ( 'NONE',  ( -2.437831373677284752, 0.4228017965748430140, -1.422499999999999876 ) ) ;
#6629 = EDGE_LOOP ( 'NONE', ( #4679, #2743, #6686, #5000 ) ) ;
#6630 = EDGE_CURVE ( 'NONE', #373, #4058, #2758, .T. ) ;
#6631 = CARTESIAN_POINT ( 'NONE',  ( -2.742797124186769686, 0.2751789857617045199, 0.1224999999999999978 ) ) ;
#6632 = CARTESIAN_POINT ( 'NONE',  ( -2.851362942456834748, 0.02367179002526179771, 0.1224999999999999978 ) ) ;
#6633 = ORIENTED_EDGE ( 'NONE', *, *, #2433, .T. ) ;
#6634 = CARTESIAN_POINT ( 'NONE',  ( -3.200000000000000178, 0.1446467872876731897, 0.1224999999999999978 ) ) ;
#6635 = ORIENTED_EDGE ( 'NONE', *, *, #6242, .F. ) ;
#6636 = CARTESIAN_POINT ( 'NONE',  ( -2.200000000000000178, 0.5524999999999999911, -1.177499999999999991 ) ) ;
#6637 = ORIENTED_EDGE ( 'NONE', *, *, #1831, .F. ) ;
#6638 = LINE ( 'NONE', #1422, #838 ) ;
#6639 = VERTEX_POINT ( 'NONE', #6412 ) ;
#6640 = CARTESIAN_POINT ( 'NONE',  ( 2.565559169962134956, 0.4453236532462965247, 0.1224999999999999978 ) ) ;
#6641 = ORIENTED_EDGE ( 'NONE', *, *, #1191, .T. ) ;
#6642 = CARTESIAN_POINT ( 'NONE',  ( 3.189885311307104843, 9.629649721936179265E-32, -0.5274999999999999689 ) ) ;
#6643 = DIRECTION ( 'NONE',  ( 0.000000000000000000, 0.000000000000000000, 1.000000000000000000 ) ) ;
#6644 = AXIS2_PLACEMENT_3D ( 'NONE', #2663, #2777, #6745 ) ;
#6645 = VERTEX_POINT ( 'NONE', #2337 ) ;
#6646 = CIRCLE ( 'NONE', #810, 0.1296982034251575044 ) ;
#6647 = AXIS2_PLACEMENT_3D ( 'NONE', #3201, #6163, #2014 ) ;
#6648 = CARTESIAN_POINT ( 'NONE',  ( -2.437831373677284752, 0.4228017965748430140, -1.177499999999999991 ) ) ;
#6649 = FACE_OUTER_BOUND ( 'NONE', #5004, .T. ) ;
#6650 = CARTESIAN_POINT ( 'NONE',  ( 2.437831373677284752, 0.6975000000000000089, -0.7724999999999999645 ) ) ;
#6651 = VECTOR ( 'NONE', #7210, 1000.000000000000000 ) ;
#6652 = EDGE_LOOP ( 'NONE', ( #5459, #2704, #2829, #5629 ) ) ;
#6653 = EDGE_CURVE ( 'NONE', #6371, #4561, #130, .T. ) ;
#6654 = PLANE ( 'NONE',  #3801 ) ;
#6655 = CARTESIAN_POINT ( 'NONE',  ( 2.870524920471619890, 0.2977008424331585301, 2.072500000000000231 ) ) ;
#6656 = CARTESIAN_POINT ( 'NONE',  ( -2.200000000000000178, 0.5524999999999999911, -2.072500000000000231 ) ) ;
#6657 = AXIS2_PLACEMENT_3D ( 'NONE', #7256, #6213, #5532 ) ;
#6658 = ORIENTED_EDGE ( 'NONE', *, *, #5457, .T. ) ;
#6659 = ADVANCED_FACE ( 'NONE', ( #1271 ), #4062, .T. ) ;
#6660 = FACE_OUTER_BOUND ( 'NONE', #3980, .T. ) ;
#6661 = CARTESIAN_POINT ( 'NONE',  ( 2.870524920471619890, 0.2977008424331585301, 2.072500000000000231 ) ) ;
#6662 = CARTESIAN_POINT ( 'NONE',  ( -2.708356294148904997, 0.4705026390080009890, -2.072500000000000231 ) ) ;
#6663 = ORIENTED_EDGE ( 'NONE', *, *, #975, .F. ) ;
#6664 = LINE ( 'NONE', #3750, #6615 ) ;
#6665 = ORIENTED_EDGE ( 'NONE', *, *, #3338, .F. ) ;
#6666 = CARTESIAN_POINT ( 'NONE',  ( 2.600000000000000089, 0.2500000000000000000, 1.422499999999999876 ) ) ;
#6667 = FACE_OUTER_BOUND ( 'NONE', #3742, .T. ) ;
#6668 = AXIS2_PLACEMENT_3D ( 'NONE', #2537, #6714, #5395 ) ;
#6669 = ORIENTED_EDGE ( 'NONE', *, *, #918, .F. ) ;
#6670 = ORIENTED_EDGE ( 'NONE', *, *, #4858, .T. ) ;
#6671 = CARTESIAN_POINT ( 'NONE',  ( -3.200000000000000178, 0.1446467872876731897, -1.177499999999999991 ) ) ;
#6672 = SURFACE_STYLE_USAGE ( .BOTH. , #5994 ) ;
#6673 = EDGE_LOOP ( 'NONE', ( #3206, #2349, #3829, #3148 ) ) ;
#6674 = VECTOR ( 'NONE', #2243, 1000.000000000000000 ) ;
#6675 = LINE ( 'NONE', #6033, #6825 ) ;
#6676 = FACE_OUTER_BOUND ( 'NONE', #7295, .T. ) ;
#6677 = VECTOR ( 'NONE', #6031, 1000.000000000000000 ) ;
#6678 = DIRECTION ( 'NONE',  ( 0.000000000000000000, 0.000000000000000000, -1.000000000000000000 ) ) ;
#6679 = AXIS2_PLACEMENT_3D ( 'NONE', #1096, #4557, #493 ) ;
#6680 = VERTEX_POINT ( 'NONE', #5909 ) ;
#6681 = LINE ( 'NONE', #5053, #2109 ) ;
#6682 = CARTESIAN_POINT ( 'NONE',  ( -2.202882636601364741, 0.5688482445498960205, 2.404401861300144994 ) ) ;
#6683 = FACE_OUTER_BOUND ( 'NONE', #986, .T. ) ;
#6684 = DIRECTION ( 'NONE',  ( 0.9848077530122076872, -0.1736481776669329680, 0.000000000000000000 ) ) ;
#6685 = CARTESIAN_POINT ( 'NONE',  ( -3.200000000000000178, 0.1446467872876731897, -2.072500000000000231 ) ) ;
#6686 = ORIENTED_EDGE ( 'NONE', *, *, #3215, .F. ) ;
#6687 = PLANE ( 'NONE',  #500 ) ;
#6688 = CYLINDRICAL_SURFACE ( 'NONE', #863, 0.1296982034251575044 ) ;
#6689 = ORIENTED_EDGE ( 'NONE', *, *, #6396, .F. ) ;
#6690 = ORIENTED_EDGE ( 'NONE', *, *, #3650, .F. ) ;
#6691 = EDGE_CURVE ( 'NONE', #1427, #3884, #5664, .T. ) ;
#6692 = ADVANCED_FACE ( 'NONE', ( #5943 ), #730, .F. ) ;
#6693 = VECTOR ( 'NONE', #7134, 1000.000000000000000 ) ;
#6694 = EDGE_CURVE ( 'NONE', #6191, #6172, #1553, .T. ) ;
#6695 = LINE ( 'NONE', #4317, #991 ) ;
#6696 = AXIS2_PLACEMENT_3D ( 'NONE', #224, #4802, #143 ) ;
#6697 = VERTEX_POINT ( 'NONE', #6373 ) ;
#6698 = ORIENTED_EDGE ( 'NONE', *, *, #3928, .T. ) ;
#6699 = DIRECTION ( 'NONE',  ( 0.000000000000000000, 0.000000000000000000, -1.000000000000000000 ) ) ;
#6700 = CARTESIAN_POINT ( 'NONE',  ( 2.200000000000000178, 0.5524999999999999911, 1.422499999999999876 ) ) ;
#6701 = AXIS2_PLACEMENT_3D ( 'NONE', #5142, #3420, #6271 ) ;
#6702 = ORIENTED_EDGE ( 'NONE', *, *, #5412, .F. ) ;
#6703 = DIRECTION ( 'NONE',  ( 0.000000000000000000, 0.000000000000000000, -1.000000000000000000 ) ) ;
#6704 = EDGE_CURVE ( 'NONE', #1616, #5061, #1153, .T. ) ;
#6705 = EDGE_CURVE ( 'NONE', #3109, #7402, #3482, .T. ) ;
#6706 = ORIENTED_EDGE ( 'NONE', *, *, #5084, .F. ) ;
#6707 = CARTESIAN_POINT ( 'NONE',  ( -2.565559169962134956, 0.4453236532462965247, -2.072500000000000231 ) ) ;
#6708 = ORIENTED_EDGE ( 'NONE', *, *, #2563, .F. ) ;
#6709 = VECTOR ( 'NONE', #659, 1000.000000000000000 ) ;
#6710 = LINE ( 'NONE', #3833, #482 ) ;
#6711 = ORIENTED_EDGE ( 'NONE', *, *, #3187, .F. ) ;
#6712 = AXIS2_PLACEMENT_3D ( 'NONE', #1756, #6911, #3966 ) ;
#6713 = CIRCLE ( 'NONE', #272, 0.2500000000000000000 ) ;
#6714 = DIRECTION ( 'NONE',  ( 0.000000000000000000, 0.000000000000000000, -1.000000000000000000 ) ) ;
#6715 = CARTESIAN_POINT ( 'NONE',  ( -2.200000000000000178, 0.6975000000000000089, 1.422499999999999876 ) ) ;
#6716 = EDGE_LOOP ( 'NONE', ( #6130, #3290, #2108, #873 ) ) ;
#6717 = APPLICATION_PROTOCOL_DEFINITION ( 'draft international standard', 'automotive_design', 1998, #7509 ) ;
#6718 = AXIS2_PLACEMENT_3D ( 'NONE', #4192, #7054, #1927 ) ;
#6719 = CARTESIAN_POINT ( 'NONE',  ( 2.045118427147115003, 0.2500000000000000000, -2.345118427147114826 ) ) ;
#6720 = FILL_AREA_STYLE ('',( #4414 ) ) ;
#6721 = CIRCLE ( 'NONE', #7310, 0.2746982034251567728 ) ;
#6722 = VECTOR ( 'NONE', #7159, 1000.000000000000000 ) ;
#6723 = VECTOR ( 'NONE', #2003, 1000.000000000000114 ) ;
#6724 = ORIENTED_EDGE ( 'NONE', *, *, #1675, .F. ) ;
#6725 = COLOUR_RGB ( '',0.7921568627450980005, 0.8196078431372548767, 0.9333333333333333481 ) ;
#6726 = CARTESIAN_POINT ( 'NONE',  ( -1.486702623836771986, 1.000000000000000000, -1.838720136967914920 ) ) ;
#6727 = CARTESIAN_POINT ( 'NONE',  ( 2.742797124186769686, 0.2751789857617050195, -1.177499999999999991 ) ) ;
#6728 = EDGE_CURVE ( 'NONE', #5115, #728, #5838, .T. ) ;
#6729 = DIRECTION ( 'NONE',  ( -0.9975640502598246417, 0.06975647374411907131, 0.000000000000000000 ) ) ;
#6730 = PLANE ( 'NONE',  #4159 ) ;
#6731 = DIRECTION ( 'NONE',  ( 0.1736481776669290544, -0.9848077530122083534, 0.000000000000000000 ) ) ;
#6732 = ORIENTED_EDGE ( 'NONE', *, *, #1139, .F. ) ;
#6733 = DIRECTION ( 'NONE',  ( -1.000000000000000000, 0.000000000000000000, 0.000000000000000000 ) ) ;
#6734 = STYLED_ITEM ( 'NONE', ( #118 ), #1349 ) ;
#6735 = VECTOR ( 'NONE', #4901, 1000.000000000000000 ) ;
#6736 = ORIENTED_EDGE ( 'NONE', *, *, #1362, .T. ) ;
#6737 = DIRECTION ( 'NONE',  ( 1.000000000000000000, 0.000000000000000000, 0.000000000000000000 ) ) ;
#6738 = DIRECTION ( 'NONE',  ( 1.000000000000000000, 0.000000000000000000, 0.000000000000000000 ) ) ;
#6739 = ORIENTED_EDGE ( 'NONE', *, *, #536, .T. ) ;
#6740 = ORIENTED_EDGE ( 'NONE', *, *, #3574, .T. ) ;
#6741 = VECTOR ( 'NONE', #5912, 1000.000000000000000 ) ;
#6742 = DIRECTION ( 'NONE',  ( 1.000000000000000000, 0.000000000000000000, 0.000000000000000000 ) ) ;
#6743 = DIRECTION ( 'NONE',  ( 0.9975640502598247528, -0.06975647374411807211, 0.000000000000000000 ) ) ;
#6744 = ORIENTED_EDGE ( 'NONE', *, *, #49, .T. ) ;
#6745 = DIRECTION ( 'NONE',  ( 1.000000000000000000, 0.000000000000000000, 0.000000000000000000 ) ) ;
#6746 = DIRECTION ( 'NONE',  ( -0.9975640502598246417, 0.06975647374411907131, 0.000000000000000000 ) ) ;
#6747 = ORIENTED_EDGE ( 'NONE', *, *, #6072, .F. ) ;
#6748 = LINE ( 'NONE', #867, #2121 ) ;
#6749 = VERTEX_POINT ( 'NONE', #1804 ) ;
#6750 = CARTESIAN_POINT ( 'NONE',  ( 2.600000000000000089, 0.2500000000000000000, -0.7724999999999999645 ) ) ;
#6751 = VERTEX_POINT ( 'NONE', #4137 ) ;
#6752 = DIRECTION ( 'NONE',  ( 0.000000000000000000, 0.000000000000000000, -1.000000000000000000 ) ) ;
#6753 = ORIENTED_EDGE ( 'NONE', *, *, #6705, .F. ) ;
#6754 = CYLINDRICAL_SURFACE ( 'NONE', #6916, 0.09999999999999982514 ) ;
#6755 = EDGE_CURVE ( 'NONE', #198, #6086, #83, .T. ) ;
#6756 = FACE_OUTER_BOUND ( 'NONE', #2717, .T. ) ;
#6757 = VERTEX_POINT ( 'NONE', #656 ) ;
#6758 = VERTEX_POINT ( 'NONE', #7250 ) ;
#6759 = CYLINDRICAL_SURFACE ( 'NONE', #1242, 0.1296982034251575044 ) ;
#6760 = CARTESIAN_POINT ( 'NONE',  ( -2.870524920471619890, 0.2977008424331585301, 1.422499999999999876 ) ) ;
#6761 = ADVANCED_FACE ( 'NONE', ( #6088 ), #2522, .F. ) ;
#6762 = LINE ( 'NONE', #5512, #2968 ) ;
#6763 = CARTESIAN_POINT ( 'NONE',  ( 2.200000000000000178, 0.6975000000000000089, 0.7724999999999999645 ) ) ;
#6764 = DIRECTION ( 'NONE',  ( 0.000000000000000000, 0.000000000000000000, 1.000000000000000000 ) ) ;
#6765 = VECTOR ( 'NONE', #6187, 1000.000000000000000 ) ;
#6766 = CARTESIAN_POINT ( 'NONE',  ( 3.200000000000000178, 0.1446467872876731897, 0.1224999999999999978 ) ) ;
#6767 = DIRECTION ( 'NONE',  ( -0.9848077530122081313, -0.1736481776669305255, 8.541845642371229644E-17 ) ) ;
#6768 = ORIENTED_EDGE ( 'NONE', *, *, #4012, .F. ) ;
#6769 = EDGE_CURVE ( 'NONE', #7021, #2142, #4955, .T. ) ;
#6770 = CIRCLE ( 'NONE', #4350, 0.2746982034251567728 ) ;
#6771 = CIRCLE ( 'NONE', #219, 0.2746982034251559401 ) ;
#6772 = DIRECTION ( 'NONE',  ( -2.279350608210070011E-15, -1.000000000000000000, 0.000000000000000000 ) ) ;
#6773 = DIRECTION ( 'NONE',  ( 0.9975640502598247528, 0.06975647374411807211, 0.000000000000000000 ) ) ;
#6774 = ORIENTED_EDGE ( 'NONE', *, *, #7483, .F. ) ;
#6775 = ORIENTED_EDGE ( 'NONE', *, *, #4810, .T. ) ;
#6776 = CARTESIAN_POINT ( 'NONE',  ( 2.870524920471619890, 0.2977008424331585301, 1.827499999999999902 ) ) ;
#6777 = CARTESIAN_POINT ( 'NONE',  ( 2.851362942456834748, 0.02367179002526179771, -1.827499999999999902 ) ) ;
#6778 = ORIENTED_EDGE ( 'NONE', *, *, #4677, .T. ) ;
#6779 = CARTESIAN_POINT ( 'NONE',  ( 2.045118427147115003, 0.2500000000000000000, 2.345118427147114826 ) ) ;
#6780 = DIRECTION ( 'NONE',  ( 0.9975640502598247528, 0.06975647374411807211, 0.000000000000000000 ) ) ;
#6781 = ORIENTED_EDGE ( 'NONE', *, *, #3410, .T. ) ;
#6782 = CARTESIAN_POINT ( 'NONE',  ( -2.045118427147115003, 1.000000000000000000, -2.345118427147114826 ) ) ;
#6783 = ORIENTED_EDGE ( 'NONE', *, *, #2485, .F. ) ;
#6784 = CARTESIAN_POINT ( 'NONE',  ( -2.200000000000000178, 0.6975000000000000089, 0.7724999999999999645 ) ) ;
#6785 = ORIENTED_EDGE ( 'NONE', *, *, #2512, .T. ) ;
#6786 = CARTESIAN_POINT ( 'NONE',  ( 2.437831373677284752, 0.4228017965748430140, 0.7724999999999999645 ) ) ;
#6787 = ORIENTED_EDGE ( 'NONE', *, *, #932, .F. ) ;
#6788 = ORIENTED_EDGE ( 'NONE', *, *, #7059, .T. ) ;
#6789 = CARTESIAN_POINT ( 'NONE',  ( -2.437831373677284752, 0.6975000000000000089, -1.827499999999999902 ) ) ;
#6790 = CARTESIAN_POINT ( 'NONE',  ( 2.200000000000000178, 0.5524999999999999911, 1.827499999999999902 ) ) ;
#6791 = ORIENTED_EDGE ( 'NONE', *, *, #3084, .F. ) ;
#6792 = DIRECTION ( 'NONE',  ( 0.000000000000000000, 0.000000000000000000, 1.000000000000000000 ) ) ;
#6793 = ADVANCED_FACE ( 'NONE', ( #5526 ), #7152, .F. ) ;
#6794 = DIRECTION ( 'NONE',  ( -1.000000000000000000, 0.000000000000000000, 0.000000000000000000 ) ) ;
#6795 = EDGE_CURVE ( 'NONE', #6749, #4493, #2056, .T. ) ;
#6796 = EDGE_CURVE ( 'NONE', #1974, #1309, #3746, .T. ) ;
#6797 = CIRCLE ( 'NONE', #2778, 0.1296982034251575044 ) ;
#6798 = DIRECTION ( 'NONE',  ( 1.000000000000000000, -4.558701216420150868E-16, 0.000000000000000000 ) ) ;
#6799 = CIRCLE ( 'NONE', #4512, 0.1296982034251575044 ) ;
#6800 = PLANE ( 'NONE',  #319 ) ;
#6801 = DIRECTION ( 'NONE',  ( 0.06975647374411987622, 0.9975640502598246417, 0.000000000000000000 ) ) ;
#6802 = DIRECTION ( 'NONE',  ( 0.000000000000000000, 0.000000000000000000, -1.000000000000000000 ) ) ;
#6803 = ORIENTED_EDGE ( 'NONE', *, *, #5576, .F. ) ;
#6804 = VECTOR ( 'NONE', #673, 1000.000000000000000 ) ;
#6805 = EDGE_CURVE ( 'NONE', #4561, #4687, #4855, .T. ) ;
#6806 = ADVANCED_FACE ( 'NONE', ( #2018 ), #4357, .F. ) ;
#6807 = ORIENTED_EDGE ( 'NONE', *, *, #1071, .F. ) ;
#6808 = AXIS2_PLACEMENT_3D ( 'NONE', #6, #578, #7492 ) ;
#6809 = LINE ( 'NONE', #2253, #3132 ) ;
#6810 = DIRECTION ( 'NONE',  ( 0.000000000000000000, 1.000000000000000000, 0.000000000000000000 ) ) ;
#6811 = ORIENTED_EDGE ( 'NONE', *, *, #4415, .F. ) ;
#6812 = CARTESIAN_POINT ( 'NONE',  ( 2.861477631149734968, 0.1683185773129355078, 0.7724999999999999645 ) ) ;
#6813 = EDGE_CURVE ( 'NONE', #2486, #4093, #6557, .T. ) ;
#6814 = CARTESIAN_POINT ( 'NONE',  ( 3.200000000000000178, 0.1446467872876731897, 0.7724999999999999645 ) ) ;
#6815 = ORIENTED_EDGE ( 'NONE', *, *, #3701, .F. ) ;
#6816 = CARTESIAN_POINT ( 'NONE',  ( 2.870524920471619890, 0.2977008424331585301, 0.7724999999999999645 ) ) ;
#6817 = PLANE ( 'NONE',  #1489 ) ;
#6818 = VERTEX_POINT ( 'NONE', #1415 ) ;
#6819 = CARTESIAN_POINT ( 'NONE',  ( 2.200000000000000178, 0.5524999999999999911, 1.827499999999999902 ) ) ;
#6820 = ORIENTED_EDGE ( 'NONE', *, *, #7165, .F. ) ;
#6821 = DIRECTION ( 'NONE',  ( -1.000000000000000000, 2.279350608210070011E-15, 0.000000000000000000 ) ) ;
#6822 = CARTESIAN_POINT ( 'NONE',  ( 2.600000000000000089, 0.2500000000000000000, 0.7724999999999999645 ) ) ;
#6823 = ORIENTED_EDGE ( 'NONE', *, *, #504, .T. ) ;
#6824 = DIRECTION ( 'NONE',  ( -1.000000000000000000, 0.000000000000000000, 0.000000000000000000 ) ) ;
#6825 = VECTOR ( 'NONE', #5049, 1000.000000000000000 ) ;
#6826 = VECTOR ( 'NONE', #7074, 1000.000000000000000 ) ;
#6827 = EDGE_CURVE ( 'NONE', #5343, #5781, #6646, .T. ) ;
#6828 = EDGE_CURVE ( 'NONE', #5290, #3977, #5488, .T. ) ;
#6829 = DIRECTION ( 'NONE',  ( -0.9848077530122083534, 0.1736481776669290544, 0.000000000000000000 ) ) ;
#6830 = AXIS2_PLACEMENT_3D ( 'NONE', #2736, #1092, #6880 ) ;
#6831 = CARTESIAN_POINT ( 'NONE',  ( -2.200000000000000178, 0.6975000000000000089, 0.1224999999999999978 ) ) ;
#6832 = LINE ( 'NONE', #6869, #5863 ) ;
#6833 = AXIS2_PLACEMENT_3D ( 'NONE', #5638, #2781, #7490 ) ;
#6834 = CARTESIAN_POINT ( 'NONE',  ( -2.437831373677284752, 0.5524999999999999911, -1.827499999999999902 ) ) ;
#6835 = ORIENTED_EDGE ( 'NONE', *, *, #5681, .F. ) ;
#6836 = AXIS2_PLACEMENT_3D ( 'NONE', #5929, #3697, #4272 ) ;
#6837 = LINE ( 'NONE', #1713, #4783 ) ;
#6838 = DIRECTION ( 'NONE',  ( 0.000000000000000000, 0.000000000000000000, -1.000000000000000000 ) ) ;
#6839 = EDGE_CURVE ( 'NONE', #1339, #198, #2564, .T. ) ;
#6840 = ORIENTED_EDGE ( 'NONE', *, *, #3737, .F. ) ;
#6841 = LINE ( 'NONE', #1642, #3557 ) ;
#6842 = ORIENTED_EDGE ( 'NONE', *, *, #438, .T. ) ;
#6843 = ADVANCED_FACE ( 'NONE', ( #6660 ), #4285, .F. ) ;
#6844 = PRESENTATION_LAYER_ASSIGNMENT (  '', '', ( #6003 ) ) ;
#6845 = CARTESIAN_POINT ( 'NONE',  ( -2.045118427147115003, 0.2500000000000000000, -2.345118427147114826 ) ) ;
#6846 = AXIS2_PLACEMENT_3D ( 'NONE', #1937, #4280, #794 ) ;
#6847 = FACE_OUTER_BOUND ( 'NONE', #2379, .T. ) ;
#6848 = ORIENTED_EDGE ( 'NONE', *, *, #4264, .T. ) ;
#6849 = EDGE_CURVE ( 'NONE', #74, #2889, #3203, .T. ) ;
#6850 = DIRECTION ( 'NONE',  ( 0.000000000000000000, 0.000000000000000000, -1.000000000000000000 ) ) ;
#6851 = DIRECTION ( 'NONE',  ( 0.000000000000000000, 0.000000000000000000, 1.000000000000000000 ) ) ;
#6852 = FACE_OUTER_BOUND ( 'NONE', #5941, .T. ) ;
#6853 = CARTESIAN_POINT ( 'NONE',  ( -2.437831373677284752, 0.5524999999999999911, -0.1224999999999999978 ) ) ;
#6854 = ORIENTED_EDGE ( 'NONE', *, *, #7450, .T. ) ;
#6855 = VECTOR ( 'NONE', #6863, 1000.000000000000000 ) ;
#6856 = DIRECTION ( 'NONE',  ( 0.000000000000000000, 0.000000000000000000, -1.000000000000000000 ) ) ;
#6857 = EDGE_CURVE ( 'NONE', #2382, #6191, #4887, .T. ) ;
#6858 = ORIENTED_EDGE ( 'NONE', *, *, #3844, .F. ) ;
#6859 = CARTESIAN_POINT ( 'NONE',  ( -2.565559169962134956, 0.4453236532462965247, 0.1224999999999999978 ) ) ;
#6860 = DIRECTION ( 'NONE',  ( 0.000000000000000000, -1.000000000000000000, 0.000000000000000000 ) ) ;
#6861 = ORIENTED_EDGE ( 'NONE', *, *, #5447, .F. ) ;
#6862 = CARTESIAN_POINT ( 'NONE',  ( -2.870524920471619890, 0.2977008424331585301, 2.072500000000000231 ) ) ;
#6863 = DIRECTION ( 'NONE',  ( -1.000000000000000000, 0.000000000000000000, 1.971276677246369793E-16 ) ) ;
#6864 = ORIENTED_EDGE ( 'NONE', *, *, #6769, .T. ) ;
#6865 = CARTESIAN_POINT ( 'NONE',  ( 2.199988631206595269, 0.5524355243686569494, 2.401507855905375077 ) ) ;
#6866 = DIRECTION ( 'NONE',  ( -0.1736481776669290544, 0.9848077530122083534, 0.000000000000000000 ) ) ;
#6867 =( NAMED_UNIT ( * ) PLANE_ANGLE_UNIT ( ) SI_UNIT ( $, .RADIAN. ) );
#6868 = FACE_OUTER_BOUND ( 'NONE', #1426, .T. ) ;
#6869 = CARTESIAN_POINT ( 'NONE',  ( -2.200000000000000178, 0.6975000000000000089, -1.827499999999999902 ) ) ;
#6870 = CARTESIAN_POINT ( 'NONE',  ( 2.200000000000000178, 0.6975000000000000089, 0.7724999999999999645 ) ) ;
#6871 = ORIENTED_EDGE ( 'NONE', *, *, #4812, .F. ) ;
#6872 = ORIENTED_EDGE ( 'NONE', *, *, #1516, .F. ) ;
#6873 = LINE ( 'NONE', #4583, #4047 ) ;
#6874 = DIRECTION ( 'NONE',  ( 0.1710878697460359588, -0.9702875252478136980, -0.1710878697460359588 ) ) ;
#6875 = ORIENTED_EDGE ( 'NONE', *, *, #7109, .T. ) ;
#6876 = CARTESIAN_POINT ( 'NONE',  ( -1.486702623836771986, 1.100000000000000089, -1.838720136967914920 ) ) ;
#6877 = VECTOR ( 'NONE', #5971, 1000.000000000000000 ) ;
#6878 = VECTOR ( 'NONE', #7327, 1000.000000000000000 ) ;
#6879 = ADVANCED_FACE ( 'NONE', ( #209 ), #4321, .T. ) ;
#6880 = DIRECTION ( 'NONE',  ( 1.000000000000000000, 0.000000000000000000, 0.000000000000000000 ) ) ;
#6881 = SURFACE_STYLE_USAGE ( .BOTH. , #5898 ) ;
#6882 = CARTESIAN_POINT ( 'NONE',  ( -2.565559169962134956, 0.4453236532462965247, -0.5274999999999999689 ) ) ;
#6883 = PLANE ( 'NONE',  #3046 ) ;
#6884 = ORIENTED_EDGE ( 'NONE', *, *, #2390, .F. ) ;
#6885 = CARTESIAN_POINT ( 'NONE',  ( 2.100502642445350343, 0.6974999999999990097, -2.499999999999999556 ) ) ;
#6886 = EDGE_CURVE ( 'NONE', #7366, #3633, #801, .T. ) ;
#6887 = CARTESIAN_POINT ( 'NONE',  ( 2.600000000000000089, 0.2500000000000000000, -0.5274999999999999689 ) ) ;
#6888 = EDGE_CURVE ( 'NONE', #1571, #2746, #6021, .T. ) ;
#6889 = DIRECTION ( 'NONE',  ( 0.000000000000000000, 0.000000000000000000, -1.000000000000000000 ) ) ;
#6890 = EDGE_CURVE ( 'NONE', #1357, #390, #6418, .T. ) ;
#6891 = EDGE_LOOP ( 'NONE', ( #5005, #6286, #5326, #5045 ) ) ;
#6892 = DIRECTION ( 'NONE',  ( 0.9848077530122080203, -0.1736481776669305532, 0.000000000000000000 ) ) ;
#6893 = LINE ( 'NONE', #5679, #7086 ) ;
#6894 = ORIENTED_EDGE ( 'NONE', *, *, #4819, .F. ) ;
#6895 = LINE ( 'NONE', #466, #2688 ) ;
#6896 = CARTESIAN_POINT ( 'NONE',  ( 2.870524920471619890, 0.2977008424331585301, 1.422499999999999876 ) ) ;
#6897 = ADVANCED_FACE ( 'NONE', ( #2099 ), #2818, .F. ) ;
#6898 = ORIENTED_EDGE ( 'NONE', *, *, #63, .F. ) ;
#6899 = DIRECTION ( 'NONE',  ( 0.000000000000000000, 0.000000000000000000, -1.000000000000000000 ) ) ;
#6900 = EDGE_LOOP ( 'NONE', ( #457, #7105, #5425, #2990 ) ) ;
#6901 = ORIENTED_EDGE ( 'NONE', *, *, #5721, .T. ) ;
#6902 = CARTESIAN_POINT ( 'NONE',  ( 2.861477631149730083, 0.1683185773129355078, -1.827499999999999902 ) ) ;
#6903 = CARTESIAN_POINT ( 'NONE',  ( 2.045118427147115003, 0.2500000000000000000, 2.345118427147114826 ) ) ;
#6904 = LINE ( 'NONE', #5208, #4883 ) ;
#6905 = DIRECTION ( 'NONE',  ( 0.000000000000000000, 0.000000000000000000, -1.000000000000000000 ) ) ;
#6906 = DIRECTION ( 'NONE',  ( -1.000000000000000000, 0.000000000000000000, 1.971276677246369793E-16 ) ) ;
#6907 = EDGE_CURVE ( 'NONE', #2382, #465, #79, .T. ) ;
#6908 = VECTOR ( 'NONE', #893, 1000.000000000000000 ) ;
#6909 = ORIENTED_EDGE ( 'NONE', *, *, #6469, .T. ) ;
#6910 = CLOSED_SHELL ( 'NONE', ( #6284, #91, #1893, #849, #5446, #3358, #4071, #4820, #4507, #1863, #2325, #5193, #5333, #1914 ) ) ;
#6911 = DIRECTION ( 'NONE',  ( -0.06975647374411908519, -0.9975640502598247528, 0.000000000000000000 ) ) ;
#6912 = LINE ( 'NONE', #6393, #6475 ) ;
#6913 = ORIENTED_EDGE ( 'NONE', *, *, #150, .F. ) ;
#6914 = CIRCLE ( 'NONE', #603, 0.1296982034251579208 ) ;
#6915 = DIRECTION ( 'NONE',  ( 0.000000000000000000, 0.000000000000000000, -1.000000000000000000 ) ) ;
#6916 = AXIS2_PLACEMENT_3D ( 'NONE', #3877, #2147, #4494 ) ;
#6917 = VECTOR ( 'NONE', #1575, 1000.000000000000000 ) ;
#6918 = ADVANCED_FACE ( 'NONE', ( #5665 ), #6245, .T. ) ;
#6919 = DIRECTION ( 'NONE',  ( 1.971276677246383105E-16, 0.000000000000000000, 1.000000000000000000 ) ) ;
#6920 = FACE_OUTER_BOUND ( 'NONE', #6652, .T. ) ;
#6921 = EDGE_CURVE ( 'NONE', #617, #3827, #2136, .T. ) ;
#6922 = CARTESIAN_POINT ( 'NONE',  ( -1.486702623836771986, 1.100000000000000089, -2.088720136967915142 ) ) ;
#6923 = VERTEX_POINT ( 'NONE', #452 ) ;
#6924 = DIRECTION ( 'NONE',  ( 1.000000000000000000, 0.000000000000000000, 0.000000000000000000 ) ) ;
#6925 = DIRECTION ( 'NONE',  ( 0.000000000000000000, 1.000000000000000000, 0.000000000000000000 ) ) ;
#6926 = CARTESIAN_POINT ( 'NONE',  ( -2.870524920471619890, 0.2977008424331585301, -1.422499999999999876 ) ) ;
#6927 = VERTEX_POINT ( 'NONE', #5704 ) ;
#6928 = VECTOR ( 'NONE', #5923, 1000.000000000000000 ) ;
#6929 = ORIENTED_EDGE ( 'NONE', *, *, #3213, .F. ) ;
#6930 = LINE ( 'NONE', #4675, #7270 ) ;
#6931 = DIRECTION ( 'NONE',  ( 4.558701216420150868E-16, 1.000000000000000000, 0.000000000000000000 ) ) ;
#6932 = ORIENTED_EDGE ( 'NONE', *, *, #425, .T. ) ;
#6933 = ADVANCED_FACE ( 'NONE', ( #491 ), #1094, .F. ) ;
#6934 = DIRECTION ( 'NONE',  ( 0.000000000000000000, 0.000000000000000000, -1.000000000000000000 ) ) ;
#6935 = EDGE_CURVE ( 'NONE', #1715, #4691, #6532, .T. ) ;
#6936 = DIRECTION ( 'NONE',  ( 0.000000000000000000, 0.000000000000000000, 1.000000000000000000 ) ) ;
#6937 = AXIS2_PLACEMENT_3D ( 'NONE', #5688, #3342, #6385 ) ;
#6938 = ORIENTED_EDGE ( 'NONE', *, *, #5183, .T. ) ;
#6939 = CARTESIAN_POINT ( 'NONE',  ( 2.861477631149730083, 0.1683185773129355078, -0.5274999999999999689 ) ) ;
#6940 =( BOUNDED_CURVE ( )  B_SPLINE_CURVE ( 3, ( #5899, #3511, #2897, #6439 ),
 .UNSPECIFIED., .F., .F. ) 
 B_SPLINE_CURVE_WITH_KNOTS ( ( 4, 4 ),
 ( 3.126513523093314983, 3.141592653589795336 ),
 .UNSPECIFIED. ) 
 CURVE ( )  GEOMETRIC_REPRESENTATION_ITEM ( )  RATIONAL_B_SPLINE_CURVE ( ( 1.000000000000000000, 0.9999810517417160316, 0.9999810517417160316, 1.000000000000000000 ) ) 
 REPRESENTATION_ITEM ( '' )  );
#6941 = DIRECTION ( 'NONE',  ( 0.000000000000000000, 0.000000000000000000, -1.000000000000000000 ) ) ;
#6942 = VECTOR ( 'NONE', #6414, 1000.000000000000000 ) ;
#6943 = CARTESIAN_POINT ( 'NONE',  ( 2.101507855905375255, 0.6975644756313429395, 2.499988631206595091 ) ) ;
#6944 = PLANE ( 'NONE',  #2589 ) ;
#6945 = CARTESIAN_POINT ( 'NONE',  ( 3.200000000000000178, 0.1446467872876731897, 1.827499999999999902 ) ) ;
#6946 = CYLINDRICAL_SURFACE ( 'NONE', #4144, 0.2746982034251567728 ) ;
#6947 = VECTOR ( 'NONE', #1174, 1000.000000000000000 ) ;
#6948 = VERTEX_POINT ( 'NONE', #3279 ) ;
#6949 = EDGE_CURVE ( 'NONE', #6332, #1835, #5659, .T. ) ;
#6950 = CARTESIAN_POINT ( 'NONE',  ( 2.199996210330392277, 0.6975214922843544496, 2.401005270604403385 ) ) ;
#6951 = CIRCLE ( 'NONE', #2697, 0.2746982034251559401 ) ;
#6952 = LINE ( 'NONE', #1757, #5378 ) ;
#6953 = EDGE_LOOP ( 'NONE', ( #6217, #3051, #2338, #140 ) ) ;
#6954 = FACE_OUTER_BOUND ( 'NONE', #210, .T. ) ;
#6955 = VECTOR ( 'NONE', #6990, 1000.000000000000114 ) ;
#6956 =( LENGTH_UNIT ( ) NAMED_UNIT ( * ) SI_UNIT ( .MILLI., .METRE. ) );
#6957 = VECTOR ( 'NONE', #3377, 999.9999999999998863 ) ;
#6958 = CARTESIAN_POINT ( 'NONE',  ( -2.565559169962134956, 0.4453236532462965247, -0.1224999999999999978 ) ) ;
#6959 = ORIENTED_EDGE ( 'NONE', *, *, #4249, .T. ) ;
#6960 = DIRECTION ( 'NONE',  ( 0.000000000000000000, 0.000000000000000000, 1.000000000000000000 ) ) ;
#6961 = FACE_OUTER_BOUND ( 'NONE', #5277, .T. ) ;
#6962 = DIRECTION ( 'NONE',  ( 0.000000000000000000, 0.000000000000000000, -1.000000000000000000 ) ) ;
#6963 = AXIS2_PLACEMENT_3D ( 'NONE', #3593, #2989, #10 ) ;
#6964 = ORIENTED_EDGE ( 'NONE', *, *, #4677, .F. ) ;
#6965 = VERTEX_POINT ( 'NONE', #1536 ) ;
#6966 = EDGE_LOOP ( 'NONE', ( #2105, #3919, #2181, #6641 ) ) ;
#6967 = DIRECTION ( 'NONE',  ( 0.000000000000000000, 0.000000000000000000, -1.000000000000000000 ) ) ;
#6968 = CARTESIAN_POINT ( 'NONE',  ( 2.104401861300145171, 0.6637869376834120150, 2.404401861300144994 ) ) ;
#6969 = ORIENTED_EDGE ( 'NONE', *, *, #5411, .F. ) ;
#6970 = CARTESIAN_POINT ( 'NONE',  ( 2.565559169962134956, 0.4453236532462965247, 1.177499999999999991 ) ) ;
#6971 = CARTESIAN_POINT ( 'NONE',  ( -2.708356294148904997, 0.4705026390080009890, 0.7724999999999999645 ) ) ;
#6972 = CIRCLE ( 'NONE', #3096, 0.09999999999999982514 ) ;
#6973 = ORIENTED_EDGE ( 'NONE', *, *, #7386, .F. ) ;
#6974 = DIRECTION ( 'NONE',  ( 0.000000000000000000, 0.000000000000000000, -1.000000000000000000 ) ) ;
#6975 = ADVANCED_FACE ( 'NONE', ( #3865 ), #5104, .F. ) ;
#6976 = DIRECTION ( 'NONE',  ( -0.9848077530122083534, -0.1736481776669290544, 0.000000000000000000 ) ) ;
#6977 = ORIENTED_EDGE ( 'NONE', *, *, #4185, .T. ) ;
#6978 = EDGE_CURVE ( 'NONE', #4133, #2415, #3242, .T. ) ;
#6979 = EDGE_LOOP ( 'NONE', ( #480, #2295, #5141, #585 ) ) ;
#6980 = FILL_AREA_STYLE_COLOUR ( '', #3819 ) ;
#6981 = DIRECTION ( 'NONE',  ( 0.06975647374411987622, 0.9975640502598246417, 0.000000000000000000 ) ) ;
#6982 = LINE ( 'NONE', #3034, #6928 ) ;
#6983 = FACE_OUTER_BOUND ( 'NONE', #5080, .T. ) ;
#6984 = DIRECTION ( 'NONE',  ( 0.06975647374411987622, -0.9975640502598246417, 0.000000000000000000 ) ) ;
#6985 = CARTESIAN_POINT ( 'NONE',  ( -2.437831373677284752, 0.4228017965748430140, 2.072500000000000231 ) ) ;
#6986 = ADVANCED_FACE ( 'NONE', ( #3903 ), #6208, .F. ) ;
#6987 = CARTESIAN_POINT ( 'NONE',  ( 2.100502642445350343, 0.6974999999999990097, 2.499999999999999556 ) ) ;
#6988 = DIRECTION ( 'NONE',  ( 0.06975647374411807211, 0.9975640502598247528, 0.000000000000000000 ) ) ;
#6989 = VERTEX_POINT ( 'NONE', #2172 ) ;
#6990 = DIRECTION ( 'NONE',  ( 0.1710878697460359588, -0.9702875252478136980, -0.1710878697460359588 ) ) ;
#6991 = FACE_OUTER_BOUND ( 'NONE', #6609, .T. ) ;
#6992 = EDGE_CURVE ( 'NONE', #6524, #565, #3860, .T. ) ;
#6993 = ORIENTED_EDGE ( 'NONE', *, *, #5724, .F. ) ;
#6994 = ORIENTED_EDGE ( 'NONE', *, *, #6813, .T. ) ;
#6995 = LINE ( 'NONE', #5186, #5551 ) ;
#6996 = AXIS2_PLACEMENT_3D ( 'NONE', #5130, #1594, #1707 ) ;
#6997 = ORIENTED_EDGE ( 'NONE', *, *, #1331, .F. ) ;
#6998 = FACE_OUTER_BOUND ( 'NONE', #3605, .T. ) ;
#6999 = FACE_OUTER_BOUND ( 'NONE', #1392, .T. ) ;
#7000 = ORIENTED_EDGE ( 'NONE', *, *, #2007, .F. ) ;
#7001 = AXIS2_PLACEMENT_3D ( 'NONE', #1232, #3558, #5874 ) ;
#7002 = ORIENTED_EDGE ( 'NONE', *, *, #3491, .F. ) ;
#7003 = ORIENTED_EDGE ( 'NONE', *, *, #649, .F. ) ;
#7004 = AXIS2_PLACEMENT_3D ( 'NONE', #678, #713, #3047 ) ;
#7005 = CYLINDRICAL_SURFACE ( 'NONE', #1590, 0.09999999999999982514 ) ;
#7006 = CARTESIAN_POINT ( 'NONE',  ( -2.870524920471619890, 0.2977008424331585301, 1.177499999999999991 ) ) ;
#7007 = ORIENTED_EDGE ( 'NONE', *, *, #4463, .T. ) ;
#7008 = CARTESIAN_POINT ( 'NONE',  ( 2.101507855905375255, 0.5524355243686569494, -2.499988631206595091 ) ) ;
#7009 = ORIENTED_EDGE ( 'NONE', *, *, #6190, .F. ) ;
#7010 = DIRECTION ( 'NONE',  ( 0.9975640502598247528, -0.06975647374411807211, 0.000000000000000000 ) ) ;
#7011 = CARTESIAN_POINT ( 'NONE',  ( -2.199126327838410333, 0.7024548410463219428, -2.458688739809626878 ) ) ;
#7012 = PLANE ( 'NONE',  #5245 ) ;
#7013 = ORIENTED_EDGE ( 'NONE', *, *, #4311, .F. ) ;
#7014 = EDGE_LOOP ( 'NONE', ( #3114, #6706, #687, #945 ) ) ;
#7015 = LINE ( 'NONE', #2917, #2836 ) ;
#7016 = EDGE_CURVE ( 'NONE', #4132, #6086, #980, .T. ) ;
#7017 = DIRECTION ( 'NONE',  ( 0.000000000000000000, 0.000000000000000000, -1.000000000000000000 ) ) ;
#7018 = FACE_OUTER_BOUND ( 'NONE', #1156, .T. ) ;
#7019 = EDGE_CURVE ( 'NONE', #4366, #7369, #3353, .T. ) ;
#7020 = PLANE ( 'NONE',  #355 ) ;
#7021 = VERTEX_POINT ( 'NONE', #6882 ) ;
#7022 = VECTOR ( 'NONE', #2416, 1000.000000000000114 ) ;
#7023 = ORIENTED_EDGE ( 'NONE', *, *, #1163, .F. ) ;
#7024 = CARTESIAN_POINT ( 'NONE',  ( -2.100000000000000089, 0.6975000000000000089, -2.399999999999999911 ) ) ;
#7025 = CARTESIAN_POINT ( 'NONE',  ( -2.861477631149734968, 0.1683185773129349805, -1.177499999999999991 ) ) ;
#7026 = EDGE_CURVE ( 'NONE', #6927, #7441, #2740, .T. ) ;
#7027 = PLANE ( 'NONE',  #7481 ) ;
#7028 = ORIENTED_EDGE ( 'NONE', *, *, #2201, .F. ) ;
#7029 = VECTOR ( 'NONE', #1633, 1000.000000000000000 ) ;
#7030 = CARTESIAN_POINT ( 'NONE',  ( 2.565559169962134956, 0.4453236532462965247, -1.827499999999999902 ) ) ;
#7031 = VECTOR ( 'NONE', #7495, 1000.000000000000000 ) ;
#7032 = CARTESIAN_POINT ( 'NONE',  ( -2.200000000000000178, 0.5525000000000008793, -2.400502642445350610 ) ) ;
#7033 = CARTESIAN_POINT ( 'NONE',  ( 2.200000000000000178, 0.5524999999999999911, -1.422499999999999876 ) ) ;
#7034 = VECTOR ( 'NONE', #5581, 1000.000000000000000 ) ;
#7035 = VECTOR ( 'NONE', #458, 1000.000000000000000 ) ;
#7036 = ORIENTED_EDGE ( 'NONE', *, *, #5412, .T. ) ;
#7037 = ORIENTED_EDGE ( 'NONE', *, *, #964, .F. ) ;
#7038 = ORIENTED_EDGE ( 'NONE', *, *, #2798, .T. ) ;
#7039 = EDGE_CURVE ( 'NONE', #6923, #1499, #1681, .T. ) ;
#7040 = CYLINDRICAL_SURFACE ( 'NONE', #1082, 0.2746982034251563842 ) ;
#7041 = DIRECTION ( 'NONE',  ( -1.000000000000000000, 0.000000000000000000, 0.000000000000000000 ) ) ;
#7042 = ORIENTED_EDGE ( 'NONE', *, *, #2951, .F. ) ;
#7043 = CARTESIAN_POINT ( 'NONE',  ( -2.437831373677284752, 0.6975000000000000089, 1.177499999999999991 ) ) ;
#7044 = ORIENTED_EDGE ( 'NONE', *, *, #6390, .F. ) ;
#7045 = DIRECTION ( 'NONE',  ( -0.9975640502598247528, 0.06975647374411908519, 0.000000000000000000 ) ) ;
#7046 = ORIENTED_EDGE ( 'NONE', *, *, #4729, .T. ) ;
#7047 = CARTESIAN_POINT ( 'NONE',  ( 2.200000000000000178, 0.6975000000000000089, 1.422499999999999876 ) ) ;
#7048 = LINE ( 'NONE', #2305, #2925 ) ;
#7049 = ORIENTED_EDGE ( 'NONE', *, *, #4581, .F. ) ;
#7050 = VERTEX_POINT ( 'NONE', #6958 ) ;
#7051 = PRESENTATION_STYLE_ASSIGNMENT (( #98 ) ) ;
#7052 = ORIENTED_EDGE ( 'NONE', *, *, #4089, .F. ) ;
#7053 = CARTESIAN_POINT ( 'NONE',  ( 2.200000000000000178, 0.6975000000000000089, -0.1224999999999999978 ) ) ;
#7054 = DIRECTION ( 'NONE',  ( 0.000000000000000000, 0.000000000000000000, -1.000000000000000000 ) ) ;
#7055 = AXIS2_PLACEMENT_3D ( 'NONE', #24, #1749, #7434 ) ;
#7056 = FACE_OUTER_BOUND ( 'NONE', #4728, .T. ) ;
#7057 = DIRECTION ( 'NONE',  ( 0.000000000000000000, 0.000000000000000000, -1.000000000000000000 ) ) ;
#7058 = EDGE_CURVE ( 'NONE', #390, #3311, #6940, .T. ) ;
#7059 = EDGE_CURVE ( 'NONE', #5114, #3668, #6995, .T. ) ;
#7060 = ORIENTED_EDGE ( 'NONE', *, *, #6324, .F. ) ;
#7061 = CARTESIAN_POINT ( 'NONE',  ( -2.708356294148904997, 0.4705026390080009890, -1.177499999999999991 ) ) ;
#7062 = CARTESIAN_POINT ( 'NONE',  ( -2.437831373677284752, 0.4228017965748430140, 0.7724999999999999645 ) ) ;
#7063 = AXIS2_PLACEMENT_3D ( 'NONE', #5059, #6772, #7361 ) ;
#7064 = CARTESIAN_POINT ( 'NONE',  ( 2.056527340730185394, -0.2611738841291115221, 2.258046565428965202 ) ) ;
#7065 = DIRECTION ( 'NONE',  ( -1.000000000000000000, 0.000000000000000000, 0.000000000000000000 ) ) ;
#7066 = VECTOR ( 'NONE', #3843, 1000.000000000000000 ) ;
#7067 = VERTEX_POINT ( 'NONE', #4706 ) ;
#7068 = AXIS2_PLACEMENT_3D ( 'NONE', #2358, #7100, #640 ) ;
#7069 = ADVANCED_FACE ( 'NONE', ( #119 ), #1761, .F. ) ;
#7070 = EDGE_CURVE ( 'NONE', #5605, #1051, #3059, .T. ) ;
#7071 = LINE ( 'NONE', #1333, #4914 ) ;
#7072 = DIRECTION ( 'NONE',  ( 0.1736481776669290544, 0.9848077530122083534, 0.000000000000000000 ) ) ;
#7073 = DIRECTION ( 'NONE',  ( -1.000000000000000000, 0.000000000000000000, 0.000000000000000000 ) ) ;
#7074 = DIRECTION ( 'NONE',  ( 0.000000000000000000, 0.000000000000000000, -1.000000000000000000 ) ) ;
#7075 = EDGE_CURVE ( 'NONE', #2733, #3567, #5864, .T. ) ;
#7076 = CIRCLE ( 'NONE', #870, 0.2746982034251563842 ) ;
#7077 = ORIENTED_EDGE ( 'NONE', *, *, #5560, .F. ) ;
#7078 = MECHANICAL_DESIGN_GEOMETRIC_PRESENTATION_REPRESENTATION (  '', ( #7439 ), #4803 ) ;
#7079 = ORIENTED_EDGE ( 'NONE', *, *, #1220, .T. ) ;
#7080 = CARTESIAN_POINT ( 'NONE',  ( 2.200000000000000178, 0.5524999999999999911, -1.827499999999999902 ) ) ;
#7081 = DIRECTION ( 'NONE',  ( -1.000000000000000000, -5.926311581346190705E-15, 0.000000000000000000 ) ) ;
#7082 = VERTEX_POINT ( 'NONE', #1867 ) ;
#7083 = EDGE_LOOP ( 'NONE', ( #4408, #5347, #4453, #6270 ) ) ;
#7084 = DIRECTION ( 'NONE',  ( 1.000000000000000000, 0.000000000000000000, 0.000000000000000000 ) ) ;
#7085 = MECHANICAL_DESIGN_GEOMETRIC_PRESENTATION_REPRESENTATION (  '', ( #6734 ), #3454 ) ;
#7086 = VECTOR ( 'NONE', #6179, 1000.000000000000000 ) ;
#7087 = CARTESIAN_POINT ( 'NONE',  ( 2.101507855905375255, 0.6975644756313429395, -2.499988631206595091 ) ) ;
#7088 = EDGE_LOOP ( 'NONE', ( #422, #3731, #3248 ) ) ;
#7089 = CARTESIAN_POINT ( 'NONE',  ( 2.143599202448335017, 1.017364817766692076, 2.345118427147114826 ) ) ;
#7090 = ADVANCED_FACE ( 'NONE', ( #6516 ), #1224, .F. ) ;
#7091 = ORIENTED_EDGE ( 'NONE', *, *, #2143, .T. ) ;
#7092 = ORIENTED_EDGE ( 'NONE', *, *, #6285, .T. ) ;
#7093 = CARTESIAN_POINT ( 'NONE',  ( -2.200000000000000178, 0.6975000000000000089, 2.072500000000000231 ) ) ;
#7094 = AXIS2_PLACEMENT_3D ( 'NONE', #6816, #1614, #4559 ) ;
#7095 = DIRECTION ( 'NONE',  ( -0.1736481776669290544, 0.9848077530122083534, 0.000000000000000000 ) ) ;
#7096 = CARTESIAN_POINT ( 'NONE',  ( 2.708356294148904997, 0.4705026390080009890, 0.1224999999999999978 ) ) ;
#7097 =( NAMED_UNIT ( * ) PLANE_ANGLE_UNIT ( ) SI_UNIT ( $, .RADIAN. ) );
#7098 = DIRECTION ( 'NONE',  ( 0.000000000000000000, 0.000000000000000000, 1.000000000000000000 ) ) ;
#7099 = CIRCLE ( 'NONE', #3840, 0.1296982034251575044 ) ;
#7100 = DIRECTION ( 'NONE',  ( 0.000000000000000000, 0.000000000000000000, -1.000000000000000000 ) ) ;
#7101 = DIRECTION ( 'NONE',  ( 1.000000000000000000, 0.000000000000000000, 0.000000000000000000 ) ) ;
#7102 = LINE ( 'NONE', #229, #2316 ) ;
#7103 = CARTESIAN_POINT ( 'NONE',  ( -2.851362942456834748, 0.02367179002526179771, 1.422499999999999876 ) ) ;
#7104 = EDGE_LOOP ( 'NONE', ( #1650, #4881, #4299, #5538, #97, #2827 ) ) ;
#7105 = ORIENTED_EDGE ( 'NONE', *, *, #2982, .F. ) ;
#7106 = CARTESIAN_POINT ( 'NONE',  ( 2.437831373677284752, 0.5524999999999999911, 2.072500000000000231 ) ) ;
#7107 = FACE_OUTER_BOUND ( 'NONE', #3135, .T. ) ;
#7108 = EDGE_CURVE ( 'NONE', #569, #6989, #2977, .T. ) ;
#7109 = EDGE_CURVE ( 'NONE', #393, #2750, #5788, .T. ) ;
#7110 = CARTESIAN_POINT ( 'NONE',  ( 2.437831373677284752, 0.6975000000000000089, 0.1224999999999999978 ) ) ;
#7111 = EDGE_CURVE ( 'NONE', #5556, #1510, #4092, .T. ) ;
#7112 = DIRECTION ( 'NONE',  ( 0.1736481776669290544, -0.9848077530122083534, 0.000000000000000000 ) ) ;
#7113 = ORIENTED_EDGE ( 'NONE', *, *, #3170, .F. ) ;
#7114 = DIRECTION ( 'NONE',  ( 0.000000000000000000, 0.000000000000000000, 1.000000000000000000 ) ) ;
#7115 = PLANE ( 'NONE',  #2919 ) ;
#7116 = AXIS2_PLACEMENT_3D ( 'NONE', #6318, #379, #5150 ) ;
#7117 = DIRECTION ( 'NONE',  ( 0.000000000000000000, 0.000000000000000000, 1.000000000000000000 ) ) ;
#7118 = ORIENTED_EDGE ( 'NONE', *, *, #3805, .F. ) ;
#7119 = CARTESIAN_POINT ( 'NONE',  ( -2.437831373677284752, 0.5524999999999999911, -0.5274999999999999689 ) ) ;
#7120 = DIRECTION ( 'NONE',  ( 0.000000000000000000, 0.000000000000000000, 1.000000000000000000 ) ) ;
#7121 = VERTEX_POINT ( 'NONE', #4128 ) ;
#7122 = EDGE_CURVE ( 'NONE', #4058, #6391, #4773, .T. ) ;
#7123 = ADVANCED_FACE ( 'NONE', ( #4164 ), #3547, .F. ) ;
#7124 = VERTEX_POINT ( 'NONE', #2403 ) ;
#7125 = CARTESIAN_POINT ( 'NONE',  ( 2.565559169962134956, 0.4453236532462965247, -0.7724999999999999645 ) ) ;
#7126 = CARTESIAN_POINT ( 'NONE',  ( -2.200000000000000178, 0.6975000000000000089, -0.5274999999999999689 ) ) ;
#7127 = AXIS2_PLACEMENT_3D ( 'NONE', #6114, #5414, #6729 ) ;
#7128 = VECTOR ( 'NONE', #5857, 1000.000000000000000 ) ;
#7129 = ORIENTED_EDGE ( 'NONE', *, *, #2846, .T. ) ;
#7130 = ORIENTED_EDGE ( 'NONE', *, *, #414, .T. ) ;
#7131 = FACE_OUTER_BOUND ( 'NONE', #6629, .T. ) ;
#7132 =( NAMED_UNIT ( * ) PLANE_ANGLE_UNIT ( ) SI_UNIT ( $, .RADIAN. ) );
#7133 = ADVANCED_FACE ( 'NONE', ( #6920 ), #1183, .F. ) ;
#7134 = DIRECTION ( 'NONE',  ( 0.000000000000000000, 0.000000000000000000, -1.000000000000000000 ) ) ;
#7135 = CARTESIAN_POINT ( 'NONE',  ( -2.861477631149734968, 0.1683185773129349805, -2.072500000000000231 ) ) ;
#7136 = CARTESIAN_POINT ( 'NONE',  ( -2.200000000000000178, 0.6975000000000000089, -0.5274999999999999689 ) ) ;
#7137 = SURFACE_STYLE_FILL_AREA ( #3652 ) ;
#7138 = EDGE_CURVE ( 'NONE', #1189, #321, #2286, .T. ) ;
#7139 = CARTESIAN_POINT ( 'NONE',  ( 2.565559169962134956, 0.4453236532462965247, 1.422499999999999876 ) ) ;
#7140 = CARTESIAN_POINT ( 'NONE',  ( -3.189885311307104843, 9.629649721936179265E-32, -0.5274999999999999689 ) ) ;
#7141 = DIRECTION ( 'NONE',  ( 0.000000000000000000, 1.000000000000000000, 0.000000000000000000 ) ) ;
#7142 = ORIENTED_EDGE ( 'NONE', *, *, #4587, .T. ) ;
#7143 = DIRECTION ( 'NONE',  ( -0.9975640502598247528, 0.06975647374411908519, 0.000000000000000000 ) ) ;
#7144 = CARTESIAN_POINT ( 'NONE',  ( -2.870524920471619890, 0.2977008424331585301, -1.177499999999999991 ) ) ;
#7145 = ORIENTED_EDGE ( 'NONE', *, *, #4991, .F. ) ;
#7146 = EDGE_CURVE ( 'NONE', #1158, #5624, #2626, .T. ) ;
#7147 = ORIENTED_EDGE ( 'NONE', *, *, #3306, .T. ) ;
#7148 = ORIENTED_EDGE ( 'NONE', *, *, #7205, .F. ) ;
#7149 = EDGE_CURVE ( 'NONE', #3834, #7453, #6401, .T. ) ;
#7150 = CLOSED_SHELL ( 'NONE', ( #742, #3515, #3544, #6199 ) ) ;
#7151 = EDGE_LOOP ( 'NONE', ( #177, #2493, #6061, #6811 ) ) ;
#7152 = PLANE ( 'NONE',  #2153 ) ;
#7153 = ORIENTED_EDGE ( 'NONE', *, *, #2548, .F. ) ;
#7154 = DIRECTION ( 'NONE',  ( -0.9975640502598247528, 0.06975647374411908519, 0.000000000000000000 ) ) ;
#7155 = ORIENTED_EDGE ( 'NONE', *, *, #3904, .T. ) ;
#7156 = DIRECTION ( 'NONE',  ( 1.000000000000000000, 0.000000000000000000, 0.000000000000000000 ) ) ;
#7157 = VECTOR ( 'NONE', #442, 1000.000000000000000 ) ;
#7158 = EDGE_LOOP ( 'NONE', ( #2946, #2570, #3604, #5387 ) ) ;
#7159 = DIRECTION ( 'NONE',  ( 0.000000000000000000, -1.000000000000000000, 0.000000000000000000 ) ) ;
#7160 = VECTOR ( 'NONE', #738, 1000.000000000000000 ) ;
#7161 = DIRECTION ( 'NONE',  ( 1.000000000000000000, 0.000000000000000000, 0.000000000000000000 ) ) ;
#7162 = ORIENTED_EDGE ( 'NONE', *, *, #5973, .F. ) ;
#7163 = EDGE_CURVE ( 'NONE', #565, #1161, #2367, .T. ) ;
#7164 = LINE ( 'NONE', #6640, #951 ) ;
#7165 = EDGE_CURVE ( 'NONE', #6156, #1051, #404, .T. ) ;
#7166 = ORIENTED_EDGE ( 'NONE', *, *, #6630, .F. ) ;
#7167 = VECTOR ( 'NONE', #5426, 1000.000000000000000 ) ;
#7168 = DIRECTION ( 'NONE',  ( -8.673617379884058891E-17, 0.000000000000000000, -1.000000000000000000 ) ) ;
#7169 = DIRECTION ( 'NONE',  ( 0.000000000000000000, -1.000000000000000000, 0.000000000000000000 ) ) ;
#7170 = FACE_OUTER_BOUND ( 'NONE', #7478, .T. ) ;
#7171 = EDGE_CURVE ( 'NONE', #821, #488, #3489, .T. ) ;
#7172 = COLOUR_RGB ( '',0.7921568627450980005, 0.8196078431372548767, 0.9333333333333333481 ) ;
#7173 = PLANE ( 'NONE',  #5981 ) ;
#7174 = DIRECTION ( 'NONE',  ( 1.000000000000000000, 0.000000000000000000, -1.971276677246369793E-16 ) ) ;
#7175 = DIRECTION ( 'NONE',  ( -0.9848077530122083534, -0.1736481776669290544, 0.000000000000000000 ) ) ;
#7176 = VERTEX_POINT ( 'NONE', #2511 ) ;
#7177 = CARTESIAN_POINT ( 'NONE',  ( -2.100000000000000089, 0.6975000000000000089, -2.500000000000000000 ) ) ;
#7178 = VERTEX_POINT ( 'NONE', #2159 ) ;
#7179 = EDGE_CURVE ( 'NONE', #6382, #728, #3663, .T. ) ;
#7180 = FACE_OUTER_BOUND ( 'NONE', #5992, .T. ) ;
#7181 = VECTOR ( 'NONE', #1660, 1000.000000000000000 ) ;
#7182 = DIRECTION ( 'NONE',  ( 0.000000000000000000, 0.000000000000000000, -1.000000000000000000 ) ) ;
#7183 = VECTOR ( 'NONE', #3815, 1000.000000000000000 ) ;
#7184 = AXIS2_PLACEMENT_3D ( 'NONE', #5561, #2664, #4444 ) ;
#7185 = ORIENTED_EDGE ( 'NONE', *, *, #989, .F. ) ;
#7186 = CIRCLE ( 'NONE', #3813, 0.1296982034251575044 ) ;
#7187 = FACE_OUTER_BOUND ( 'NONE', #7221, .T. ) ;
#7188 = DIRECTION ( 'NONE',  ( 0.000000000000000000, 0.000000000000000000, -1.000000000000000000 ) ) ;
#7189 = VECTOR ( 'NONE', #4210, 1000.000000000000000 ) ;
#7190 = FACE_OUTER_BOUND ( 'NONE', #7293, .T. ) ;
#7191 = VERTEX_POINT ( 'NONE', #1476 ) ;
#7192 = LINE ( 'NONE', #946, #45 ) ;
#7193 = DIRECTION ( 'NONE',  ( -1.000000000000000000, 0.000000000000000000, 0.000000000000000000 ) ) ;
#7194 = VECTOR ( 'NONE', #1435, 1000.000000000000000 ) ;
#7195 = DIRECTION ( 'NONE',  ( 0.000000000000000000, 0.000000000000000000, -1.000000000000000000 ) ) ;
#7196 = ORIENTED_EDGE ( 'NONE', *, *, #4617, .F. ) ;
#7197 = VERTEX_POINT ( 'NONE', #2647 ) ;
#7198 = DIRECTION ( 'NONE',  ( 0.1736481776669290544, -0.9848077530122083534, 0.000000000000000000 ) ) ;
#7199 = DIRECTION ( 'NONE',  ( 0.000000000000000000, 0.000000000000000000, -1.000000000000000000 ) ) ;
#7200 = ORIENTED_EDGE ( 'NONE', *, *, #5272, .F. ) ;
#7201 = VECTOR ( 'NONE', #4199, 1000.000000000000114 ) ;
#7202 = LINE ( 'NONE', #882, #5138 ) ;
#7203 = EDGE_CURVE ( 'NONE', #7369, #5605, #7252, .T. ) ;
#7204 = CARTESIAN_POINT ( 'NONE',  ( 2.600000000000000089, 0.2500000000000000000, 2.072500000000000231 ) ) ;
#7205 = EDGE_CURVE ( 'NONE', #6032, #2343, #2080, .T. ) ;
#7206 = COLOUR_RGB ( '',0.7921568627450980005, 0.8196078431372548767, 0.9333333333333333481 ) ;
#7207 = FILL_AREA_STYLE ('',( #294 ) ) ;
#7208 = FACE_OUTER_BOUND ( 'NONE', #18, .T. ) ;
#7209 = DIRECTION ( 'NONE',  ( 0.000000000000000000, 1.000000000000000000, 0.000000000000000000 ) ) ;
#7210 = DIRECTION ( 'NONE',  ( 0.000000000000000000, 0.000000000000000000, -1.000000000000000000 ) ) ;
#7211 =( GEOMETRIC_REPRESENTATION_CONTEXT ( 3 ) GLOBAL_UNCERTAINTY_ASSIGNED_CONTEXT ( ( #5212 ) ) GLOBAL_UNIT_ASSIGNED_CONTEXT ( ( #3485, #4530, #3524 ) ) REPRESENTATION_CONTEXT ( 'NONE', 'WORKASPACE' ) );
#7212 = ADVANCED_FACE ( 'NONE', ( #200 ), #3887, .T. ) ;
#7213 = ORIENTED_EDGE ( 'NONE', *, *, #7016, .T. ) ;
#7214 = CARTESIAN_POINT ( 'NONE',  ( -2.851362942456834748, 0.02367179002526179771, -0.5274999999999999689 ) ) ;
#7215 = DIRECTION ( 'NONE',  ( 0.000000000000000000, 0.000000000000000000, 1.000000000000000000 ) ) ;
#7216 = EDGE_CURVE ( 'NONE', #1175, #2884, #5936, .T. ) ;
#7217 = CARTESIAN_POINT ( 'NONE',  ( 2.870524920471619890, 0.2977008424331585301, 0.1224999999999999978 ) ) ;
#7218 = VERTEX_POINT ( 'NONE', #2683 ) ;
#7219 = CARTESIAN_POINT ( 'NONE',  ( 2.708356294148904997, 0.4705026390080009890, 0.1224999999999999978 ) ) ;
#7220 = CARTESIAN_POINT ( 'NONE',  ( -2.199126327838409001, 0.7024548410463219428, 2.458688739809630430 ) ) ;
#7221 = EDGE_LOOP ( 'NONE', ( #1233, #5113, #4672, #7142 ) ) ;
#7222 = CARTESIAN_POINT ( 'NONE',  ( 2.861477631149734968, 0.1683185773129355078, 1.422499999999999876 ) ) ;
#7223 = DIRECTION ( 'NONE',  ( 0.06975647374411987622, -0.9975640502598246417, 0.000000000000000000 ) ) ;
#7224 = CARTESIAN_POINT ( 'NONE',  ( -2.200000000000000178, 0.5524999999999999911, -2.500000000000000000 ) ) ;
#7225 = EDGE_LOOP ( 'NONE', ( #6534, #6997, #4980, #6932 ) ) ;
#7226 = VERTEX_POINT ( 'NONE', #3848 ) ;
#7227 = DIRECTION ( 'NONE',  ( 0.000000000000000000, 0.000000000000000000, 1.000000000000000000 ) ) ;
#7228 =( NAMED_UNIT ( * ) SI_UNIT ( $, .STERADIAN. ) SOLID_ANGLE_UNIT ( ) );
#7229 = VERTEX_POINT ( 'NONE', #1523 ) ;
#7230 = CARTESIAN_POINT ( 'NONE',  ( -2.565559169962134956, 0.4453236532462965247, 1.177499999999999991 ) ) ;
#7231 = CARTESIAN_POINT ( 'NONE',  ( 2.437831373677284752, 0.6975000000000000089, -2.072500000000000231 ) ) ;
#7232 = AXIS2_PLACEMENT_3D ( 'NONE', #5596, #4591, #1610 ) ;
#7233 = CARTESIAN_POINT ( 'NONE',  ( -2.708356294148904997, 0.4705026390080009890, -1.827499999999999902 ) ) ;
#7234 = ADVANCED_FACE ( 'NONE', ( #4244 ), #6549, .T. ) ;
#7235 = ORIENTED_EDGE ( 'NONE', *, *, #3305, .F. ) ;
#7236 = EDGE_CURVE ( 'NONE', #5913, #7050, #3299, .T. ) ;
#7237 = CARTESIAN_POINT ( 'NONE',  ( -2.437831373677284752, 0.4228017965748430140, 0.1224999999999999978 ) ) ;
#7238 = DIRECTION ( 'NONE',  ( 1.000000000000000000, 0.000000000000000000, 0.000000000000000000 ) ) ;
#7239 = DIRECTION ( 'NONE',  ( 0.000000000000000000, 0.000000000000000000, -1.000000000000000000 ) ) ;
#7240 = CARTESIAN_POINT ( 'NONE',  ( -2.437831373677284752, 0.5524999999999999911, 0.7724999999999999645 ) ) ;
#7241 = CARTESIAN_POINT ( 'NONE',  ( -2.200000000000000178, 0.5524999999999999911, -2.072500000000000231 ) ) ;
#7242 = ORIENTED_EDGE ( 'NONE', *, *, #6907, .F. ) ;
#7243 = CARTESIAN_POINT ( 'NONE',  ( 2.200000000000000178, 0.6975000000000000089, -0.5274999999999999689 ) ) ;
#7244 = CARTESIAN_POINT ( 'NONE',  ( -2.742797124186769686, 0.2751789857617045199, 1.422499999999999876 ) ) ;
#7245 = EDGE_CURVE ( 'NONE', #5633, #1032, #720, .T. ) ;
#7246 = EDGE_CURVE ( 'NONE', #668, #2656, #4419, .T. ) ;
#7247 = DIRECTION ( 'NONE',  ( 0.000000000000000000, 0.000000000000000000, -1.000000000000000000 ) ) ;
#7248 = VECTOR ( 'NONE', #773, 1000.000000000000114 ) ;
#7249 = ORIENTED_EDGE ( 'NONE', *, *, #4642, .T. ) ;
#7250 = CARTESIAN_POINT ( 'NONE',  ( -2.437831373677284752, 0.6975000000000000089, 1.827499999999999902 ) ) ;
#7251 = DIRECTION ( 'NONE',  ( 0.000000000000000000, -1.000000000000000000, 0.000000000000000000 ) ) ;
#7252 =( BOUNDED_CURVE ( )  B_SPLINE_CURVE ( 3, ( #5055, #3261, #3624, #756 ),
 .UNSPECIFIED., .F., .F. ) 
 B_SPLINE_CURVE_WITH_KNOTS ( ( 4, 4 ),
 ( 3.141592653589795336, 3.156671784086269916 ),
 .UNSPECIFIED. ) 
 CURVE ( )  GEOMETRIC_REPRESENTATION_ITEM ( )  RATIONAL_B_SPLINE_CURVE ( ( 1.000000000000000000, 0.9999810517417160316, 0.9999810517417160316, 1.000000000000000000 ) ) 
 REPRESENTATION_ITEM ( '' )  );
#7253 = AXIS2_PLACEMENT_3D ( 'NONE', #2551, #4880, #789 ) ;
#7254 = ORIENTED_EDGE ( 'NONE', *, *, #4580, .T. ) ;
#7255 = DIRECTION ( 'NONE',  ( 0.000000000000000000, 0.000000000000000000, 1.000000000000000000 ) ) ;
#7256 = CARTESIAN_POINT ( 'NONE',  ( 2.200000000000000178, 0.5524999999999999911, 0.1224999999999999978 ) ) ;
#7257 = EDGE_LOOP ( 'NONE', ( #2902, #4409, #969, #377 ) ) ;
#7258 = DIRECTION ( 'NONE',  ( 8.673617379884039170E-17, 0.000000000000000000, 1.000000000000000000 ) ) ;
#7259 = AXIS2_PLACEMENT_3D ( 'NONE', #6985, #70, #6465 ) ;
#7260 = ADVANCED_FACE ( 'NONE', ( #363 ), #2125, .F. ) ;
#7261 = VERTEX_POINT ( 'NONE', #5376 ) ;
#7262 = ORIENTED_EDGE ( 'NONE', *, *, #825, .T. ) ;
#7263 = FACE_OUTER_BOUND ( 'NONE', #2138, .T. ) ;
#7264 = CARTESIAN_POINT ( 'NONE',  ( -2.861477631149734968, 0.1683185773129349805, -1.827499999999999902 ) ) ;
#7265 = VERTEX_POINT ( 'NONE', #3228 ) ;
#7266 = VECTOR ( 'NONE', #6731, 1000.000000000000114 ) ;
#7267 = FILL_AREA_STYLE_COLOUR ( '', #7172 ) ;
#7268 = DIRECTION ( 'NONE',  ( -1.000000000000000000, 0.000000000000000000, 0.000000000000000000 ) ) ;
#7269 = LINE ( 'NONE', #398, #1527 ) ;
#7270 = VECTOR ( 'NONE', #2988, 1000.000000000000114 ) ;
#7271 = CIRCLE ( 'NONE', #481, 0.2500000000000000000 ) ;
#7272 = AXIS2_PLACEMENT_3D ( 'NONE', #1954, #311, #2534 ) ;
#7273 = FACE_OUTER_BOUND ( 'NONE', #4931, .T. ) ;
#7274 = LINE ( 'NONE', #2079, #4435 ) ;
#7275 = CARTESIAN_POINT ( 'NONE',  ( -2.742797124186769686, 0.2751789857617045199, -0.5274999999999999689 ) ) ;
#7276 = CARTESIAN_POINT ( 'NONE',  ( -2.565559169962134956, 0.4453236532462965247, -1.177499999999999991 ) ) ;
#7277 = CARTESIAN_POINT ( 'NONE',  ( 2.045118427147115003, 1.000000000000000000, 2.345118427147114826 ) ) ;
#7278 = VERTEX_POINT ( 'NONE', #4849 ) ;
#7279 = LINE ( 'NONE', #5477, #6651 ) ;
#7280 = EDGE_CURVE ( 'NONE', #3507, #3274, #208, .T. ) ;
#7281 = EDGE_CURVE ( 'NONE', #1044, #1354, #2039, .T. ) ;
#7282 = ORIENTED_EDGE ( 'NONE', *, *, #2016, .T. ) ;
#7283 = DIRECTION ( 'NONE',  ( 0.000000000000000000, -1.000000000000000000, 0.000000000000000000 ) ) ;
#7284 = ORIENTED_EDGE ( 'NONE', *, *, #3712, .F. ) ;
#7285 = ORIENTED_EDGE ( 'NONE', *, *, #3091, .F. ) ;
#7286 = CARTESIAN_POINT ( 'NONE',  ( 2.708356294148904997, 0.4705026390080009890, 1.422499999999999876 ) ) ;
#7287 = ADVANCED_FACE ( 'NONE', ( #7107 ), #1124, .T. ) ;
#7288 = PLANE ( 'NONE',  #1251 ) ;
#7289 = ORIENTED_EDGE ( 'NONE', *, *, #1743, .T. ) ;
#7290 = CARTESIAN_POINT ( 'NONE',  ( 2.158688739809631940, 0.5475451589536791674, -2.499126327838411044 ) ) ;
#7291 = CARTESIAN_POINT ( 'NONE',  ( 2.045118427147115003, 0.2500000000000000000, -2.345118427147114826 ) ) ;
#7292 = VECTOR ( 'NONE', #4542, 1000.000000000000000 ) ;
#7293 = EDGE_LOOP ( 'NONE', ( #3360, #2523, #6690, #1576 ) ) ;
#7294 = CARTESIAN_POINT ( 'NONE',  ( -2.104401861300145171, 0.6637869376834120150, 2.404401861300144994 ) ) ;
#7295 = EDGE_LOOP ( 'NONE', ( #3140, #2655, #2140 ) ) ;
#7296 = FACE_OUTER_BOUND ( 'NONE', #2579, .T. ) ;
#7297 = ORIENTED_EDGE ( 'NONE', *, *, #2622, .T. ) ;
#7298 = AXIS2_PLACEMENT_3D ( 'NONE', #2793, #5201, #1697 ) ;
#7299 = CARTESIAN_POINT ( 'NONE',  ( 2.742797124186769686, 0.2751789857617050195, -0.5274999999999999689 ) ) ;
#7300 = AXIS2_PLACEMENT_3D ( 'NONE', #7139, #4732, #1966 ) ;
#7301 = ADVANCED_FACE ( 'NONE', ( #3457 ), #4078, .F. ) ;
#7302 = ORIENTED_EDGE ( 'NONE', *, *, #1797, .T. ) ;
#7303 = AXIS2_PLACEMENT_3D ( 'NONE', #4015, #3433, #2328 ) ;
#7304 = ORIENTED_EDGE ( 'NONE', *, *, #3225, .F. ) ;
#7305 = LINE ( 'NONE', #7343, #829 ) ;
#7306 = CARTESIAN_POINT ( 'NONE',  ( 2.851362942456834748, 0.02367179002526179771, 1.422499999999999876 ) ) ;
#7307 = VERTEX_POINT ( 'NONE', #7471 ) ;
#7308 = CARTESIAN_POINT ( 'NONE',  ( -2.565559169962134956, 0.4453236532462965247, 1.422499999999999876 ) ) ;
#7309 = DIRECTION ( 'NONE',  ( 0.000000000000000000, 0.000000000000000000, -1.000000000000000000 ) ) ;
#7310 = AXIS2_PLACEMENT_3D ( 'NONE', #5686, #7428, #470 ) ;
#7311 = EDGE_CURVE ( 'NONE', #5349, #2674, #6158, .T. ) ;
#7312 = AXIS2_PLACEMENT_3D ( 'NONE', #1738, #7427, #5768 ) ;
#7313 = CIRCLE ( 'NONE', #761, 0.1296982034251575044 ) ;
#7314 = VECTOR ( 'NONE', #3411, 999.9999999999998863 ) ;
#7315 = DIRECTION ( 'NONE',  ( 0.000000000000000000, 0.000000000000000000, -1.000000000000000000 ) ) ;
#7316 = CARTESIAN_POINT ( 'NONE',  ( -2.870524920471619890, 0.2977008424331585301, 0.5274999999999999689 ) ) ;
#7317 = DIRECTION ( 'NONE',  ( 0.000000000000000000, -1.000000000000000000, 0.000000000000000000 ) ) ;
#7318 = DIRECTION ( 'NONE',  ( 0.000000000000000000, 0.000000000000000000, -1.000000000000000000 ) ) ;
#7319 = DIRECTION ( 'NONE',  ( 1.000000000000000000, 4.558701216420150868E-16, 0.000000000000000000 ) ) ;
#7320 = ORIENTED_EDGE ( 'NONE', *, *, #7171, .T. ) ;
#7321 = VECTOR ( 'NONE', #2285, 1000.000000000000000 ) ;
#7322 =( GEOMETRIC_REPRESENTATION_CONTEXT ( 3 ) GLOBAL_UNCERTAINTY_ASSIGNED_CONTEXT ( ( #4232 ) ) GLOBAL_UNIT_ASSIGNED_CONTEXT ( ( #285, #777, #915 ) ) REPRESENTATION_CONTEXT ( 'NONE', 'WORKASPACE' ) );
#7323 = DIRECTION ( 'NONE',  ( 0.000000000000000000, 0.000000000000000000, -1.000000000000000000 ) ) ;
#7324 = VERTEX_POINT ( 'NONE', #6229 ) ;
#7325 = EDGE_LOOP ( 'NONE', ( #1921, #3870, #7166, #5236 ) ) ;
#7326 = CIRCLE ( 'NONE', #7094, 0.2746982034251563842 ) ;
#7327 = DIRECTION ( 'NONE',  ( 0.000000000000000000, 0.000000000000000000, -1.000000000000000000 ) ) ;
#7328 = LINE ( 'NONE', #2699, #6108 ) ;
#7329 = VERTEX_POINT ( 'NONE', #5254 ) ;
#7330 = EDGE_CURVE ( 'NONE', #2869, #1339, #3615, .T. ) ;
#7331 = ADVANCED_FACE ( 'NONE', ( #3962 ), #6800, .F. ) ;
#7332 = CARTESIAN_POINT ( 'NONE',  ( -2.870524920471619890, 0.2977008424331585301, 0.1224999999999999978 ) ) ;
#7333 = EDGE_CURVE ( 'NONE', #2660, #122, #4036, .T. ) ;
#7334 = CARTESIAN_POINT ( 'NONE',  ( -2.861477631149734968, 0.1683185773129349805, -1.177499999999999991 ) ) ;
#7335 = ADVANCED_FACE ( 'NONE', ( #6868 ), #2844, .F. ) ;
#7336 = ORIENTED_EDGE ( 'NONE', *, *, #1731, .F. ) ;
#7337 = DIRECTION ( 'NONE',  ( -1.000000000000000000, -5.926311581346190705E-15, 0.000000000000000000 ) ) ;
#7338 = ORIENTED_EDGE ( 'NONE', *, *, #7216, .T. ) ;
#7339 = CARTESIAN_POINT ( 'NONE',  ( -2.437831373677284752, 0.4228017965748430140, 0.7724999999999999645 ) ) ;
#7340 = ORIENTED_EDGE ( 'NONE', *, *, #6041, .T. ) ;
#7341 = CARTESIAN_POINT ( 'NONE',  ( 2.437831373677284752, 0.4228017965748430140, -0.7724999999999999645 ) ) ;
#7342 = ORIENTED_EDGE ( 'NONE', *, *, #1120, .F. ) ;
#7343 = CARTESIAN_POINT ( 'NONE',  ( -2.708356294148904997, 0.4705026390080009890, -0.7724999999999999645 ) ) ;
#7344 = DIRECTION ( 'NONE',  ( 0.1736481776669290544, -0.9848077530122083534, 0.000000000000000000 ) ) ;
#7345 = ORIENTED_EDGE ( 'NONE', *, *, #7058, .T. ) ;
#7346 = EDGE_CURVE ( 'NONE', #6563, #5292, #5728, .T. ) ;
#7347 = LINE ( 'NONE', #7308, #857 ) ;
#7348 = EDGE_CURVE ( 'NONE', #5598, #2382, #4575, .T. ) ;
#7349 = SPHERICAL_SURFACE ( 'NONE', #2187, 0.1000000000000000056 ) ;
#7350 = ADVANCED_FACE ( 'NONE', ( #7505 ), #3380, .F. ) ;
#7351 = DIRECTION ( 'NONE',  ( 1.000000000000000000, 0.000000000000000000, 0.000000000000000000 ) ) ;
#7352 = PLANE ( 'NONE',  #3087 ) ;
#7353 = DIRECTION ( 'NONE',  ( 0.000000000000000000, -1.000000000000000000, 0.000000000000000000 ) ) ;
#7354 = AXIS2_PLACEMENT_3D ( 'NONE', #2212, #6850, #1648 ) ;
#7355 = DIRECTION ( 'NONE',  ( -1.000000000000000000, 0.000000000000000000, 0.000000000000000000 ) ) ;
#7356 = CARTESIAN_POINT ( 'NONE',  ( 2.100000000000000089, 0.6975000000000000089, 2.500000000000000000 ) ) ;
#7357 = ORIENTED_EDGE ( 'NONE', *, *, #4026, .F. ) ;
#7358 = AXIS2_PLACEMENT_3D ( 'NONE', #6052, #3136, #5453 ) ;
#7359 = VECTOR ( 'NONE', #4586, 1000.000000000000000 ) ;
#7360 = EDGE_CURVE ( 'NONE', #3415, #2940, #6904, .T. ) ;
#7361 = DIRECTION ( 'NONE',  ( -1.000000000000000000, 2.279350608210070011E-15, 0.000000000000000000 ) ) ;
#7362 = LINE ( 'NONE', #2732, #1973 ) ;
#7363 = EDGE_LOOP ( 'NONE', ( #6775, #7426, #7147, #6740, #791, #994, #6398, #4585, #3876, #206, #4425, #4568 ) ) ;
#7364 = CARTESIAN_POINT ( 'NONE',  ( -2.200000000000000178, 0.6975000000000000089, -2.399999999999999911 ) ) ;
#7365 = DIRECTION ( 'NONE',  ( 0.000000000000000000, 0.000000000000000000, -1.000000000000000000 ) ) ;
#7366 = VERTEX_POINT ( 'NONE', #518 ) ;
#7367 = CARTESIAN_POINT ( 'NONE',  ( -2.861477631149734968, 0.1683185773129349805, 1.422499999999999876 ) ) ;
#7368 = DIRECTION ( 'NONE',  ( -0.06975647374411807211, 0.9975640502598247528, 0.000000000000000000 ) ) ;
#7369 = VERTEX_POINT ( 'NONE', #6344 ) ;
#7370 = DIRECTION ( 'NONE',  ( 1.000000000000000000, 4.558701216420150868E-16, 0.000000000000000000 ) ) ;
#7371 = PLANE ( 'NONE',  #6657 ) ;
#7372 = ORIENTED_EDGE ( 'NONE', *, *, #4168, .T. ) ;
#7373 = ADVANCED_FACE ( 'NONE', ( #2764 ), #5773, .F. ) ;
#7374 = CARTESIAN_POINT ( 'NONE',  ( 2.101005270604403563, 0.5524785077156445512, 2.499996210330387214 ) ) ;
#7375 = EDGE_CURVE ( 'NONE', #6494, #1283, #6510, .T. ) ;
#7376 = ORIENTED_EDGE ( 'NONE', *, *, #2293, .T. ) ;
#7377 = VERTEX_POINT ( 'NONE', #1165 ) ;
#7378 = ORIENTED_EDGE ( 'NONE', *, *, #2012, .T. ) ;
#7379 = DIRECTION ( 'NONE',  ( 0.000000000000000000, 0.000000000000000000, -1.000000000000000000 ) ) ;
#7380 = CYLINDRICAL_SURFACE ( 'NONE', #3455, 0.1296982034251575044 ) ;
#7381 = VERTEX_POINT ( 'NONE', #5088 ) ;
#7382 = FACE_OUTER_BOUND ( 'NONE', #4525, .T. ) ;
#7383 = ORIENTED_EDGE ( 'NONE', *, *, #921, .T. ) ;
#7384 = CLOSED_SHELL ( 'NONE', ( #5511, #2124, #1953, #5903, #3550, #700, #707, #783, #5219, #2239, #1872, #5054, #4171, #3303, #6402, #5783, #5093, #2514, #2524, #1928, #6592, #6659, #6879, #340, #979, #3931, #2895, #3166, #7287, #4008, #1999, #614, #4208, #302, #424, #524, #4951, #6046, #5012, #1347, #5711, #6296, #6485, #3638, #2341 ) ) ;
#7385 = ADVANCED_FACE ( 'NONE', ( #3493 ), #594, .F. ) ;
#7386 = EDGE_CURVE ( 'NONE', #6565, #1419, #1813, .T. ) ;
#7387 = ORIENTED_EDGE ( 'NONE', *, *, #5787, .T. ) ;
#7388 = DIRECTION ( 'NONE',  ( -0.1736481776669329125, -0.9848077530122075762, 0.000000000000000000 ) ) ;
#7389 = DIRECTION ( 'NONE',  ( -1.000000000000000000, 0.000000000000000000, 0.000000000000000000 ) ) ;
#7390 = CIRCLE ( 'NONE', #1209, 0.2746982034251563842 ) ;
#7391 = DIRECTION ( 'NONE',  ( 0.000000000000000000, 0.000000000000000000, -1.000000000000000000 ) ) ;
#7392 = DIRECTION ( 'NONE',  ( 0.000000000000000000, 0.000000000000000000, 1.000000000000000000 ) ) ;
#7393 = LINE ( 'NONE', #4505, #5698 ) ;
#7394 = ORIENTED_EDGE ( 'NONE', *, *, #571, .F. ) ;
#7395 = CIRCLE ( 'NONE', #4205, 0.1296982034251575044 ) ;
#7396 = ADVANCED_FACE ( 'NONE', ( #3074 ), #101, .F. ) ;
#7397 = EDGE_CURVE ( 'NONE', #6058, #3159, #2440, .T. ) ;
#7398 = AXIS2_PLACEMENT_3D ( 'NONE', #3452, #4070, #5769 ) ;
#7399 = EDGE_CURVE ( 'NONE', #6363, #3289, #67, .T. ) ;
#7400 = CARTESIAN_POINT ( 'NONE',  ( 2.437831373677284752, 0.4228017965748430140, 0.1224999999999999978 ) ) ;
#7401 = CARTESIAN_POINT ( 'NONE',  ( -3.200000000000000178, 0.1446467872876731897, 1.422499999999999876 ) ) ;
#7402 = VERTEX_POINT ( 'NONE', #190 ) ;
#7403 = EDGE_LOOP ( 'NONE', ( #2639, #1268, #1950, #4552 ) ) ;
#7404 = VECTOR ( 'NONE', #100, 1000.000000000000000 ) ;
#7405 = DIRECTION ( 'NONE',  ( -0.9848077530122083534, 0.1736481776669290544, 0.000000000000000000 ) ) ;
#7406 = EDGE_CURVE ( 'NONE', #2365, #1881, #6335, .T. ) ;
#7407 = CYLINDRICAL_SURFACE ( 'NONE', #1856, 0.1296982034251575044 ) ;
#7408 = ORIENTED_EDGE ( 'NONE', *, *, #4154, .F. ) ;
#7409 = CARTESIAN_POINT ( 'NONE',  ( -2.437831373677284752, 0.4228017965748430140, -1.422499999999999876 ) ) ;
#7410 = AXIS2_PLACEMENT_3D ( 'NONE', #1004, #2728, #5580 ) ;
#7411 = LINE ( 'NONE', #5152, #6571 ) ;
#7412 = ORIENTED_EDGE ( 'NONE', *, *, #2104, .F. ) ;
#7413 = FACE_OUTER_BOUND ( 'NONE', #1269, .T. ) ;
#7414 = LINE ( 'NONE', #1723, #2586 ) ;
#7415 = ORIENTED_EDGE ( 'NONE', *, *, #4247, .F. ) ;
#7416 = DIRECTION ( 'NONE',  ( -1.000000000000000000, 0.000000000000000000, 0.000000000000000000 ) ) ;
#7417 = ORIENTED_EDGE ( 'NONE', *, *, #938, .T. ) ;
#7418 = ORIENTED_EDGE ( 'NONE', *, *, #1638, .F. ) ;
#7419 = DIRECTION ( 'NONE',  ( 0.1736481776669290544, -0.9848077530122083534, 0.000000000000000000 ) ) ;
#7420 = AXIS2_PLACEMENT_3D ( 'NONE', #4709, #4212, #2405 ) ;
#7421 = ORIENTED_EDGE ( 'NONE', *, *, #3854, .F. ) ;
#7422 = PLANE ( 'NONE',  #7298 ) ;
#7423 = AXIS2_PLACEMENT_3D ( 'NONE', #2580, #2719, #7268 ) ;
#7424 = FACE_OUTER_BOUND ( 'NONE', #4792, .T. ) ;
#7425 = VECTOR ( 'NONE', #110, 1000.000000000000000 ) ;
#7426 = ORIENTED_EDGE ( 'NONE', *, *, #1315, .T. ) ;
#7427 = DIRECTION ( 'NONE',  ( 0.9848077530122081313, -0.1736481776669305255, -2.562553692711366428E-16 ) ) ;
#7428 = DIRECTION ( 'NONE',  ( 0.000000000000000000, 0.000000000000000000, 1.000000000000000000 ) ) ;
#7429 = AXIS2_PLACEMENT_3D ( 'NONE', #2438, #5976, #4167 ) ;
#7430 = CIRCLE ( 'NONE', #2463, 0.1296982034251575044 ) ;
#7431 = AXIS2_PLACEMENT_3D ( 'NONE', #7062, #1858, #7101 ) ;
#7432 = VECTOR ( 'NONE', #6050, 1000.000000000000000 ) ;
#7433 = DIRECTION ( 'NONE',  ( 0.000000000000000000, 0.000000000000000000, -1.000000000000000000 ) ) ;
#7434 = DIRECTION ( 'NONE',  ( 1.000000000000000000, 0.000000000000000000, 0.000000000000000000 ) ) ;
#7435 = PLANE ( 'NONE',  #117 ) ;
#7436 = EDGE_CURVE ( 'NONE', #4796, #4861, #1926, .T. ) ;
#7437 = ORIENTED_EDGE ( 'NONE', *, *, #2006, .T. ) ;
#7438 = STYLED_ITEM ( 'NONE', ( #1002 ), #1143 ) ;
#7439 = STYLED_ITEM ( 'NONE', ( #403 ), #6263 ) ;
#7440 = LINE ( 'NONE', #484, #2454 ) ;
#7441 = VERTEX_POINT ( 'NONE', #4801 ) ;
#7442 = DIRECTION ( 'NONE',  ( 0.000000000000000000, 0.000000000000000000, -1.000000000000000000 ) ) ;
#7443 = ORIENTED_EDGE ( 'NONE', *, *, #6705, .T. ) ;
#7444 = PRESENTATION_LAYER_ASSIGNMENT (  '', '', ( #2477 ) ) ;
#7445 = VECTOR ( 'NONE', #7433, 1000.000000000000000 ) ;
#7446 = EDGE_CURVE ( 'NONE', #4558, #1354, #6460, .T. ) ;
#7447 = DIRECTION ( 'NONE',  ( 1.000000000000000000, 0.000000000000000000, 0.000000000000000000 ) ) ;
#7448 = ORIENTED_EDGE ( 'NONE', *, *, #415, .F. ) ;
#7449 = FACE_OUTER_BOUND ( 'NONE', #559, .T. ) ;
#7450 = EDGE_CURVE ( 'NONE', #639, #4763, #2458, .T. ) ;
#7451 = DIRECTION ( 'NONE',  ( 0.000000000000000000, 0.000000000000000000, 1.000000000000000000 ) ) ;
#7452 = CARTESIAN_POINT ( 'NONE',  ( -2.851362942456834748, 0.02367179002526179771, 2.072500000000000231 ) ) ;
#7453 = VERTEX_POINT ( 'NONE', #5398 ) ;
#7454 = CARTESIAN_POINT ( 'NONE',  ( 2.870524920471619890, 0.2977008424331585301, -0.5274999999999999689 ) ) ;
#7455 = CARTESIAN_POINT ( 'NONE',  ( 2.708356294148904997, 0.4705026390080009890, 1.177499999999999991 ) ) ;
#7456 = AXIS2_PLACEMENT_3D ( 'NONE', #6295, #5162, #2232 ) ;
#7457 = DIRECTION ( 'NONE',  ( -1.000000000000000000, 2.279350608210075138E-15, 0.000000000000000000 ) ) ;
#7458 = VERTEX_POINT ( 'NONE', #1851 ) ;
#7459 = EDGE_CURVE ( 'NONE', #1194, #1922, #1243, .T. ) ;
#7460 = DIRECTION ( 'NONE',  ( -1.000000000000000000, 0.000000000000000000, 0.000000000000000000 ) ) ;
#7461 = FACE_OUTER_BOUND ( 'NONE', #4545, .T. ) ;
#7462 = ORIENTED_EDGE ( 'NONE', *, *, #1293, .T. ) ;
#7463 = ORIENTED_EDGE ( 'NONE', *, *, #2155, .T. ) ;
#7464 = LINE ( 'NONE', #7498, #5858 ) ;
#7465 = FILL_AREA_STYLE ('',( #2834 ) ) ;
#7466 = ORIENTED_EDGE ( 'NONE', *, *, #1519, .F. ) ;
#7467 = CYLINDRICAL_SURFACE ( 'NONE', #1129, 0.2746982034251559401 ) ;
#7468 = DIRECTION ( 'NONE',  ( 0.06975647374411807211, 0.9975640502598247528, 0.000000000000000000 ) ) ;
#7469 = DIRECTION ( 'NONE',  ( -1.000000000000000000, 0.000000000000000000, 0.000000000000000000 ) ) ;
#7470 = LINE ( 'NONE', #2274, #531 ) ;
#7471 = CARTESIAN_POINT ( 'NONE',  ( 2.565559169962134956, 0.4453236532462965247, -1.177499999999999991 ) ) ;
#7472 = LINE ( 'NONE', #2351, #145 ) ;
#7473 = CARTESIAN_POINT ( 'NONE',  ( -3.189885311307104843, 9.629649721936179265E-32, -1.177499999999999991 ) ) ;
#7474 = ORIENTED_EDGE ( 'NONE', *, *, #5084, .T. ) ;
#7475 = EDGE_CURVE ( 'NONE', #6639, #1989, #1890, .T. ) ;
#7476 = CYLINDRICAL_SURFACE ( 'NONE', #1487, 0.2746982034251567728 ) ;
#7477 = LINE ( 'NONE', #5818, #5611 ) ;
#7478 = EDGE_LOOP ( 'NONE', ( #626, #3269, #3895, #7474 ) ) ;
#7479 = DIRECTION ( 'NONE',  ( 0.06975647374411807211, 0.9975640502598247528, 0.000000000000000000 ) ) ;
#7480 = AXIS2_PLACEMENT_3D ( 'NONE', #3471, #573, #2324 ) ;
#7481 = AXIS2_PLACEMENT_3D ( 'NONE', #3580, #3008, #4157 ) ;
#7482 = ORIENTED_EDGE ( 'NONE', *, *, #5404, .F. ) ;
#7483 = EDGE_CURVE ( 'NONE', #3103, #617, #6982, .T. ) ;
#7484 = EDGE_CURVE ( 'NONE', #2674, #2652, #4267, .T. ) ;
#7485 = EDGE_CURVE ( 'NONE', #5661, #5491, #5432, .T. ) ;
#7486 =( NAMED_UNIT ( * ) SI_UNIT ( $, .STERADIAN. ) SOLID_ANGLE_UNIT ( ) );
#7487 = CARTESIAN_POINT ( 'NONE',  ( 2.200000000000000178, 0.6975000000000000089, 2.072500000000000231 ) ) ;
#7488 = LINE ( 'NONE', #5668, #6315 ) ;
#7489 = ORIENTED_EDGE ( 'NONE', *, *, #1744, .T. ) ;
#7490 = DIRECTION ( 'NONE',  ( 0.000000000000000000, 0.1736481776669305532, 0.9848077530122080203 ) ) ;
#7491 = DIRECTION ( 'NONE',  ( 0.000000000000000000, 0.000000000000000000, -1.000000000000000000 ) ) ;
#7492 = DIRECTION ( 'NONE',  ( -1.000000000000000000, 0.000000000000000000, 1.971276677246369793E-16 ) ) ;
#7493 = ORIENTED_EDGE ( 'NONE', *, *, #2698, .F. ) ;
#7494 = VERTEX_POINT ( 'NONE', #3644 ) ;
#7495 = DIRECTION ( 'NONE',  ( 0.000000000000000000, 0.000000000000000000, -1.000000000000000000 ) ) ;
#7496 = CARTESIAN_POINT ( 'NONE',  ( -2.600000000000000089, 0.2500000000000000000, -1.827499999999999902 ) ) ;
#7497 = ORIENTED_EDGE ( 'NONE', *, *, #1636, .F. ) ;
#7498 = CARTESIAN_POINT ( 'NONE',  ( 2.708356294148904997, 0.4705026390080009890, 1.422499999999999876 ) ) ;
#7499 = CARTESIAN_POINT ( 'NONE',  ( -2.565559169962134956, 0.4453236532462965247, 2.072500000000000231 ) ) ;
#7500 = DIRECTION ( 'NONE',  ( -0.1736481776669329125, -0.9848077530122075762, 0.000000000000000000 ) ) ;
#7501 = DIRECTION ( 'NONE',  ( 0.000000000000000000, 0.000000000000000000, 1.000000000000000000 ) ) ;
#7502 = EDGE_CURVE ( 'NONE', #5568, #7458, #223, .T. ) ;
#7503 = DIRECTION ( 'NONE',  ( 0.000000000000000000, 0.000000000000000000, -1.000000000000000000 ) ) ;
#7504 = LINE ( 'NONE', #2309, #4196 ) ;
#7505 = FACE_OUTER_BOUND ( 'NONE', #3716, .T. ) ;
#7506 = DIRECTION ( 'NONE',  ( -1.000000000000000000, 2.279350608210075138E-15, 0.000000000000000000 ) ) ;
#7507 = CARTESIAN_POINT ( 'NONE',  ( -2.851362942456834748, 0.02367179002526179771, 2.072500000000000231 ) ) ;
#7508 = ORIENTED_EDGE ( 'NONE', *, *, #3614, .F. ) ;
#7509 = APPLICATION_CONTEXT ( 'automotive_design' ) ;
#7510 = DIRECTION ( 'NONE',  ( -1.000000000000000000, 0.000000000000000000, 0.000000000000000000 ) ) ;
#7511 = CARTESIAN_POINT ( 'NONE',  ( -2.437831373677284752, 0.4228017965748430140, 1.827499999999999902 ) ) ;
#7512 = ORIENTED_EDGE ( 'NONE', *, *, #5268, .T. ) ;
#7513 = AXIS2_PLACEMENT_3D ( 'NONE', #5470, #4194, #7169 ) ;
#7514 = ADVANCED_FACE ( 'NONE', ( #1318 ), #6424, .F. ) ;
#7515 = CARTESIAN_POINT ( 'NONE',  ( -2.861477631149734968, 0.1683185773129349805, -2.072500000000000231 ) ) ;
#7516 = AXIS2_PLACEMENT_3D ( 'NONE', #814, #1464, #4900 ) ;
#7517 = ORIENTED_EDGE ( 'NONE', *, *, #6330, .F. ) ;
#7518 = ORIENTED_EDGE ( 'NONE', *, *, #7485, .T. ) ;
#7519 = VECTOR ( 'NONE', #5369, 1000.000000000000000 ) ;
#7520 = CIRCLE ( 'NONE', #5591, 0.09999999999999997780 ) ;
#7521 = FILL_AREA_STYLE ('',( #3427 ) ) ;
#7522 = CARTESIAN_POINT ( 'NONE',  ( -2.200000000000000178, 0.6975000000000000089, -1.827499999999999902 ) ) ;
#7523 = CARTESIAN_POINT ( 'NONE',  ( 2.742797124186769686, 0.2751789857617050195, 1.827499999999999902 ) ) ;
ENDSEC;
END-ISO-10303-21;
